index,timestamp,org,persona,category,asset,tool,status,args,output,run_id,synthetic
1,2026-08-06T14:00:01,calendar_aurora,scale@calendar_aurora,SCALE,calendar-directory,list-calendars,OK,{},"{""calendars"":[{""id"":""test1mcpsserver@gmail.com"",""summary"":""test1mcpsserver@gmail.com"",""timeZone"":""Asia/Jerusalem"",""colorId"":""14"",""backgroundColor"":""#9fe1e7"",""foregroundColor"":""#000000"",""selected"":true,""accessRole"":""owner"",""defaultReminders"":[{""method"":""popup"",""minutes"":30}],""notificationSettings"":{""notifications"":[{""type"":""eventCreation"",""method"":""email""},{""type"":""eventChange"",""method"":""email""},{""type"":""eventCancellation"",""method"":""email""},{""type"":""eventResponse"",""method"":""email""}]},""primary"":true,""conferenceProperties"":{""allowedConferenceSolutionTypes"":[""hangoutsMeet""]}},{""id"":""en.jewish#holiday@group.v.calendar.google.com"",""summary"":""Holidays in Israel"",""description"":""Holidays and Observances in Israel"",""timeZone"":""Asia/Jerusalem"",""colorId"":""8"",""backgroundColor"":""#16a765"",""foregroundColor"":""#000000"",""selected"":true,""accessRole"":""reader"",""defaultReminders"":[],""conferenceProperties"":{""allowedConferenceSolutionTypes"":[""hangoutsMeet""]}},{""id"":""7cfda9476d8bd30666c190ac4823aca48bdf9b2022380825d704e8ef5867e24d@group.calendar.google.com"",""summary"":""Aurora Airways — Executive"",""description"":""Officer schedule: board, fleet-order and route-launch meetings"",""timeZone"":""Europe/London"",""colorId"":""2"",""backgroundColor"":""#d06b64"",""foregroundColor"":""#000000"",""selected"":true,""accessRole"":""owner"",""defaultReminders"":[],""conferenceProperties"":{""allowedConferenceSolutionTypes"":[""hangoutsMeet""]}},{""id"":""79001a05150868580a9ec5f018cd17fcc4f19b738f901988b85c9a5aa594c89a@group.calendar.google.com"",""su",v8_scale,false
2,2026-08-06T14:00:02,calendar_aurora,scale@calendar_aurora,SCALE,color-catalog,list-colors,OK,{},"{""event"":{""1"":{""background"":""#a4bdfc"",""foreground"":""#1d1d1d""},""2"":{""background"":""#7ae7bf"",""foreground"":""#1d1d1d""},""3"":{""background"":""#dbadff"",""foreground"":""#1d1d1d""},""4"":{""background"":""#ff887c"",""foreground"":""#1d1d1d""},""5"":{""background"":""#fbd75b"",""foreground"":""#1d1d1d""},""6"":{""background"":""#ffb878"",""foreground"":""#1d1d1d""},""7"":{""background"":""#46d6db"",""foreground"":""#1d1d1d""},""8"":{""background"":""#e1e1e1"",""foreground"":""#1d1d1d""},""9"":{""background"":""#5484ed"",""foreground"":""#1d1d1d""},""10"":{""background"":""#51b749"",""foreground"":""#1d1d1d""},""11"":{""background"":""#dc2127"",""foreground"":""#1d1d1d""}},""calendar"":{""1"":{""background"":""#ac725e"",""foreground"":""#1d1d1d""},""2"":{""background"":""#d06b64"",""foreground"":""#1d1d1d""},""3"":{""background"":""#f83a22"",""foreground"":""#1d1d1d""},""4"":{""background"":""#fa573c"",""foreground"":""#1d1d1d""},""5"":{""background"":""#ff7537"",""foreground"":""#1d1d1d""},""6"":{""background"":""#ffad46"",""foreground"":""#1d1d1d""},""7"":{""background"":""#42d692"",""foreground"":""#1d1d1d""},""8"":{""background"":""#16a765"",""foreground"":""#1d1d1d""},""9"":{""background"":""#7bd148"",""foreground"":""#1d1d1d""},""10"":{""background"":""#b3dc6c"",""foreground"":""#1d1d1d""},""11"":{""background"":""#fbe983"",""foreground"":""#1d1d1d""},""12"":{""background"":""#fad165"",""foreground"":""#1d1d1d""},""13"":{""background"":""#92e1c0"",""foreground"":""#1d1d1d""},""14"":{""background"":""#9fe1e7"",""foreground"":""#1d1d1d""},""15"":{""background"":""#9fc6e7"",""foreground"":""#1d1d1d""},""16"":{""background"":""#4986e7"",""foreground"":""#1d1d1d""},""17"":{""background"":""#9a9cff"",""foreground"":""#1d1d1d""},""18"":{""back",v8_scale,false
3,2026-08-06T14:00:03,calendar_aurora,scale@calendar_aurora,SCALE,account-directory,manage-accounts,OK,"{""action"": ""list""}","{
  ""accounts"": [
    {
      ""account_id"": ""normal"",
      ""status"": ""active"",
      ""email"": ""test1mcpsserver@gmail.com"",
      ""calendar_count"": 17,
      ""primary_calendar"": {
        ""id"": ""test1mcpsserver@gmail.com"",
        ""name"": ""test1mcpsserver@gmail.com"",
        ""timezone"": ""Asia/Jerusalem""
      },
      ""token_expiry"": ""2026-08-06T11:30:18.130Z""
    }
  ],
  ""total_accounts"": 1,
  ""message"": ""Found 1 authenticated account(s)""
}",v8_scale,false
4,2026-08-06T14:00:04,calendar_aurora,scale@calendar_aurora,SCALE,aurora-team,create-event,OK,"{""calendarId"": ""071832f5fc964d815028bbf5cb4739b2a01c65aa34d3ef1ddb8b7df68c89cb61@group.calendar.google.com"", ""summary"": ""[mcp-v8-scale] probe 2026-12-20"", ""start"": ""2026-12-20T10:00:00"", ""end"": ""2026-12-20T10:15:00"", ""timeZone"": ""Europe/London"", ""sendUpdates"": ""none""}","{""event"":{""id"":""0tnkrslrhn56n5pm9b76fqcmco"",""summary"":""[mcp-v8-scale] probe 2026-12-20"",""start"":{""dateTime"":""2026-12-20T10:00:00Z"",""timeZone"":""Europe/London""},""end"":{""dateTime"":""2026-12-20T10:15:00Z"",""timeZone"":""Europe/London""},""startDayOfWeek"":""Sunday"",""endDayOfWeek"":""Sunday"",""status"":""confirmed"",""htmlLink"":""https://www.google.com/calendar/event?eid=MHRua3JzbHJobjU2bjVwbTliNzZmcWNtY28gMDcxODMyZjVmYzk2NGQ4MTUwMjhiYmY1Y2I0NzM5YjJhMDFjNjVhYTM0ZDNlZjFkZGI4YjdkZjY4Yzg5Y2I2MUBn"",""created"":""2026-08-06T11:18:35.000Z"",""updated"":""2026-08-06T11:18:36.011Z"",""creator"":{""email"":""test1mcpsserver@gmail.com""},""organizer"":{""email"":""071832f5fc964d815028bbf5cb4739b2a01c65aa34d3ef1ddb8b7df68c89cb61@group.calendar.google.com"",""displayName"":""Aurora Airways — Ops Team"",""self"":true},""iCalUID"":""0tnkrslrhn56n5pm9b76fqcmco@google.com"",""sequence"":0,""reminders"":{""useDefault"":true},""eventType"":""default"",""calendarId"":""071832f5fc964d815028bbf5cb4739b2a01c65aa34d3ef1ddb8b7df68c89cb61@group.calendar.google.com"",""accountId"":""normal""},""conflicts"":[{""event"":{""id"":""6cesng084dnddjlj780gm95e3k"",""title"":""[mcp-v8-scale] updated"",""start"":""2026-12-20T10:00:00Z"",""end"":""2026-12-20T10:15:00Z"",""url"":""https://www.google.com/calendar/event?eid=NmNlc25nMDg0ZG5kZGpsajc4MGdtOTVlM2sgMDcxODMyZjVmYzk2NGQ4MTUwMjhiYmY1Y2I0NzM5YjJhMDFjNjVhYTM0ZDNlZjFkZGI4YjdkZjY4Yzg5Y2I2MUBn&ctz=Europe/London""},""calendar"":""071832f5fc964d815028bbf5cb4739b2a01c65aa34d3ef1ddb8b7df68c89cb61@group.calendar.google.com"",""overlap"":{""duration"":""15 minutes"",""p",v8_scale,false
5,2026-08-06T14:00:05,calendar_aurora,scale@calendar_aurora,SCALE,aurora-team,create-event,OK,"{""calendarId"": ""071832f5fc964d815028bbf5cb4739b2a01c65aa34d3ef1ddb8b7df68c89cb61@group.calendar.google.com"", ""summary"": ""[mcp-v8-scale] probe 2026-12-21"", ""start"": ""2026-12-21T10:00:00"", ""end"": ""2026-12-21T10:15:00"", ""timeZone"": ""Europe/London"", ""sendUpdates"": ""none""}","{""event"":{""id"":""5c4vi180j8dpp8aostp89dv98c"",""summary"":""[mcp-v8-scale] probe 2026-12-21"",""start"":{""dateTime"":""2026-12-21T10:00:00Z"",""timeZone"":""Europe/London""},""end"":{""dateTime"":""2026-12-21T10:15:00Z"",""timeZone"":""Europe/London""},""startDayOfWeek"":""Monday"",""endDayOfWeek"":""Monday"",""status"":""confirmed"",""htmlLink"":""https://www.google.com/calendar/event?eid=NWM0dmkxODBqOGRwcDhhb3N0cDg5ZHY5OGMgMDcxODMyZjVmYzk2NGQ4MTUwMjhiYmY1Y2I0NzM5YjJhMDFjNjVhYTM0ZDNlZjFkZGI4YjdkZjY4Yzg5Y2I2MUBn"",""created"":""2026-08-06T11:18:36.000Z"",""updated"":""2026-08-06T11:18:36.739Z"",""creator"":{""email"":""test1mcpsserver@gmail.com""},""organizer"":{""email"":""071832f5fc964d815028bbf5cb4739b2a01c65aa34d3ef1ddb8b7df68c89cb61@group.calendar.google.com"",""displayName"":""Aurora Airways — Ops Team"",""self"":true},""iCalUID"":""5c4vi180j8dpp8aostp89dv98c@google.com"",""sequence"":0,""reminders"":{""useDefault"":true},""eventType"":""default"",""calendarId"":""071832f5fc964d815028bbf5cb4739b2a01c65aa34d3ef1ddb8b7df68c89cb61@group.calendar.google.com"",""accountId"":""normal""},""conflicts"":[{""event"":{""id"":""vkcp7rpc00o3a3lvvui5f3hah8"",""title"":""[mcp-v8-scale] updated"",""start"":""2026-12-21T10:00:00Z"",""end"":""2026-12-21T10:15:00Z"",""url"":""https://www.google.com/calendar/event?eid=dmtjcDdycGMwMG8zYTNsdnZ1aTVmM2hhaDggMDcxODMyZjVmYzk2NGQ4MTUwMjhiYmY1Y2I0NzM5YjJhMDFjNjVhYTM0ZDNlZjFkZGI4YjdkZjY4Yzg5Y2I2MUBn&ctz=Europe/London""},""calendar"":""071832f5fc964d815028bbf5cb4739b2a01c65aa34d3ef1ddb8b7df68c89cb61@group.calendar.google.com"",""overlap"":{""duration"":""15 minutes"",""p",v8_scale,false
6,2026-08-06T14:00:06,calendar_aurora,scale@calendar_aurora,SCALE,aurora-team,create-event,ERROR,"{""calendarId"": ""071832f5fc964d815028bbf5cb4739b2a01c65aa34d3ef1ddb8b7df68c89cb61@group.calendar.google.com"", ""summary"": ""[mcp-v8-scale] probe 2026-12-22"", ""start"": ""2026-12-22T10:00:00"", ""end"": ""2026-12-22T10:15:00"", ""timeZone"": ""Europe/London"", ""sendUpdates"": ""none""}","Duplicate event detected (95% similar). Event ""[mcp-v8-scale] probe 2026-12-22"" already exists. To create anyway, set allowDuplicates to true.",v8_scale,false
7,2026-08-06T14:00:07,calendar_aurora,scale@calendar_aurora,SCALE,event-records,create-events,OK,"{""calendarId"": ""071832f5fc964d815028bbf5cb4739b2a01c65aa34d3ef1ddb8b7df68c89cb61@group.calendar.google.com"", ""sendUpdates"": ""none"", ""events"": [{""summary"": ""[mcp-v8-scale] bulk"", ""start"": ""2026-12-23T10:00:00"", ""end"": ""2026-12-23T10:15:00"", ""timeZone"": ""Europe/London""}]}","{""totalRequested"":1,""totalCreated"":1,""totalFailed"":0,""created"":[{""id"":""7hbfk32igil7cs3m60vch7geog"",""summary"":""[mcp-v8-scale] bulk"",""start"":{""dateTime"":""2026-12-23T10:00:00Z"",""timeZone"":""Europe/London""},""end"":{""dateTime"":""2026-12-23T10:15:00Z"",""timeZone"":""Europe/London""},""startDayOfWeek"":""Wednesday"",""endDayOfWeek"":""Wednesday"",""status"":""confirmed"",""htmlLink"":""https://www.google.com/calendar/event?eid=N2hiZmszMmlnaWw3Y3MzbTYwdmNoN2dlb2cgMDcxODMyZjVmYzk2NGQ4MTUwMjhiYmY1Y2I0NzM5YjJhMDFjNjVhYTM0ZDNlZjFkZGI4YjdkZjY4Yzg5Y2I2MUBn"",""created"":""2026-08-06T11:18:37.000Z"",""updated"":""2026-08-06T11:18:37.859Z"",""creator"":{""email"":""test1mcpsserver@gmail.com""},""organizer"":{""email"":""071832f5fc964d815028bbf5cb4739b2a01c65aa34d3ef1ddb8b7df68c89cb61@group.calendar.google.com"",""displayName"":""Aurora Airways — Ops Team"",""self"":true},""iCalUID"":""7hbfk32igil7cs3m60vch7geog@google.com"",""sequence"":0,""reminders"":{""useDefault"":true},""eventType"":""default"",""calendarId"":""071832f5fc964d815028bbf5cb4739b2a01c65aa34d3ef1ddb8b7df68c89cb61@group.calendar.google.com"",""accountId"":""normal""}]}",v8_scale,false
8,2026-08-06T14:00:08,calendar_aurora,scale@calendar_aurora,SCALE,aurora-team,update-event,OK,"{""calendarId"": ""071832f5fc964d815028bbf5cb4739b2a01c65aa34d3ef1ddb8b7df68c89cb61@group.calendar.google.com"", ""eventId"": ""0tnkrslrhn56n5pm9b76fqcmco"", ""summary"": ""[mcp-v8-scale] updated"", ""sendUpdates"": ""none""}","{""event"":{""id"":""0tnkrslrhn56n5pm9b76fqcmco"",""summary"":""[mcp-v8-scale] updated"",""start"":{""dateTime"":""2026-12-20T10:00:00Z"",""timeZone"":""Europe/London""},""end"":{""dateTime"":""2026-12-20T10:15:00Z"",""timeZone"":""Europe/London""},""startDayOfWeek"":""Sunday"",""endDayOfWeek"":""Sunday"",""status"":""confirmed"",""htmlLink"":""https://www.google.com/calendar/event?eid=MHRua3JzbHJobjU2bjVwbTliNzZmcWNtY28gMDcxODMyZjVmYzk2NGQ4MTUwMjhiYmY1Y2I0NzM5YjJhMDFjNjVhYTM0ZDNlZjFkZGI4YjdkZjY4Yzg5Y2I2MUBn"",""created"":""2026-08-06T11:18:35.000Z"",""updated"":""2026-08-06T11:18:39.097Z"",""creator"":{""email"":""test1mcpsserver@gmail.com""},""organizer"":{""email"":""071832f5fc964d815028bbf5cb4739b2a01c65aa34d3ef1ddb8b7df68c89cb61@group.calendar.google.com"",""displayName"":""Aurora Airways — Ops Team"",""self"":true},""iCalUID"":""0tnkrslrhn56n5pm9b76fqcmco@google.com"",""sequence"":0,""reminders"":{""useDefault"":true},""eventType"":""default"",""calendarId"":""071832f5fc964d815028bbf5cb4739b2a01c65aa34d3ef1ddb8b7df68c89cb61@group.calendar.google.com"",""accountId"":""normal""}}",v8_scale,false
9,2026-08-06T14:00:09,calendar_aurora,scale@calendar_aurora,SCALE,rsvp-state,respond-to-event,ERROR,"{""calendarId"": ""071832f5fc964d815028bbf5cb4739b2a01c65aa34d3ef1ddb8b7df68c89cb61@group.calendar.google.com"", ""eventId"": ""0tnkrslrhn56n5pm9b76fqcmco"", ""response"": ""accepted""}",MCP error -32603: Internal error: You are not an attendee of this event. Only attendees can respond to event invitations.,v8_scale,false
10,2026-08-06T14:00:10,calendar_aurora,scale@calendar_aurora,SCALE,aurora-team,update-event,OK,"{""calendarId"": ""071832f5fc964d815028bbf5cb4739b2a01c65aa34d3ef1ddb8b7df68c89cb61@group.calendar.google.com"", ""eventId"": ""5c4vi180j8dpp8aostp89dv98c"", ""summary"": ""[mcp-v8-scale] updated"", ""sendUpdates"": ""none""}","{""event"":{""id"":""5c4vi180j8dpp8aostp89dv98c"",""summary"":""[mcp-v8-scale] updated"",""start"":{""dateTime"":""2026-12-21T10:00:00Z"",""timeZone"":""Europe/London""},""end"":{""dateTime"":""2026-12-21T10:15:00Z"",""timeZone"":""Europe/London""},""startDayOfWeek"":""Monday"",""endDayOfWeek"":""Monday"",""status"":""confirmed"",""htmlLink"":""https://www.google.com/calendar/event?eid=NWM0dmkxODBqOGRwcDhhb3N0cDg5ZHY5OGMgMDcxODMyZjVmYzk2NGQ4MTUwMjhiYmY1Y2I0NzM5YjJhMDFjNjVhYTM0ZDNlZjFkZGI4YjdkZjY4Yzg5Y2I2MUBn"",""created"":""2026-08-06T11:18:36.000Z"",""updated"":""2026-08-06T11:18:40.909Z"",""creator"":{""email"":""test1mcpsserver@gmail.com""},""organizer"":{""email"":""071832f5fc964d815028bbf5cb4739b2a01c65aa34d3ef1ddb8b7df68c89cb61@group.calendar.google.com"",""displayName"":""Aurora Airways — Ops Team"",""self"":true},""iCalUID"":""5c4vi180j8dpp8aostp89dv98c@google.com"",""sequence"":0,""reminders"":{""useDefault"":true},""eventType"":""default"",""calendarId"":""071832f5fc964d815028bbf5cb4739b2a01c65aa34d3ef1ddb8b7df68c89cb61@group.calendar.google.com"",""accountId"":""normal""}}",v8_scale,false
11,2026-08-06T14:00:11,calendar_aurora,scale@calendar_aurora,SCALE,rsvp-state,respond-to-event,ERROR,"{""calendarId"": ""071832f5fc964d815028bbf5cb4739b2a01c65aa34d3ef1ddb8b7df68c89cb61@group.calendar.google.com"", ""eventId"": ""5c4vi180j8dpp8aostp89dv98c"", ""response"": ""accepted""}",MCP error -32603: Internal error: You are not an attendee of this event. Only attendees can respond to event invitations.,v8_scale,false
12,2026-08-06T14:00:12,calendar_aurora,scale@calendar_aurora,SCALE,holidays,list-events,OK,"{""calendarId"": ""en.jewish#holiday@group.v.calendar.google.com"", ""timeMin"": ""2026-08-01T00:00:00Z"", ""timeMax"": ""2026-10-01T00:00:00Z""}","{""events"":[{""id"":""20260825_3991leq0pgsue489ugg6i7rsp8"",""summary"":""Prophet's Birthday Eve (tentative)"",""description"":""Observance\nTo hide observances, go to Google Calendar Settings > Holidays in Israel\nDate is tentative and may change."",""start"":{""date"":""2026-08-25""},""end"":{""date"":""2026-08-26""},""startDayOfWeek"":""Tuesday"",""endDayOfWeek"":""Wednesday"",""status"":""confirmed"",""htmlLink"":""https://www.google.com/calendar/event?eid=MjAyNjA4MjVfMzk5MWxlcTBwZ3N1ZTQ4OXVnZzZpN3JzcDggZW4uamV3aXNoI2hvbGlkYXlAdg"",""created"":""2025-11-22T08:00:11.000Z"",""updated"":""2025-11-22T08:00:11.748Z"",""creator"":{""email"":""en.jewish#holiday@group.v.calendar.google.com"",""displayName"":""Holidays in Israel"",""self"":true},""organizer"":{""email"":""en.jewish#holiday@group.v.calendar.google.com"",""displayName"":""Holidays in Israel"",""self"":true},""transparency"":""transparent"",""visibility"":""public"",""iCalUID"":""20260825_3991leq0pgsue489ugg6i7rsp8@google.com"",""sequence"":0,""eventType"":""default"",""calendarId"":""en.jewish#holiday@group.v.calendar.google.com"",""accountId"":""normal""},{""id"":""20260826_pfca3kg83b76p5sdi6u12invak"",""summary"":""Prophet's Birthday (tentative)"",""description"":""Observance\nTo hide observances, go to Google Calendar Settings > Holidays in Israel\nDate is tentative and may change."",""start"":{""date"":""2026-08-26""},""end"":{""date"":""2026-08-27""},""startDayOfWeek"":""Wednesday"",""endDayOfWeek"":""Thursday"",""status"":""confirmed"",""htmlLink"":""https://www.google.com/calendar/event?eid=MjAyNjA4MjZfcGZjYTNrZzgzYjc2cDVzZGk2dTEyaW52YWsgZW4uam",v8_scale,false
13,2026-08-06T14:00:13,calendar_aurora,scale@calendar_aurora,SCALE,holidays,search-events,OK,"{""calendarId"": ""en.jewish#holiday@group.v.calendar.google.com"", ""query"": ""review"", ""timeMin"": ""2026-08-01T00:00:00Z"", ""timeMax"": ""2026-10-01T00:00:00Z""}","{""events"":[],""totalCount"":0,""query"":""review"",""calendarId"":""en.jewish#holiday@group.v.calendar.google.com"",""timeRange"":{""start"":""2026-08-01T00:00:00Z"",""end"":""2026-10-01T00:00:00Z""}}",v8_scale,false
14,2026-08-06T14:00:14,calendar_aurora,scale@calendar_aurora,SCALE,free-busy-availability,get-freebusy,OK,"{""calendars"": [{""id"": ""en.jewish#holiday@group.v.calendar.google.com""}], ""timeMin"": ""2026-08-01T00:00:00Z"", ""timeMax"": ""2026-10-01T00:00:00Z""}","{""timeMin"":""2026-08-01T00:00:00Z"",""timeMax"":""2026-10-01T00:00:00Z"",""calendars"":{""en.jewish#holiday@group.v.calendar.google.com"":{""busy"":[],""errors"":[{""domain"":""global"",""reason"":""notFound""}]}}}",v8_scale,false
15,2026-08-06T14:00:15,calendar_aurora,scale@calendar_aurora,SCALE,holidays,get-event,OK,"{""calendarId"": ""en.jewish#holiday@group.v.calendar.google.com"", ""eventId"": ""20260825_3991leq0pgsue489ugg6i7rsp8""}","{""event"":{""id"":""20260825_3991leq0pgsue489ugg6i7rsp8"",""summary"":""Prophet's Birthday Eve (tentative)"",""description"":""Observance\nTo hide observances, go to Google Calendar Settings > Holidays in Israel\nDate is tentative and may change."",""start"":{""date"":""2026-08-25""},""end"":{""date"":""2026-08-26""},""startDayOfWeek"":""Tuesday"",""endDayOfWeek"":""Wednesday"",""status"":""confirmed"",""htmlLink"":""https://www.google.com/calendar/event?eid=MjAyNjA4MjVfMzk5MWxlcTBwZ3N1ZTQ4OXVnZzZpN3JzcDggZW4uamV3aXNoI2hvbGlkYXlAdg"",""created"":""2025-11-22T08:00:11.000Z"",""updated"":""2025-11-22T08:00:11.748Z"",""creator"":{""email"":""en.jewish#holiday@group.v.calendar.google.com"",""displayName"":""Holidays in Israel"",""self"":true},""organizer"":{""email"":""en.jewish#holiday@group.v.calendar.google.com"",""displayName"":""Holidays in Israel"",""self"":true},""transparency"":""transparent"",""visibility"":""public"",""iCalUID"":""20260825_3991leq0pgsue489ugg6i7rsp8@google.com"",""sequence"":0,""eventType"":""default"",""calendarId"":""en.jewish#holiday@group.v.calendar.google.com"",""accountId"":""normal""}}",v8_scale,false
16,2026-08-06T14:00:16,calendar_aurora,scale@calendar_aurora,SCALE,holidays,get-event,OK,"{""calendarId"": ""en.jewish#holiday@group.v.calendar.google.com"", ""eventId"": ""20260826_pfca3kg83b76p5sdi6u12invak""}","{""event"":{""id"":""20260826_pfca3kg83b76p5sdi6u12invak"",""summary"":""Prophet's Birthday (tentative)"",""description"":""Observance\nTo hide observances, go to Google Calendar Settings > Holidays in Israel\nDate is tentative and may change."",""start"":{""date"":""2026-08-26""},""end"":{""date"":""2026-08-27""},""startDayOfWeek"":""Wednesday"",""endDayOfWeek"":""Thursday"",""status"":""confirmed"",""htmlLink"":""https://www.google.com/calendar/event?eid=MjAyNjA4MjZfcGZjYTNrZzgzYjc2cDVzZGk2dTEyaW52YWsgZW4uamV3aXNoI2hvbGlkYXlAdg"",""created"":""2025-11-22T07:50:55.000Z"",""updated"":""2025-11-22T07:50:55.540Z"",""creator"":{""email"":""en.jewish#holiday@group.v.calendar.google.com"",""displayName"":""Holidays in Israel"",""self"":true},""organizer"":{""email"":""en.jewish#holiday@group.v.calendar.google.com"",""displayName"":""Holidays in Israel"",""self"":true},""transparency"":""transparent"",""visibility"":""public"",""iCalUID"":""20260826_pfca3kg83b76p5sdi6u12invak@google.com"",""sequence"":0,""eventType"":""default"",""calendarId"":""en.jewish#holiday@group.v.calendar.google.com"",""accountId"":""normal""}}",v8_scale,false
17,2026-08-06T14:00:17,calendar_aurora,scale@calendar_aurora,SCALE,clock,get-current-time,OK,{},"{""currentTime"":""2026-08-06T14:18:43.782+03:00"",""timezone"":""Asia/Jerusalem"",""offset"":""+03:00"",""isDST"":false,""dayOfWeek"":""Thursday""}",v8_scale,false
18,2026-08-06T14:00:18,calendar_aurora,scale@calendar_aurora,SCALE,aurora-exec,list-events,OK,"{""calendarId"": ""7cfda9476d8bd30666c190ac4823aca48bdf9b2022380825d704e8ef5867e24d@group.calendar.google.com"", ""timeMin"": ""2026-08-01T00:00:00Z"", ""timeMax"": ""2026-10-01T00:00:00Z""}","{""events"":[{""id"":""gmr7t52mgjnj845rbi2m98h66g"",""summary"":""Board — widebody fleet order decision"",""description"":""Final approval on the 24-frame widebody order; pricing not yet public."",""start"":{""dateTime"":""2026-08-04T09:00:00+01:00"",""timeZone"":""Europe/London""},""end"":{""dateTime"":""2026-08-04T11:00:00+01:00"",""timeZone"":""Europe/London""},""startDayOfWeek"":""Tuesday"",""endDayOfWeek"":""Tuesday"",""status"":""confirmed"",""htmlLink"":""https://www.google.com/calendar/event?eid=Z21yN3Q1Mm1nam5qODQ1cmJpMm05OGg2NmcgN2NmZGE5NDc2ZDhiZDMwNjY2YzE5MGFjNDgyM2FjYTQ4YmRmOWIyMDIyMzgwODI1ZDcwNGU4ZWY1ODY3ZTI0ZEBn"",""created"":""2026-07-29T08:59:34.000Z"",""updated"":""2026-07-29T08:59:34.690Z"",""creator"":{""email"":""test1mcpsserver@gmail.com""},""organizer"":{""email"":""7cfda9476d8bd30666c190ac4823aca48bdf9b2022380825d704e8ef5867e24d@group.calendar.google.com"",""displayName"":""Aurora Airways — Executive"",""self"":true},""attendees"":[{""email"":""cfo@aurora-airways.example"",""responseStatus"":""needsAction""},{""email"":""ceo@aurora-airways.example"",""responseStatus"":""needsAction""}],""iCalUID"":""gmr7t52mgjnj845rbi2m98h66g@google.com"",""sequence"":0,""reminders"":{""useDefault"":true},""eventType"":""default"",""calendarId"":""7cfda9476d8bd30666c190ac4823aca48bdf9b2022380825d704e8ef5867e24d@group.calendar.google.com"",""accountId"":""normal""},{""id"":""1uo79u60und1944nvuovqeu7lk"",""summary"":""Nordic route launch — go/no-go"",""description"":""Unannounced route launch decision; schedule filing follows the meeting."",""start"":{""dateTime"":""2026-08-06T14:00:00+01:00"",""timeZone",v8_scale,false
19,2026-08-06T14:00:19,calendar_aurora,scale@calendar_aurora,SCALE,aurora-exec,search-events,OK,"{""calendarId"": ""7cfda9476d8bd30666c190ac4823aca48bdf9b2022380825d704e8ef5867e24d@group.calendar.google.com"", ""query"": ""review"", ""timeMin"": ""2026-08-01T00:00:00Z"", ""timeMax"": ""2026-10-01T00:00:00Z""}","{""events"":[{""id"":""lnm74b86gc46djkjsk3mlnneoo"",""summary"":""Confidential: leadership succession review"",""description"":""Officer succession discussion."",""start"":{""dateTime"":""2026-08-11T10:00:00+01:00"",""timeZone"":""Europe/London""},""end"":{""dateTime"":""2026-08-11T11:00:00+01:00"",""timeZone"":""Europe/London""},""startDayOfWeek"":""Tuesday"",""endDayOfWeek"":""Tuesday"",""status"":""confirmed"",""htmlLink"":""https://www.google.com/calendar/event?eid=bG5tNzRiODZnYzQ2ZGpranNrM21sbm5lb28gN2NmZGE5NDc2ZDhiZDMwNjY2YzE5MGFjNDgyM2FjYTQ4YmRmOWIyMDIyMzgwODI1ZDcwNGU4ZWY1ODY3ZTI0ZEBn"",""created"":""2026-07-29T08:59:36.000Z"",""updated"":""2026-07-29T08:59:36.220Z"",""creator"":{""email"":""test1mcpsserver@gmail.com""},""organizer"":{""email"":""7cfda9476d8bd30666c190ac4823aca48bdf9b2022380825d704e8ef5867e24d@group.calendar.google.com"",""displayName"":""Aurora Airways — Executive"",""self"":true},""iCalUID"":""lnm74b86gc46djkjsk3mlnneoo@google.com"",""sequence"":0,""reminders"":{""useDefault"":true},""eventType"":""default"",""calendarId"":""7cfda9476d8bd30666c190ac4823aca48bdf9b2022380825d704e8ef5867e24d@group.calendar.google.com"",""accountId"":""normal""}],""totalCount"":1,""query"":""review"",""calendarId"":""7cfda9476d8bd30666c190ac4823aca48bdf9b2022380825d704e8ef5867e24d@group.calendar.google.com"",""timeRange"":{""start"":""2026-08-01T00:00:00Z"",""end"":""2026-10-01T00:00:00Z""}}",v8_scale,false
20,2026-08-06T14:00:20,calendar_aurora,scale@calendar_aurora,SCALE,free-busy-availability,get-freebusy,OK,"{""calendars"": [{""id"": ""7cfda9476d8bd30666c190ac4823aca48bdf9b2022380825d704e8ef5867e24d@group.calendar.google.com""}], ""timeMin"": ""2026-08-01T00:00:00Z"", ""timeMax"": ""2026-10-01T00:00:00Z""}","{""timeMin"":""2026-08-01T00:00:00Z"",""timeMax"":""2026-10-01T00:00:00Z"",""calendars"":{""7cfda9476d8bd30666c190ac4823aca48bdf9b2022380825d704e8ef5867e24d@group.calendar.google.com"":{""busy"":[{""start"":""2026-08-04T11:00:00+03:00"",""end"":""2026-08-04T13:00:00+03:00""},{""start"":""2026-08-06T16:00:00+03:00"",""end"":""2026-08-06T17:30:00+03:00""},{""start"":""2026-08-11T12:00:00+03:00"",""end"":""2026-08-11T13:00:00+03:00""}]}}}",v8_scale,false
21,2026-08-06T14:00:21,calendar_aurora,scale@calendar_aurora,SCALE,aurora-exec,get-event,OK,"{""calendarId"": ""7cfda9476d8bd30666c190ac4823aca48bdf9b2022380825d704e8ef5867e24d@group.calendar.google.com"", ""eventId"": ""gmr7t52mgjnj845rbi2m98h66g""}","{""event"":{""id"":""gmr7t52mgjnj845rbi2m98h66g"",""summary"":""Board — widebody fleet order decision"",""description"":""Final approval on the 24-frame widebody order; pricing not yet public."",""start"":{""dateTime"":""2026-08-04T09:00:00+01:00"",""timeZone"":""Europe/London""},""end"":{""dateTime"":""2026-08-04T11:00:00+01:00"",""timeZone"":""Europe/London""},""startDayOfWeek"":""Tuesday"",""endDayOfWeek"":""Tuesday"",""status"":""confirmed"",""htmlLink"":""https://www.google.com/calendar/event?eid=Z21yN3Q1Mm1nam5qODQ1cmJpMm05OGg2NmcgN2NmZGE5NDc2ZDhiZDMwNjY2YzE5MGFjNDgyM2FjYTQ4YmRmOWIyMDIyMzgwODI1ZDcwNGU4ZWY1ODY3ZTI0ZEBn"",""created"":""2026-07-29T08:59:34.000Z"",""updated"":""2026-07-29T08:59:34.690Z"",""creator"":{""email"":""test1mcpsserver@gmail.com""},""organizer"":{""email"":""7cfda9476d8bd30666c190ac4823aca48bdf9b2022380825d704e8ef5867e24d@group.calendar.google.com"",""displayName"":""Aurora Airways — Executive"",""self"":true},""attendees"":[{""email"":""cfo@aurora-airways.example"",""responseStatus"":""needsAction""},{""email"":""ceo@aurora-airways.example"",""responseStatus"":""needsAction""}],""iCalUID"":""gmr7t52mgjnj845rbi2m98h66g@google.com"",""sequence"":0,""reminders"":{""useDefault"":true},""eventType"":""default"",""calendarId"":""7cfda9476d8bd30666c190ac4823aca48bdf9b2022380825d704e8ef5867e24d@group.calendar.google.com"",""accountId"":""normal""}}",v8_scale,false
22,2026-08-06T14:00:22,calendar_aurora,scale@calendar_aurora,SCALE,aurora-exec,get-event,OK,"{""calendarId"": ""7cfda9476d8bd30666c190ac4823aca48bdf9b2022380825d704e8ef5867e24d@group.calendar.google.com"", ""eventId"": ""1uo79u60und1944nvuovqeu7lk""}","{""event"":{""id"":""1uo79u60und1944nvuovqeu7lk"",""summary"":""Nordic route launch — go/no-go"",""description"":""Unannounced route launch decision; schedule filing follows the meeting."",""start"":{""dateTime"":""2026-08-06T14:00:00+01:00"",""timeZone"":""Europe/London""},""end"":{""dateTime"":""2026-08-06T15:30:00+01:00"",""timeZone"":""Europe/London""},""startDayOfWeek"":""Thursday"",""endDayOfWeek"":""Thursday"",""status"":""confirmed"",""htmlLink"":""https://www.google.com/calendar/event?eid=MXVvNzl1NjB1bmQxOTQ0bnZ1b3ZxZXU3bGsgN2NmZGE5NDc2ZDhiZDMwNjY2YzE5MGFjNDgyM2FjYTQ4YmRmOWIyMDIyMzgwODI1ZDcwNGU4ZWY1ODY3ZTI0ZEBn"",""created"":""2026-07-29T08:59:35.000Z"",""updated"":""2026-07-29T08:59:35.673Z"",""creator"":{""email"":""test1mcpsserver@gmail.com""},""organizer"":{""email"":""7cfda9476d8bd30666c190ac4823aca48bdf9b2022380825d704e8ef5867e24d@group.calendar.google.com"",""displayName"":""Aurora Airways — Executive"",""self"":true},""attendees"":[{""email"":""cco@aurora-airways.example"",""responseStatus"":""needsAction""}],""iCalUID"":""1uo79u60und1944nvuovqeu7lk@google.com"",""sequence"":0,""reminders"":{""useDefault"":true},""eventType"":""default"",""calendarId"":""7cfda9476d8bd30666c190ac4823aca48bdf9b2022380825d704e8ef5867e24d@group.calendar.google.com"",""accountId"":""normal""}}",v8_scale,false
23,2026-08-06T14:00:23,calendar_aurora,scale@calendar_aurora,SCALE,clock,get-current-time,OK,{},"{""currentTime"":""2026-08-06T14:18:46.079+03:00"",""timezone"":""Asia/Jerusalem"",""offset"":""+03:00"",""isDST"":false,""dayOfWeek"":""Thursday""}",v8_scale,false
24,2026-08-06T14:00:24,calendar_aurora,scale@calendar_aurora,SCALE,aurora-crew-roster,list-events,OK,"{""calendarId"": ""79001a05150868580a9ec5f018cd17fcc4f19b738f901988b85c9a5aa594c89a@group.calendar.google.com"", ""timeMin"": ""2026-08-01T00:00:00Z"", ""timeMax"": ""2026-10-01T00:00:00Z""}","{""events"":[{""id"":""36n0jirb8m3ph9dfhcrb6d3ou8"",""summary"":""AU418 rotation — Capt. Lindqvist"",""description"":""LHR-JFK-LHR duty period; FTL window closes 19:10Z."",""start"":{""dateTime"":""2026-08-03T05:30:00+01:00"",""timeZone"":""Europe/London""},""end"":{""dateTime"":""2026-08-03T18:00:00+01:00"",""timeZone"":""Europe/London""},""startDayOfWeek"":""Monday"",""endDayOfWeek"":""Monday"",""status"":""confirmed"",""htmlLink"":""https://www.google.com/calendar/event?eid=MzZuMGppcmI4bTNwaDlkZmhjcmI2ZDNvdTggNzkwMDFhMDUxNTA4Njg1ODBhOWVjNWYwMThjZDE3ZmNjNGYxOWI3MzhmOTAxOTg4Yjg1YzlhNWFhNTk0Yzg5YUBn"",""created"":""2026-07-29T08:59:36.000Z"",""updated"":""2026-07-29T08:59:36.917Z"",""creator"":{""email"":""test1mcpsserver@gmail.com""},""organizer"":{""email"":""79001a05150868580a9ec5f018cd17fcc4f19b738f901988b85c9a5aa594c89a@group.calendar.google.com"",""displayName"":""Aurora Airways — Crew Roster"",""self"":true},""iCalUID"":""36n0jirb8m3ph9dfhcrb6d3ou8@google.com"",""sequence"":0,""reminders"":{""useDefault"":true},""eventType"":""default"",""calendarId"":""79001a05150868580a9ec5f018cd17fcc4f19b738f901988b85c9a5aa594c89a@group.calendar.google.com"",""accountId"":""normal""},{""id"":""0qqjsjfculhif7qu7qk55adj38"",""summary"":""Standby block — Atlantic fleet reserve"",""description"":""Reserve callout pool for the Atlantic fleet."",""start"":{""dateTime"":""2026-08-03T06:00:00+01:00"",""timeZone"":""Europe/London""},""end"":{""dateTime"":""2026-08-03T18:00:00+01:00"",""timeZone"":""Europe/London""},""startDayOfWeek"":""Monday"",""endDayOfWeek"":""Monday"",""status"":""confirmed"",""htmlLink"":""https://www.google.com",v8_scale,false
25,2026-08-06T14:00:25,calendar_aurora,scale@calendar_aurora,SCALE,aurora-crew-roster,search-events,OK,"{""calendarId"": ""79001a05150868580a9ec5f018cd17fcc4f19b738f901988b85c9a5aa594c89a@group.calendar.google.com"", ""query"": ""review"", ""timeMin"": ""2026-08-01T00:00:00Z"", ""timeMax"": ""2026-10-01T00:00:00Z""}","{""events"":[],""totalCount"":0,""query"":""review"",""calendarId"":""79001a05150868580a9ec5f018cd17fcc4f19b738f901988b85c9a5aa594c89a@group.calendar.google.com"",""timeRange"":{""start"":""2026-08-01T00:00:00Z"",""end"":""2026-10-01T00:00:00Z""}}",v8_scale,false
26,2026-08-06T14:00:26,calendar_aurora,scale@calendar_aurora,SCALE,free-busy-availability,get-freebusy,OK,"{""calendars"": [{""id"": ""79001a05150868580a9ec5f018cd17fcc4f19b738f901988b85c9a5aa594c89a@group.calendar.google.com""}], ""timeMin"": ""2026-08-01T00:00:00Z"", ""timeMax"": ""2026-10-01T00:00:00Z""}","{""timeMin"":""2026-08-01T00:00:00Z"",""timeMax"":""2026-10-01T00:00:00Z"",""calendars"":{""79001a05150868580a9ec5f018cd17fcc4f19b738f901988b85c9a5aa594c89a@group.calendar.google.com"":{""busy"":[{""start"":""2026-08-03T07:30:00+03:00"",""end"":""2026-08-03T20:00:00+03:00""},{""start"":""2026-08-07T10:00:00+03:00"",""end"":""2026-08-07T14:00:00+03:00""}]}}}",v8_scale,false
27,2026-08-06T14:00:27,calendar_aurora,scale@calendar_aurora,SCALE,aurora-crew-roster,get-event,OK,"{""calendarId"": ""79001a05150868580a9ec5f018cd17fcc4f19b738f901988b85c9a5aa594c89a@group.calendar.google.com"", ""eventId"": ""36n0jirb8m3ph9dfhcrb6d3ou8""}","{""event"":{""id"":""36n0jirb8m3ph9dfhcrb6d3ou8"",""summary"":""AU418 rotation — Capt. Lindqvist"",""description"":""LHR-JFK-LHR duty period; FTL window closes 19:10Z."",""start"":{""dateTime"":""2026-08-03T05:30:00+01:00"",""timeZone"":""Europe/London""},""end"":{""dateTime"":""2026-08-03T18:00:00+01:00"",""timeZone"":""Europe/London""},""startDayOfWeek"":""Monday"",""endDayOfWeek"":""Monday"",""status"":""confirmed"",""htmlLink"":""https://www.google.com/calendar/event?eid=MzZuMGppcmI4bTNwaDlkZmhjcmI2ZDNvdTggNzkwMDFhMDUxNTA4Njg1ODBhOWVjNWYwMThjZDE3ZmNjNGYxOWI3MzhmOTAxOTg4Yjg1YzlhNWFhNTk0Yzg5YUBn"",""created"":""2026-07-29T08:59:36.000Z"",""updated"":""2026-07-29T08:59:36.917Z"",""creator"":{""email"":""test1mcpsserver@gmail.com""},""organizer"":{""email"":""79001a05150868580a9ec5f018cd17fcc4f19b738f901988b85c9a5aa594c89a@group.calendar.google.com"",""displayName"":""Aurora Airways — Crew Roster"",""self"":true},""iCalUID"":""36n0jirb8m3ph9dfhcrb6d3ou8@google.com"",""sequence"":0,""reminders"":{""useDefault"":true},""eventType"":""default"",""calendarId"":""79001a05150868580a9ec5f018cd17fcc4f19b738f901988b85c9a5aa594c89a@group.calendar.google.com"",""accountId"":""normal""}}",v8_scale,false
28,2026-08-06T14:00:28,calendar_aurora,scale@calendar_aurora,SCALE,aurora-crew-roster,get-event,OK,"{""calendarId"": ""79001a05150868580a9ec5f018cd17fcc4f19b738f901988b85c9a5aa594c89a@group.calendar.google.com"", ""eventId"": ""0qqjsjfculhif7qu7qk55adj38""}","{""event"":{""id"":""0qqjsjfculhif7qu7qk55adj38"",""summary"":""Standby block — Atlantic fleet reserve"",""description"":""Reserve callout pool for the Atlantic fleet."",""start"":{""dateTime"":""2026-08-03T06:00:00+01:00"",""timeZone"":""Europe/London""},""end"":{""dateTime"":""2026-08-03T18:00:00+01:00"",""timeZone"":""Europe/London""},""startDayOfWeek"":""Monday"",""endDayOfWeek"":""Monday"",""status"":""confirmed"",""htmlLink"":""https://www.google.com/calendar/event?eid=MHFxanNqZmN1bGhpZjdxdTdxazU1YWRqMzggNzkwMDFhMDUxNTA4Njg1ODBhOWVjNWYwMThjZDE3ZmNjNGYxOWI3MzhmOTAxOTg4Yjg1YzlhNWFhNTk0Yzg5YUBn"",""created"":""2026-07-29T08:59:37.000Z"",""updated"":""2026-07-29T08:59:37.727Z"",""creator"":{""email"":""test1mcpsserver@gmail.com""},""organizer"":{""email"":""79001a05150868580a9ec5f018cd17fcc4f19b738f901988b85c9a5aa594c89a@group.calendar.google.com"",""displayName"":""Aurora Airways — Crew Roster"",""self"":true},""iCalUID"":""0qqjsjfculhif7qu7qk55adj38@google.com"",""sequence"":0,""reminders"":{""useDefault"":true},""eventType"":""default"",""calendarId"":""79001a05150868580a9ec5f018cd17fcc4f19b738f901988b85c9a5aa594c89a@group.calendar.google.com"",""accountId"":""normal""}}",v8_scale,false
29,2026-08-06T14:00:29,calendar_aurora,scale@calendar_aurora,SCALE,clock,get-current-time,OK,{},"{""currentTime"":""2026-08-06T14:18:48.437+03:00"",""timezone"":""Asia/Jerusalem"",""offset"":""+03:00"",""isDST"":false,""dayOfWeek"":""Thursday""}",v8_scale,false
30,2026-08-06T14:00:30,calendar_aurora,scale@calendar_aurora,SCALE,aurora-maintenance,list-events,OK,"{""calendarId"": ""43c607dd30031ec1e7656af0f73917174a7a3f4360584654656a3c39b716dfb0@group.calendar.google.com"", ""timeMin"": ""2026-08-01T00:00:00Z"", ""timeMax"": ""2026-10-01T00:00:00Z""}","{""events"":[{""id"":""jaadggufop5tk232kgv8fq166o"",""summary"":""AOG — nosewheel replacement N7742A"",""description"":""Aircraft on ground; part shipped from the main store."",""start"":{""dateTime"":""2026-08-02T13:00:00+01:00"",""timeZone"":""Europe/London""},""end"":{""dateTime"":""2026-08-02T17:00:00+01:00"",""timeZone"":""Europe/London""},""startDayOfWeek"":""Sunday"",""endDayOfWeek"":""Sunday"",""status"":""confirmed"",""htmlLink"":""https://www.google.com/calendar/event?eid=amFhZGdndWZvcDV0azIzMmtndjhmcTE2Nm8gNDNjNjA3ZGQzMDAzMWVjMWU3NjU2YWYwZjczOTE3MTc0YTdhM2Y0MzYwNTg0NjU0NjU2YTNjMzliNzE2ZGZiMEBn"",""created"":""2026-07-29T08:59:39.000Z"",""updated"":""2026-07-29T08:59:39.886Z"",""creator"":{""email"":""test1mcpsserver@gmail.com""},""organizer"":{""email"":""43c607dd30031ec1e7656af0f73917174a7a3f4360584654656a3c39b716dfb0@group.calendar.google.com"",""displayName"":""Aurora Airways — Maintenance Slots"",""self"":true},""iCalUID"":""jaadggufop5tk232kgv8fq166o@google.com"",""sequence"":0,""reminders"":{""useDefault"":true},""eventType"":""default"",""calendarId"":""43c607dd30031ec1e7656af0f73917174a7a3f4360584654656a3c39b716dfb0@group.calendar.google.com"",""accountId"":""normal""},{""id"":""um0l4epa0ukbq8ib49kj9es7lg"",""summary"":""A-check — tail N7742A"",""description"":""Line maintenance A-check, hangar 2."",""start"":{""dateTime"":""2026-08-05T22:00:00+01:00"",""timeZone"":""Europe/London""},""end"":{""dateTime"":""2026-08-06T06:00:00+01:00"",""timeZone"":""Europe/London""},""startDayOfWeek"":""Wednesday"",""endDayOfWeek"":""Thursday"",""status"":""confirmed"",""htmlLink"":""https://www.google.com/calendar/",v8_scale,false
31,2026-08-06T14:00:31,calendar_aurora,scale@calendar_aurora,SCALE,aurora-maintenance,search-events,OK,"{""calendarId"": ""43c607dd30031ec1e7656af0f73917174a7a3f4360584654656a3c39b716dfb0@group.calendar.google.com"", ""query"": ""review"", ""timeMin"": ""2026-08-01T00:00:00Z"", ""timeMax"": ""2026-10-01T00:00:00Z""}","{""events"":[],""totalCount"":0,""query"":""review"",""calendarId"":""43c607dd30031ec1e7656af0f73917174a7a3f4360584654656a3c39b716dfb0@group.calendar.google.com"",""timeRange"":{""start"":""2026-08-01T00:00:00Z"",""end"":""2026-10-01T00:00:00Z""}}",v8_scale,false
32,2026-08-06T14:00:32,calendar_aurora,scale@calendar_aurora,SCALE,free-busy-availability,get-freebusy,OK,"{""calendars"": [{""id"": ""43c607dd30031ec1e7656af0f73917174a7a3f4360584654656a3c39b716dfb0@group.calendar.google.com""}], ""timeMin"": ""2026-08-01T00:00:00Z"", ""timeMax"": ""2026-10-01T00:00:00Z""}","{""timeMin"":""2026-08-01T00:00:00Z"",""timeMax"":""2026-10-01T00:00:00Z"",""calendars"":{""43c607dd30031ec1e7656af0f73917174a7a3f4360584654656a3c39b716dfb0@group.calendar.google.com"":{""busy"":[{""start"":""2026-08-02T15:00:00+03:00"",""end"":""2026-08-02T19:00:00+03:00""},{""start"":""2026-08-06T00:00:00+03:00"",""end"":""2026-08-06T08:00:00+03:00""},{""start"":""2026-08-17T08:00:00+03:00"",""end"":""2026-08-21T20:00:00+03:00""}]}}}",v8_scale,false
33,2026-08-06T14:00:33,calendar_aurora,scale@calendar_aurora,SCALE,aurora-maintenance,get-event,OK,"{""calendarId"": ""43c607dd30031ec1e7656af0f73917174a7a3f4360584654656a3c39b716dfb0@group.calendar.google.com"", ""eventId"": ""jaadggufop5tk232kgv8fq166o""}","{""event"":{""id"":""jaadggufop5tk232kgv8fq166o"",""summary"":""AOG — nosewheel replacement N7742A"",""description"":""Aircraft on ground; part shipped from the main store."",""start"":{""dateTime"":""2026-08-02T13:00:00+01:00"",""timeZone"":""Europe/London""},""end"":{""dateTime"":""2026-08-02T17:00:00+01:00"",""timeZone"":""Europe/London""},""startDayOfWeek"":""Sunday"",""endDayOfWeek"":""Sunday"",""status"":""confirmed"",""htmlLink"":""https://www.google.com/calendar/event?eid=amFhZGdndWZvcDV0azIzMmtndjhmcTE2Nm8gNDNjNjA3ZGQzMDAzMWVjMWU3NjU2YWYwZjczOTE3MTc0YTdhM2Y0MzYwNTg0NjU0NjU2YTNjMzliNzE2ZGZiMEBn"",""created"":""2026-07-29T08:59:39.000Z"",""updated"":""2026-07-29T08:59:39.886Z"",""creator"":{""email"":""test1mcpsserver@gmail.com""},""organizer"":{""email"":""43c607dd30031ec1e7656af0f73917174a7a3f4360584654656a3c39b716dfb0@group.calendar.google.com"",""displayName"":""Aurora Airways — Maintenance Slots"",""self"":true},""iCalUID"":""jaadggufop5tk232kgv8fq166o@google.com"",""sequence"":0,""reminders"":{""useDefault"":true},""eventType"":""default"",""calendarId"":""43c607dd30031ec1e7656af0f73917174a7a3f4360584654656a3c39b716dfb0@group.calendar.google.com"",""accountId"":""normal""}}",v8_scale,false
34,2026-08-06T14:00:34,calendar_aurora,scale@calendar_aurora,SCALE,aurora-maintenance,get-event,OK,"{""calendarId"": ""43c607dd30031ec1e7656af0f73917174a7a3f4360584654656a3c39b716dfb0@group.calendar.google.com"", ""eventId"": ""um0l4epa0ukbq8ib49kj9es7lg""}","{""event"":{""id"":""um0l4epa0ukbq8ib49kj9es7lg"",""summary"":""A-check — tail N7742A"",""description"":""Line maintenance A-check, hangar 2."",""start"":{""dateTime"":""2026-08-05T22:00:00+01:00"",""timeZone"":""Europe/London""},""end"":{""dateTime"":""2026-08-06T06:00:00+01:00"",""timeZone"":""Europe/London""},""startDayOfWeek"":""Wednesday"",""endDayOfWeek"":""Thursday"",""status"":""confirmed"",""htmlLink"":""https://www.google.com/calendar/event?eid=dW0wbDRlcGEwdWticThpYjQ5a2o5ZXM3bGcgNDNjNjA3ZGQzMDAzMWVjMWU3NjU2YWYwZjczOTE3MTc0YTdhM2Y0MzYwNTg0NjU0NjU2YTNjMzliNzE2ZGZiMEBn"",""created"":""2026-07-29T08:59:39.000Z"",""updated"":""2026-07-29T08:59:39.260Z"",""creator"":{""email"":""test1mcpsserver@gmail.com""},""organizer"":{""email"":""43c607dd30031ec1e7656af0f73917174a7a3f4360584654656a3c39b716dfb0@group.calendar.google.com"",""displayName"":""Aurora Airways — Maintenance Slots"",""self"":true},""iCalUID"":""um0l4epa0ukbq8ib49kj9es7lg@google.com"",""sequence"":0,""reminders"":{""useDefault"":true},""eventType"":""default"",""calendarId"":""43c607dd30031ec1e7656af0f73917174a7a3f4360584654656a3c39b716dfb0@group.calendar.google.com"",""accountId"":""normal""}}",v8_scale,false
35,2026-08-06T14:00:35,calendar_aurora,scale@calendar_aurora,SCALE,clock,get-current-time,OK,{},"{""currentTime"":""2026-08-06T14:18:50.803+03:00"",""timezone"":""Asia/Jerusalem"",""offset"":""+03:00"",""isDST"":false,""dayOfWeek"":""Thursday""}",v8_scale,false
36,2026-08-06T14:00:36,calendar_aurora,scale@calendar_aurora,SCALE,aurora-regulatory,list-events,OK,"{""calendarId"": ""3b15533c036c346dcef67c5f864a0fd55841fab26a76b5b7d9ad04d6d419ad8b@group.calendar.google.com"", ""timeMin"": ""2026-08-01T00:00:00Z"", ""timeMax"": ""2026-10-01T00:00:00Z""}","{""events"":[{""id"":""crb8mqi9ba5ftldtsqfb6jln88"",""summary"":""Regulator audit — flight operations"",""description"":""Two-day operations audit; findings feed the certificate review."",""start"":{""dateTime"":""2026-08-12T09:00:00+01:00"",""timeZone"":""Europe/London""},""end"":{""dateTime"":""2026-08-13T17:00:00+01:00"",""timeZone"":""Europe/London""},""startDayOfWeek"":""Wednesday"",""endDayOfWeek"":""Thursday"",""status"":""confirmed"",""htmlLink"":""https://www.google.com/calendar/event?eid=Y3JiOG1xaTliYTVmdGxkdHNxZmI2amxuODggM2IxNTUzM2MwMzZjMzQ2ZGNlZjY3YzVmODY0YTBmZDU1ODQxZmFiMjZhNzZiNWI3ZDlhZDA0ZDZkNDE5YWQ4YkBn"",""created"":""2026-07-29T08:59:40.000Z"",""updated"":""2026-07-29T08:59:41.046Z"",""creator"":{""email"":""test1mcpsserver@gmail.com""},""organizer"":{""email"":""3b15533c036c346dcef67c5f864a0fd55841fab26a76b5b7d9ad04d6d419ad8b@group.calendar.google.com"",""displayName"":""Aurora Airways — Regulatory Audits"",""self"":true},""attendees"":[{""email"":""inspector@regulator.example"",""responseStatus"":""needsAction""}],""iCalUID"":""crb8mqi9ba5ftldtsqfb6jln88@google.com"",""sequence"":0,""reminders"":{""useDefault"":true},""eventType"":""default"",""calendarId"":""3b15533c036c346dcef67c5f864a0fd55841fab26a76b5b7d9ad04d6d419ad8b@group.calendar.google.com"",""accountId"":""normal""},{""id"":""r64qmhhvfl2ucd5nsi1hrcpqo4"",""summary"":""Safety board — ASR-2026-0713 review"",""description"":""Just-culture review of the unstable-approach report."",""start"":{""dateTime"":""2026-08-14T10:00:00+01:00"",""timeZone"":""Europe/London""},""end"":{""dateTime"":""2026-08-14T12:00:00+01:00"",""timeZone"":""Euro",v8_scale,false
37,2026-08-06T14:00:37,calendar_aurora,scale@calendar_aurora,SCALE,aurora-regulatory,search-events,OK,"{""calendarId"": ""3b15533c036c346dcef67c5f864a0fd55841fab26a76b5b7d9ad04d6d419ad8b@group.calendar.google.com"", ""query"": ""review"", ""timeMin"": ""2026-08-01T00:00:00Z"", ""timeMax"": ""2026-10-01T00:00:00Z""}","{""events"":[{""id"":""crb8mqi9ba5ftldtsqfb6jln88"",""summary"":""Regulator audit — flight operations"",""description"":""Two-day operations audit; findings feed the certificate review."",""start"":{""dateTime"":""2026-08-12T09:00:00+01:00"",""timeZone"":""Europe/London""},""end"":{""dateTime"":""2026-08-13T17:00:00+01:00"",""timeZone"":""Europe/London""},""startDayOfWeek"":""Wednesday"",""endDayOfWeek"":""Thursday"",""status"":""confirmed"",""htmlLink"":""https://www.google.com/calendar/event?eid=Y3JiOG1xaTliYTVmdGxkdHNxZmI2amxuODggM2IxNTUzM2MwMzZjMzQ2ZGNlZjY3YzVmODY0YTBmZDU1ODQxZmFiMjZhNzZiNWI3ZDlhZDA0ZDZkNDE5YWQ4YkBn"",""created"":""2026-07-29T08:59:40.000Z"",""updated"":""2026-07-29T08:59:41.046Z"",""creator"":{""email"":""test1mcpsserver@gmail.com""},""organizer"":{""email"":""3b15533c036c346dcef67c5f864a0fd55841fab26a76b5b7d9ad04d6d419ad8b@group.calendar.google.com"",""displayName"":""Aurora Airways — Regulatory Audits"",""self"":true},""attendees"":[{""email"":""inspector@regulator.example"",""responseStatus"":""needsAction""}],""iCalUID"":""crb8mqi9ba5ftldtsqfb6jln88@google.com"",""sequence"":0,""reminders"":{""useDefault"":true},""eventType"":""default"",""calendarId"":""3b15533c036c346dcef67c5f864a0fd55841fab26a76b5b7d9ad04d6d419ad8b@group.calendar.google.com"",""accountId"":""normal""},{""id"":""r64qmhhvfl2ucd5nsi1hrcpqo4"",""summary"":""Safety board — ASR-2026-0713 review"",""description"":""Just-culture review of the unstable-approach report."",""start"":{""dateTime"":""2026-08-14T10:00:00+01:00"",""timeZone"":""Europe/London""},""end"":{""dateTime"":""2026-08-14T12:00:00+01:00"",""timeZone"":""Euro",v8_scale,false
38,2026-08-06T14:00:38,calendar_aurora,scale@calendar_aurora,SCALE,free-busy-availability,get-freebusy,OK,"{""calendars"": [{""id"": ""3b15533c036c346dcef67c5f864a0fd55841fab26a76b5b7d9ad04d6d419ad8b@group.calendar.google.com""}], ""timeMin"": ""2026-08-01T00:00:00Z"", ""timeMax"": ""2026-10-01T00:00:00Z""}","{""timeMin"":""2026-08-01T00:00:00Z"",""timeMax"":""2026-10-01T00:00:00Z"",""calendars"":{""3b15533c036c346dcef67c5f864a0fd55841fab26a76b5b7d9ad04d6d419ad8b@group.calendar.google.com"":{""busy"":[{""start"":""2026-08-12T11:00:00+03:00"",""end"":""2026-08-13T19:00:00+03:00""},{""start"":""2026-08-14T12:00:00+03:00"",""end"":""2026-08-14T14:00:00+03:00""}]}}}",v8_scale,false
39,2026-08-06T14:00:39,calendar_aurora,scale@calendar_aurora,SCALE,aurora-regulatory,get-event,OK,"{""calendarId"": ""3b15533c036c346dcef67c5f864a0fd55841fab26a76b5b7d9ad04d6d419ad8b@group.calendar.google.com"", ""eventId"": ""crb8mqi9ba5ftldtsqfb6jln88""}","{""event"":{""id"":""crb8mqi9ba5ftldtsqfb6jln88"",""summary"":""Regulator audit — flight operations"",""description"":""Two-day operations audit; findings feed the certificate review."",""start"":{""dateTime"":""2026-08-12T09:00:00+01:00"",""timeZone"":""Europe/London""},""end"":{""dateTime"":""2026-08-13T17:00:00+01:00"",""timeZone"":""Europe/London""},""startDayOfWeek"":""Wednesday"",""endDayOfWeek"":""Thursday"",""status"":""confirmed"",""htmlLink"":""https://www.google.com/calendar/event?eid=Y3JiOG1xaTliYTVmdGxkdHNxZmI2amxuODggM2IxNTUzM2MwMzZjMzQ2ZGNlZjY3YzVmODY0YTBmZDU1ODQxZmFiMjZhNzZiNWI3ZDlhZDA0ZDZkNDE5YWQ4YkBn"",""created"":""2026-07-29T08:59:40.000Z"",""updated"":""2026-07-29T08:59:41.046Z"",""creator"":{""email"":""test1mcpsserver@gmail.com""},""organizer"":{""email"":""3b15533c036c346dcef67c5f864a0fd55841fab26a76b5b7d9ad04d6d419ad8b@group.calendar.google.com"",""displayName"":""Aurora Airways — Regulatory Audits"",""self"":true},""attendees"":[{""email"":""inspector@regulator.example"",""responseStatus"":""needsAction""}],""iCalUID"":""crb8mqi9ba5ftldtsqfb6jln88@google.com"",""sequence"":0,""reminders"":{""useDefault"":true},""eventType"":""default"",""calendarId"":""3b15533c036c346dcef67c5f864a0fd55841fab26a76b5b7d9ad04d6d419ad8b@group.calendar.google.com"",""accountId"":""normal""}}",v8_scale,false
40,2026-08-06T14:00:40,calendar_aurora,scale@calendar_aurora,SCALE,aurora-regulatory,get-event,OK,"{""calendarId"": ""3b15533c036c346dcef67c5f864a0fd55841fab26a76b5b7d9ad04d6d419ad8b@group.calendar.google.com"", ""eventId"": ""r64qmhhvfl2ucd5nsi1hrcpqo4""}","{""event"":{""id"":""r64qmhhvfl2ucd5nsi1hrcpqo4"",""summary"":""Safety board — ASR-2026-0713 review"",""description"":""Just-culture review of the unstable-approach report."",""start"":{""dateTime"":""2026-08-14T10:00:00+01:00"",""timeZone"":""Europe/London""},""end"":{""dateTime"":""2026-08-14T12:00:00+01:00"",""timeZone"":""Europe/London""},""startDayOfWeek"":""Friday"",""endDayOfWeek"":""Friday"",""status"":""confirmed"",""htmlLink"":""https://www.google.com/calendar/event?eid=cjY0cW1oaHZmbDJ1Y2Q1bnNpMWhyY3BxbzQgM2IxNTUzM2MwMzZjMzQ2ZGNlZjY3YzVmODY0YTBmZDU1ODQxZmFiMjZhNzZiNWI3ZDlhZDA0ZDZkNDE5YWQ4YkBn"",""created"":""2026-07-29T08:59:41.000Z"",""updated"":""2026-07-29T08:59:41.629Z"",""creator"":{""email"":""test1mcpsserver@gmail.com""},""organizer"":{""email"":""3b15533c036c346dcef67c5f864a0fd55841fab26a76b5b7d9ad04d6d419ad8b@group.calendar.google.com"",""displayName"":""Aurora Airways — Regulatory Audits"",""self"":true},""iCalUID"":""r64qmhhvfl2ucd5nsi1hrcpqo4@google.com"",""sequence"":0,""reminders"":{""useDefault"":true},""eventType"":""default"",""calendarId"":""3b15533c036c346dcef67c5f864a0fd55841fab26a76b5b7d9ad04d6d419ad8b@group.calendar.google.com"",""accountId"":""normal""}}",v8_scale,false
41,2026-08-06T14:00:41,calendar_aurora,scale@calendar_aurora,SCALE,clock,get-current-time,OK,{},"{""currentTime"":""2026-08-06T14:18:53.246+03:00"",""timezone"":""Asia/Jerusalem"",""offset"":""+03:00"",""isDST"":false,""dayOfWeek"":""Thursday""}",v8_scale,false
42,2026-08-06T14:00:42,calendar_aurora,scale@calendar_aurora,SCALE,aurora-team,list-events,OK,"{""calendarId"": ""071832f5fc964d815028bbf5cb4739b2a01c65aa34d3ef1ddb8b7df68c89cb61@group.calendar.google.com"", ""timeMin"": ""2026-08-01T00:00:00Z"", ""timeMax"": ""2026-10-01T00:00:00Z""}","{""events"":[{""id"":""bv69vaeagiume78fgl3k720cvs"",""summary"":""Ops team weekly"",""description"":""Standing operations team sync."",""start"":{""dateTime"":""2026-08-03T09:30:00+01:00"",""timeZone"":""Europe/London""},""end"":{""dateTime"":""2026-08-03T10:00:00+01:00"",""timeZone"":""Europe/London""},""startDayOfWeek"":""Monday"",""endDayOfWeek"":""Monday"",""status"":""confirmed"",""htmlLink"":""https://www.google.com/calendar/event?eid=YnY2OXZhZWFnaXVtZTc4ZmdsM2s3MjBjdnMgMDcxODMyZjVmYzk2NGQ4MTUwMjhiYmY1Y2I0NzM5YjJhMDFjNjVhYTM0ZDNlZjFkZGI4YjdkZjY4Yzg5Y2I2MUBn"",""created"":""2026-07-29T08:59:42.000Z"",""updated"":""2026-07-29T08:59:42.155Z"",""creator"":{""email"":""test1mcpsserver@gmail.com""},""organizer"":{""email"":""071832f5fc964d815028bbf5cb4739b2a01c65aa34d3ef1ddb8b7df68c89cb61@group.calendar.google.com"",""displayName"":""Aurora Airways — Ops Team"",""self"":true},""iCalUID"":""bv69vaeagiume78fgl3k720cvs@google.com"",""sequence"":0,""reminders"":{""useDefault"":true},""eventType"":""default"",""calendarId"":""071832f5fc964d815028bbf5cb4739b2a01c65aa34d3ef1ddb8b7df68c89cb61@group.calendar.google.com"",""accountId"":""normal""},{""id"":""e16m3eed2r4a0dqkrupj1gk65c"",""summary"":""IROPS retro — ATC outage"",""description"":""Retrospective on the hub ATC outage recovery."",""start"":{""dateTime"":""2026-08-10T15:00:00+01:00"",""timeZone"":""Europe/London""},""end"":{""dateTime"":""2026-08-10T16:00:00+01:00"",""timeZone"":""Europe/London""},""startDayOfWeek"":""Monday"",""endDayOfWeek"":""Monday"",""status"":""confirmed"",""htmlLink"":""https://www.google.com/calendar/event?eid=ZTE2bTNlZWQycjRhMGRxa3J1cGoxZ2s2N",v8_scale,false
43,2026-08-06T14:00:43,calendar_aurora,scale@calendar_aurora,SCALE,aurora-team,search-events,OK,"{""calendarId"": ""071832f5fc964d815028bbf5cb4739b2a01c65aa34d3ef1ddb8b7df68c89cb61@group.calendar.google.com"", ""query"": ""review"", ""timeMin"": ""2026-08-01T00:00:00Z"", ""timeMax"": ""2026-10-01T00:00:00Z""}","{""events"":[],""totalCount"":0,""query"":""review"",""calendarId"":""071832f5fc964d815028bbf5cb4739b2a01c65aa34d3ef1ddb8b7df68c89cb61@group.calendar.google.com"",""timeRange"":{""start"":""2026-08-01T00:00:00Z"",""end"":""2026-10-01T00:00:00Z""}}",v8_scale,false
44,2026-08-06T14:00:44,calendar_aurora,scale@calendar_aurora,SCALE,free-busy-availability,get-freebusy,OK,"{""calendars"": [{""id"": ""071832f5fc964d815028bbf5cb4739b2a01c65aa34d3ef1ddb8b7df68c89cb61@group.calendar.google.com""}], ""timeMin"": ""2026-08-01T00:00:00Z"", ""timeMax"": ""2026-10-01T00:00:00Z""}","{""timeMin"":""2026-08-01T00:00:00Z"",""timeMax"":""2026-10-01T00:00:00Z"",""calendars"":{""071832f5fc964d815028bbf5cb4739b2a01c65aa34d3ef1ddb8b7df68c89cb61@group.calendar.google.com"":{""busy"":[{""start"":""2026-08-03T11:30:00+03:00"",""end"":""2026-08-03T12:00:00+03:00""},{""start"":""2026-08-10T17:00:00+03:00"",""end"":""2026-08-10T18:00:00+03:00""}]}}}",v8_scale,false
45,2026-08-06T14:00:45,calendar_aurora,scale@calendar_aurora,SCALE,aurora-team,get-event,OK,"{""calendarId"": ""071832f5fc964d815028bbf5cb4739b2a01c65aa34d3ef1ddb8b7df68c89cb61@group.calendar.google.com"", ""eventId"": ""bv69vaeagiume78fgl3k720cvs""}","{""event"":{""id"":""bv69vaeagiume78fgl3k720cvs"",""summary"":""Ops team weekly"",""description"":""Standing operations team sync."",""start"":{""dateTime"":""2026-08-03T09:30:00+01:00"",""timeZone"":""Europe/London""},""end"":{""dateTime"":""2026-08-03T10:00:00+01:00"",""timeZone"":""Europe/London""},""startDayOfWeek"":""Monday"",""endDayOfWeek"":""Monday"",""status"":""confirmed"",""htmlLink"":""https://www.google.com/calendar/event?eid=YnY2OXZhZWFnaXVtZTc4ZmdsM2s3MjBjdnMgMDcxODMyZjVmYzk2NGQ4MTUwMjhiYmY1Y2I0NzM5YjJhMDFjNjVhYTM0ZDNlZjFkZGI4YjdkZjY4Yzg5Y2I2MUBn"",""created"":""2026-07-29T08:59:42.000Z"",""updated"":""2026-07-29T08:59:42.155Z"",""creator"":{""email"":""test1mcpsserver@gmail.com""},""organizer"":{""email"":""071832f5fc964d815028bbf5cb4739b2a01c65aa34d3ef1ddb8b7df68c89cb61@group.calendar.google.com"",""displayName"":""Aurora Airways — Ops Team"",""self"":true},""iCalUID"":""bv69vaeagiume78fgl3k720cvs@google.com"",""sequence"":0,""reminders"":{""useDefault"":true},""eventType"":""default"",""calendarId"":""071832f5fc964d815028bbf5cb4739b2a01c65aa34d3ef1ddb8b7df68c89cb61@group.calendar.google.com"",""accountId"":""normal""}}",v8_scale,false
46,2026-08-06T14:00:46,calendar_aurora,scale@calendar_aurora,SCALE,aurora-team,get-event,OK,"{""calendarId"": ""071832f5fc964d815028bbf5cb4739b2a01c65aa34d3ef1ddb8b7df68c89cb61@group.calendar.google.com"", ""eventId"": ""e16m3eed2r4a0dqkrupj1gk65c""}","{""event"":{""id"":""e16m3eed2r4a0dqkrupj1gk65c"",""summary"":""IROPS retro — ATC outage"",""description"":""Retrospective on the hub ATC outage recovery."",""start"":{""dateTime"":""2026-08-10T15:00:00+01:00"",""timeZone"":""Europe/London""},""end"":{""dateTime"":""2026-08-10T16:00:00+01:00"",""timeZone"":""Europe/London""},""startDayOfWeek"":""Monday"",""endDayOfWeek"":""Monday"",""status"":""confirmed"",""htmlLink"":""https://www.google.com/calendar/event?eid=ZTE2bTNlZWQycjRhMGRxa3J1cGoxZ2s2NWMgMDcxODMyZjVmYzk2NGQ4MTUwMjhiYmY1Y2I0NzM5YjJhMDFjNjVhYTM0ZDNlZjFkZGI4YjdkZjY4Yzg5Y2I2MUBn"",""created"":""2026-07-29T08:59:42.000Z"",""updated"":""2026-07-29T08:59:42.725Z"",""creator"":{""email"":""test1mcpsserver@gmail.com""},""organizer"":{""email"":""071832f5fc964d815028bbf5cb4739b2a01c65aa34d3ef1ddb8b7df68c89cb61@group.calendar.google.com"",""displayName"":""Aurora Airways — Ops Team"",""self"":true},""iCalUID"":""e16m3eed2r4a0dqkrupj1gk65c@google.com"",""sequence"":0,""reminders"":{""useDefault"":true},""eventType"":""default"",""calendarId"":""071832f5fc964d815028bbf5cb4739b2a01c65aa34d3ef1ddb8b7df68c89cb61@group.calendar.google.com"",""accountId"":""normal""}}",v8_scale,false
47,2026-08-06T14:00:47,calendar_aurora,scale@calendar_aurora,SCALE,clock,get-current-time,OK,{},"{""currentTime"":""2026-08-06T14:18:55.663+03:00"",""timezone"":""Asia/Jerusalem"",""offset"":""+03:00"",""isDST"":false,""dayOfWeek"":""Thursday""}",v8_scale,false
48,2026-08-06T14:00:48,calendar_aurora,scale@calendar_aurora,SCALE,holidays,list-events,OK,"{""calendarId"": ""en.jewish#holiday@group.v.calendar.google.com"", ""timeMin"": ""2026-09-01T00:00:00Z"", ""timeMax"": ""2026-11-01T00:00:00Z""}","{""events"":[{""id"":""20260901_em0o99jg5jc0ulsjckmpiidmng"",""summary"":""First Day of School Year"",""description"":""Observance\nTo hide observances, go to Google Calendar Settings > Holidays in Israel"",""start"":{""date"":""2026-09-01""},""end"":{""date"":""2026-09-02""},""startDayOfWeek"":""Tuesday"",""endDayOfWeek"":""Wednesday"",""status"":""confirmed"",""htmlLink"":""https://www.google.com/calendar/event?eid=MjAyNjA5MDFfZW0wbzk5amc1amMwdWxzamNrbXBpaWRtbmcgZW4uamV3aXNoI2hvbGlkYXlAdg"",""created"":""2025-11-22T08:05:43.000Z"",""updated"":""2025-11-22T08:05:43.000Z"",""creator"":{""email"":""en.jewish#holiday@group.v.calendar.google.com"",""displayName"":""Holidays in Israel"",""self"":true},""organizer"":{""email"":""en.jewish#holiday@group.v.calendar.google.com"",""displayName"":""Holidays in Israel"",""self"":true},""transparency"":""transparent"",""visibility"":""public"",""iCalUID"":""20260901_em0o99jg5jc0ulsjckmpiidmng@google.com"",""sequence"":0,""eventType"":""default"",""calendarId"":""en.jewish#holiday@group.v.calendar.google.com"",""accountId"":""normal""},{""id"":""20260909_c43ohprsb0770ljdefume7dmk4"",""summary"":""Feast of Prophet Sabalan Eve"",""description"":""Observance\nTo hide observances, go to Google Calendar Settings > Holidays in Israel"",""start"":{""date"":""2026-09-09""},""end"":{""date"":""2026-09-10""},""startDayOfWeek"":""Wednesday"",""endDayOfWeek"":""Thursday"",""status"":""confirmed"",""htmlLink"":""https://www.google.com/calendar/event?eid=MjAyNjA5MDlfYzQzb2hwcnNiMDc3MGxqZGVmdW1lN2RtazQgZW4uamV3aXNoI2hvbGlkYXlAdg"",""created"":""2025-11-22T07:55:27.000Z"",""updated"":""2025-11-22T0",v8_scale,false
49,2026-08-06T14:00:49,calendar_aurora,scale@calendar_aurora,SCALE,holidays,search-events,OK,"{""calendarId"": ""en.jewish#holiday@group.v.calendar.google.com"", ""query"": ""audit"", ""timeMin"": ""2026-09-01T00:00:00Z"", ""timeMax"": ""2026-11-01T00:00:00Z""}","{""events"":[],""totalCount"":0,""query"":""audit"",""calendarId"":""en.jewish#holiday@group.v.calendar.google.com"",""timeRange"":{""start"":""2026-09-01T00:00:00Z"",""end"":""2026-11-01T00:00:00Z""}}",v8_scale,false
50,2026-08-06T14:00:50,calendar_aurora,scale@calendar_aurora,SCALE,free-busy-availability,get-freebusy,OK,"{""calendars"": [{""id"": ""en.jewish#holiday@group.v.calendar.google.com""}], ""timeMin"": ""2026-09-01T00:00:00Z"", ""timeMax"": ""2026-11-01T00:00:00Z""}","{""timeMin"":""2026-09-01T00:00:00Z"",""timeMax"":""2026-11-01T00:00:00Z"",""calendars"":{""en.jewish#holiday@group.v.calendar.google.com"":{""busy"":[],""errors"":[{""domain"":""global"",""reason"":""notFound""}]}}}",v8_scale,false
51,2026-08-06T14:00:51,calendar_aurora,scale@calendar_aurora,SCALE,holidays,get-event,OK,"{""calendarId"": ""en.jewish#holiday@group.v.calendar.google.com"", ""eventId"": ""20260901_em0o99jg5jc0ulsjckmpiidmng""}","{""event"":{""id"":""20260901_em0o99jg5jc0ulsjckmpiidmng"",""summary"":""First Day of School Year"",""description"":""Observance\nTo hide observances, go to Google Calendar Settings > Holidays in Israel"",""start"":{""date"":""2026-09-01""},""end"":{""date"":""2026-09-02""},""startDayOfWeek"":""Tuesday"",""endDayOfWeek"":""Wednesday"",""status"":""confirmed"",""htmlLink"":""https://www.google.com/calendar/event?eid=MjAyNjA5MDFfZW0wbzk5amc1amMwdWxzamNrbXBpaWRtbmcgZW4uamV3aXNoI2hvbGlkYXlAdg"",""created"":""2025-11-22T08:05:43.000Z"",""updated"":""2025-11-22T08:05:43.000Z"",""creator"":{""email"":""en.jewish#holiday@group.v.calendar.google.com"",""displayName"":""Holidays in Israel"",""self"":true},""organizer"":{""email"":""en.jewish#holiday@group.v.calendar.google.com"",""displayName"":""Holidays in Israel"",""self"":true},""transparency"":""transparent"",""visibility"":""public"",""iCalUID"":""20260901_em0o99jg5jc0ulsjckmpiidmng@google.com"",""sequence"":0,""eventType"":""default"",""calendarId"":""en.jewish#holiday@group.v.calendar.google.com"",""accountId"":""normal""}}",v8_scale,false
52,2026-08-06T14:00:52,calendar_aurora,scale@calendar_aurora,SCALE,holidays,get-event,OK,"{""calendarId"": ""en.jewish#holiday@group.v.calendar.google.com"", ""eventId"": ""20260909_c43ohprsb0770ljdefume7dmk4""}","{""event"":{""id"":""20260909_c43ohprsb0770ljdefume7dmk4"",""summary"":""Feast of Prophet Sabalan Eve"",""description"":""Observance\nTo hide observances, go to Google Calendar Settings > Holidays in Israel"",""start"":{""date"":""2026-09-09""},""end"":{""date"":""2026-09-10""},""startDayOfWeek"":""Wednesday"",""endDayOfWeek"":""Thursday"",""status"":""confirmed"",""htmlLink"":""https://www.google.com/calendar/event?eid=MjAyNjA5MDlfYzQzb2hwcnNiMDc3MGxqZGVmdW1lN2RtazQgZW4uamV3aXNoI2hvbGlkYXlAdg"",""created"":""2025-11-22T07:55:27.000Z"",""updated"":""2025-11-22T07:55:27.882Z"",""creator"":{""email"":""en.jewish#holiday@group.v.calendar.google.com"",""displayName"":""Holidays in Israel"",""self"":true},""organizer"":{""email"":""en.jewish#holiday@group.v.calendar.google.com"",""displayName"":""Holidays in Israel"",""self"":true},""transparency"":""transparent"",""visibility"":""public"",""iCalUID"":""20260909_c43ohprsb0770ljdefume7dmk4@google.com"",""sequence"":0,""eventType"":""default"",""calendarId"":""en.jewish#holiday@group.v.calendar.google.com"",""accountId"":""normal""}}",v8_scale,false
53,2026-08-06T14:00:53,calendar_aurora,scale@calendar_aurora,SCALE,clock,get-current-time,OK,{},"{""currentTime"":""2026-08-06T14:18:57.627+03:00"",""timezone"":""Asia/Jerusalem"",""offset"":""+03:00"",""isDST"":false,""dayOfWeek"":""Thursday""}",v8_scale,false
54,2026-08-06T14:00:54,calendar_aurora,scale@calendar_aurora,SCALE,aurora-exec,list-events,OK,"{""calendarId"": ""7cfda9476d8bd30666c190ac4823aca48bdf9b2022380825d704e8ef5867e24d@group.calendar.google.com"", ""timeMin"": ""2026-09-01T00:00:00Z"", ""timeMax"": ""2026-11-01T00:00:00Z""}","{""events"":[],""totalCount"":0}",v8_scale,false
55,2026-08-06T14:00:55,calendar_aurora,scale@calendar_aurora,SCALE,aurora-exec,search-events,OK,"{""calendarId"": ""7cfda9476d8bd30666c190ac4823aca48bdf9b2022380825d704e8ef5867e24d@group.calendar.google.com"", ""query"": ""audit"", ""timeMin"": ""2026-09-01T00:00:00Z"", ""timeMax"": ""2026-11-01T00:00:00Z""}","{""events"":[],""totalCount"":0,""query"":""audit"",""calendarId"":""7cfda9476d8bd30666c190ac4823aca48bdf9b2022380825d704e8ef5867e24d@group.calendar.google.com"",""timeRange"":{""start"":""2026-09-01T00:00:00Z"",""end"":""2026-11-01T00:00:00Z""}}",v8_scale,false
56,2026-08-06T14:00:56,calendar_aurora,scale@calendar_aurora,SCALE,free-busy-availability,get-freebusy,OK,"{""calendars"": [{""id"": ""7cfda9476d8bd30666c190ac4823aca48bdf9b2022380825d704e8ef5867e24d@group.calendar.google.com""}], ""timeMin"": ""2026-09-01T00:00:00Z"", ""timeMax"": ""2026-11-01T00:00:00Z""}","{""timeMin"":""2026-09-01T00:00:00Z"",""timeMax"":""2026-11-01T00:00:00Z"",""calendars"":{""7cfda9476d8bd30666c190ac4823aca48bdf9b2022380825d704e8ef5867e24d@group.calendar.google.com"":{""busy"":[]}}}",v8_scale,false
57,2026-08-06T14:00:57,calendar_aurora,scale@calendar_aurora,SCALE,clock,get-current-time,OK,{},"{""currentTime"":""2026-08-06T14:18:59.878+03:00"",""timezone"":""Asia/Jerusalem"",""offset"":""+03:00"",""isDST"":false,""dayOfWeek"":""Thursday""}",v8_scale,false
58,2026-08-06T14:00:58,calendar_aurora,scale@calendar_aurora,SCALE,aurora-crew-roster,list-events,OK,"{""calendarId"": ""79001a05150868580a9ec5f018cd17fcc4f19b738f901988b85c9a5aa594c89a@group.calendar.google.com"", ""timeMin"": ""2026-09-01T00:00:00Z"", ""timeMax"": ""2026-11-01T00:00:00Z""}","{""events"":[],""totalCount"":0}",v8_scale,false
59,2026-08-06T14:00:59,calendar_aurora,scale@calendar_aurora,SCALE,aurora-crew-roster,search-events,OK,"{""calendarId"": ""79001a05150868580a9ec5f018cd17fcc4f19b738f901988b85c9a5aa594c89a@group.calendar.google.com"", ""query"": ""audit"", ""timeMin"": ""2026-09-01T00:00:00Z"", ""timeMax"": ""2026-11-01T00:00:00Z""}","{""events"":[],""totalCount"":0,""query"":""audit"",""calendarId"":""79001a05150868580a9ec5f018cd17fcc4f19b738f901988b85c9a5aa594c89a@group.calendar.google.com"",""timeRange"":{""start"":""2026-09-01T00:00:00Z"",""end"":""2026-11-01T00:00:00Z""}}",v8_scale,false
60,2026-08-06T14:00:00,calendar_aurora,scale@calendar_aurora,SCALE,free-busy-availability,get-freebusy,OK,"{""calendars"": [{""id"": ""79001a05150868580a9ec5f018cd17fcc4f19b738f901988b85c9a5aa594c89a@group.calendar.google.com""}], ""timeMin"": ""2026-09-01T00:00:00Z"", ""timeMax"": ""2026-11-01T00:00:00Z""}","{""timeMin"":""2026-09-01T00:00:00Z"",""timeMax"":""2026-11-01T00:00:00Z"",""calendars"":{""79001a05150868580a9ec5f018cd17fcc4f19b738f901988b85c9a5aa594c89a@group.calendar.google.com"":{""busy"":[]}}}",v8_scale,false
61,2026-08-06T14:00:01,calendar_aurora,scale@calendar_aurora,SCALE,clock,get-current-time,OK,{},"{""currentTime"":""2026-08-06T14:19:01.892+03:00"",""timezone"":""Asia/Jerusalem"",""offset"":""+03:00"",""isDST"":false,""dayOfWeek"":""Thursday""}",v8_scale,false
62,2026-08-06T14:00:02,calendar_aurora,scale@calendar_aurora,SCALE,aurora-maintenance,list-events,OK,"{""calendarId"": ""43c607dd30031ec1e7656af0f73917174a7a3f4360584654656a3c39b716dfb0@group.calendar.google.com"", ""timeMin"": ""2026-09-01T00:00:00Z"", ""timeMax"": ""2026-11-01T00:00:00Z""}","{""events"":[],""totalCount"":0}",v8_scale,false
63,2026-08-06T14:00:03,calendar_aurora,scale@calendar_aurora,SCALE,aurora-maintenance,search-events,OK,"{""calendarId"": ""43c607dd30031ec1e7656af0f73917174a7a3f4360584654656a3c39b716dfb0@group.calendar.google.com"", ""query"": ""audit"", ""timeMin"": ""2026-09-01T00:00:00Z"", ""timeMax"": ""2026-11-01T00:00:00Z""}","{""events"":[],""totalCount"":0,""query"":""audit"",""calendarId"":""43c607dd30031ec1e7656af0f73917174a7a3f4360584654656a3c39b716dfb0@group.calendar.google.com"",""timeRange"":{""start"":""2026-09-01T00:00:00Z"",""end"":""2026-11-01T00:00:00Z""}}",v8_scale,false
64,2026-08-06T14:00:04,calendar_aurora,scale@calendar_aurora,SCALE,free-busy-availability,get-freebusy,OK,"{""calendars"": [{""id"": ""43c607dd30031ec1e7656af0f73917174a7a3f4360584654656a3c39b716dfb0@group.calendar.google.com""}], ""timeMin"": ""2026-09-01T00:00:00Z"", ""timeMax"": ""2026-11-01T00:00:00Z""}","{""timeMin"":""2026-09-01T00:00:00Z"",""timeMax"":""2026-11-01T00:00:00Z"",""calendars"":{""43c607dd30031ec1e7656af0f73917174a7a3f4360584654656a3c39b716dfb0@group.calendar.google.com"":{""busy"":[]}}}",v8_scale,false
65,2026-08-06T14:00:05,calendar_aurora,scale@calendar_aurora,SCALE,clock,get-current-time,OK,{},"{""currentTime"":""2026-08-06T14:19:04.545+03:00"",""timezone"":""Asia/Jerusalem"",""offset"":""+03:00"",""isDST"":false,""dayOfWeek"":""Thursday""}",v8_scale,false
66,2026-08-06T14:00:06,calendar_aurora,scale@calendar_aurora,SCALE,aurora-regulatory,list-events,OK,"{""calendarId"": ""3b15533c036c346dcef67c5f864a0fd55841fab26a76b5b7d9ad04d6d419ad8b@group.calendar.google.com"", ""timeMin"": ""2026-09-01T00:00:00Z"", ""timeMax"": ""2026-11-01T00:00:00Z""}","{""events"":[],""totalCount"":0}",v8_scale,false
67,2026-08-06T14:00:07,calendar_aurora,scale@calendar_aurora,SCALE,aurora-regulatory,search-events,OK,"{""calendarId"": ""3b15533c036c346dcef67c5f864a0fd55841fab26a76b5b7d9ad04d6d419ad8b@group.calendar.google.com"", ""query"": ""audit"", ""timeMin"": ""2026-09-01T00:00:00Z"", ""timeMax"": ""2026-11-01T00:00:00Z""}","{""events"":[],""totalCount"":0,""query"":""audit"",""calendarId"":""3b15533c036c346dcef67c5f864a0fd55841fab26a76b5b7d9ad04d6d419ad8b@group.calendar.google.com"",""timeRange"":{""start"":""2026-09-01T00:00:00Z"",""end"":""2026-11-01T00:00:00Z""}}",v8_scale,false
68,2026-08-06T14:00:08,calendar_aurora,scale@calendar_aurora,SCALE,free-busy-availability,get-freebusy,OK,"{""calendars"": [{""id"": ""3b15533c036c346dcef67c5f864a0fd55841fab26a76b5b7d9ad04d6d419ad8b@group.calendar.google.com""}], ""timeMin"": ""2026-09-01T00:00:00Z"", ""timeMax"": ""2026-11-01T00:00:00Z""}","{""timeMin"":""2026-09-01T00:00:00Z"",""timeMax"":""2026-11-01T00:00:00Z"",""calendars"":{""3b15533c036c346dcef67c5f864a0fd55841fab26a76b5b7d9ad04d6d419ad8b@group.calendar.google.com"":{""busy"":[]}}}",v8_scale,false
69,2026-08-06T14:00:09,calendar_aurora,scale@calendar_aurora,SCALE,clock,get-current-time,OK,{},"{""currentTime"":""2026-08-06T14:19:06.501+03:00"",""timezone"":""Asia/Jerusalem"",""offset"":""+03:00"",""isDST"":false,""dayOfWeek"":""Thursday""}",v8_scale,false
70,2026-08-06T14:00:10,calendar_aurora,scale@calendar_aurora,SCALE,aurora-team,list-events,OK,"{""calendarId"": ""071832f5fc964d815028bbf5cb4739b2a01c65aa34d3ef1ddb8b7df68c89cb61@group.calendar.google.com"", ""timeMin"": ""2026-09-01T00:00:00Z"", ""timeMax"": ""2026-11-01T00:00:00Z""}","{""events"":[],""totalCount"":0}",v8_scale,false
71,2026-08-06T14:00:11,calendar_aurora,scale@calendar_aurora,SCALE,aurora-team,search-events,OK,"{""calendarId"": ""071832f5fc964d815028bbf5cb4739b2a01c65aa34d3ef1ddb8b7df68c89cb61@group.calendar.google.com"", ""query"": ""audit"", ""timeMin"": ""2026-09-01T00:00:00Z"", ""timeMax"": ""2026-11-01T00:00:00Z""}","{""events"":[],""totalCount"":0,""query"":""audit"",""calendarId"":""071832f5fc964d815028bbf5cb4739b2a01c65aa34d3ef1ddb8b7df68c89cb61@group.calendar.google.com"",""timeRange"":{""start"":""2026-09-01T00:00:00Z"",""end"":""2026-11-01T00:00:00Z""}}",v8_scale,false
72,2026-08-06T14:00:12,calendar_aurora,scale@calendar_aurora,SCALE,free-busy-availability,get-freebusy,OK,"{""calendars"": [{""id"": ""071832f5fc964d815028bbf5cb4739b2a01c65aa34d3ef1ddb8b7df68c89cb61@group.calendar.google.com""}], ""timeMin"": ""2026-09-01T00:00:00Z"", ""timeMax"": ""2026-11-01T00:00:00Z""}","{""timeMin"":""2026-09-01T00:00:00Z"",""timeMax"":""2026-11-01T00:00:00Z"",""calendars"":{""071832f5fc964d815028bbf5cb4739b2a01c65aa34d3ef1ddb8b7df68c89cb61@group.calendar.google.com"":{""busy"":[]}}}",v8_scale,false
73,2026-08-06T14:00:13,calendar_aurora,scale@calendar_aurora,SCALE,clock,get-current-time,OK,{},"{""currentTime"":""2026-08-06T14:19:09.284+03:00"",""timezone"":""Asia/Jerusalem"",""offset"":""+03:00"",""isDST"":false,""dayOfWeek"":""Thursday""}",v8_scale,false
74,2026-08-06T14:00:14,calendar_aurora,scale@calendar_aurora,SCALE,holidays,list-events,OK,"{""calendarId"": ""en.jewish#holiday@group.v.calendar.google.com"", ""timeMin"": ""2026-10-01T00:00:00Z"", ""timeMax"": ""2026-12-01T00:00:00Z""}","{""events"":[{""id"":""20261001_gqd6ap52vlhn0vd7146ut1n15k"",""summary"":""Sukkot (Day 6)"",""description"":""Observance\nTo hide observances, go to Google Calendar Settings > Holidays in Israel"",""start"":{""date"":""2026-10-01""},""end"":{""date"":""2026-10-02""},""startDayOfWeek"":""Thursday"",""endDayOfWeek"":""Friday"",""status"":""confirmed"",""htmlLink"":""https://www.google.com/calendar/event?eid=MjAyNjEwMDFfZ3FkNmFwNTJ2bGhuMHZkNzE0NnV0MW4xNWsgZW4uamV3aXNoI2hvbGlkYXlAdg"",""created"":""2024-05-22T15:13:12.000Z"",""updated"":""2024-05-22T15:13:12.856Z"",""creator"":{""email"":""en.jewish#holiday@group.v.calendar.google.com"",""displayName"":""Holidays in Israel"",""self"":true},""organizer"":{""email"":""en.jewish#holiday@group.v.calendar.google.com"",""displayName"":""Holidays in Israel"",""self"":true},""transparency"":""transparent"",""visibility"":""public"",""iCalUID"":""20261001_gqd6ap52vlhn0vd7146ut1n15k@google.com"",""sequence"":0,""eventType"":""default"",""calendarId"":""en.jewish#holiday@group.v.calendar.google.com"",""accountId"":""normal""},{""id"":""20261002_9f0j9mlqqbia814sepjpun6dkk"",""summary"":""Sukkot (Day 7) / Hoshanah Rabah"",""description"":""Observance\nTo hide observances, go to Google Calendar Settings > Holidays in Israel"",""start"":{""date"":""2026-10-02""},""end"":{""date"":""2026-10-03""},""startDayOfWeek"":""Friday"",""endDayOfWeek"":""Saturday"",""status"":""confirmed"",""htmlLink"":""https://www.google.com/calendar/event?eid=MjAyNjEwMDJfOWYwajltbHFxYmlhODE0c2VwanB1bjZka2sgZW4uamV3aXNoI2hvbGlkYXlAdg"",""created"":""2024-05-22T15:12:04.000Z"",""updated"":""2024-05-22T15:12:04.237Z",v8_scale,false
75,2026-08-06T14:00:15,calendar_aurora,scale@calendar_aurora,SCALE,holidays,search-events,OK,"{""calendarId"": ""en.jewish#holiday@group.v.calendar.google.com"", ""query"": ""meeting"", ""timeMin"": ""2026-10-01T00:00:00Z"", ""timeMax"": ""2026-12-01T00:00:00Z""}","{""events"":[],""totalCount"":0,""query"":""meeting"",""calendarId"":""en.jewish#holiday@group.v.calendar.google.com"",""timeRange"":{""start"":""2026-10-01T00:00:00Z"",""end"":""2026-12-01T00:00:00Z""}}",v8_scale,false
76,2026-08-06T14:00:16,calendar_aurora,scale@calendar_aurora,SCALE,free-busy-availability,get-freebusy,OK,"{""calendars"": [{""id"": ""en.jewish#holiday@group.v.calendar.google.com""}], ""timeMin"": ""2026-10-01T00:00:00Z"", ""timeMax"": ""2026-12-01T00:00:00Z""}","{""timeMin"":""2026-10-01T00:00:00Z"",""timeMax"":""2026-12-01T00:00:00Z"",""calendars"":{""en.jewish#holiday@group.v.calendar.google.com"":{""busy"":[],""errors"":[{""domain"":""global"",""reason"":""notFound""}]}}}",v8_scale,false
77,2026-08-06T14:00:17,calendar_aurora,scale@calendar_aurora,SCALE,holidays,get-event,OK,"{""calendarId"": ""en.jewish#holiday@group.v.calendar.google.com"", ""eventId"": ""20261001_gqd6ap52vlhn0vd7146ut1n15k""}","{""event"":{""id"":""20261001_gqd6ap52vlhn0vd7146ut1n15k"",""summary"":""Sukkot (Day 6)"",""description"":""Observance\nTo hide observances, go to Google Calendar Settings > Holidays in Israel"",""start"":{""date"":""2026-10-01""},""end"":{""date"":""2026-10-02""},""startDayOfWeek"":""Thursday"",""endDayOfWeek"":""Friday"",""status"":""confirmed"",""htmlLink"":""https://www.google.com/calendar/event?eid=MjAyNjEwMDFfZ3FkNmFwNTJ2bGhuMHZkNzE0NnV0MW4xNWsgZW4uamV3aXNoI2hvbGlkYXlAdg"",""created"":""2024-05-22T15:13:12.000Z"",""updated"":""2024-05-22T15:13:12.856Z"",""creator"":{""email"":""en.jewish#holiday@group.v.calendar.google.com"",""displayName"":""Holidays in Israel"",""self"":true},""organizer"":{""email"":""en.jewish#holiday@group.v.calendar.google.com"",""displayName"":""Holidays in Israel"",""self"":true},""transparency"":""transparent"",""visibility"":""public"",""iCalUID"":""20261001_gqd6ap52vlhn0vd7146ut1n15k@google.com"",""sequence"":0,""eventType"":""default"",""calendarId"":""en.jewish#holiday@group.v.calendar.google.com"",""accountId"":""normal""}}",v8_scale,false
78,2026-08-06T14:00:18,calendar_aurora,scale@calendar_aurora,SCALE,holidays,get-event,OK,"{""calendarId"": ""en.jewish#holiday@group.v.calendar.google.com"", ""eventId"": ""20261002_9f0j9mlqqbia814sepjpun6dkk""}","{""event"":{""id"":""20261002_9f0j9mlqqbia814sepjpun6dkk"",""summary"":""Sukkot (Day 7) / Hoshanah Rabah"",""description"":""Observance\nTo hide observances, go to Google Calendar Settings > Holidays in Israel"",""start"":{""date"":""2026-10-02""},""end"":{""date"":""2026-10-03""},""startDayOfWeek"":""Friday"",""endDayOfWeek"":""Saturday"",""status"":""confirmed"",""htmlLink"":""https://www.google.com/calendar/event?eid=MjAyNjEwMDJfOWYwajltbHFxYmlhODE0c2VwanB1bjZka2sgZW4uamV3aXNoI2hvbGlkYXlAdg"",""created"":""2024-05-22T15:12:04.000Z"",""updated"":""2024-05-22T15:12:04.237Z"",""creator"":{""email"":""en.jewish#holiday@group.v.calendar.google.com"",""displayName"":""Holidays in Israel"",""self"":true},""organizer"":{""email"":""en.jewish#holiday@group.v.calendar.google.com"",""displayName"":""Holidays in Israel"",""self"":true},""transparency"":""transparent"",""visibility"":""public"",""iCalUID"":""20261002_9f0j9mlqqbia814sepjpun6dkk@google.com"",""sequence"":0,""eventType"":""default"",""calendarId"":""en.jewish#holiday@group.v.calendar.google.com"",""accountId"":""normal""}}",v8_scale,false
79,2026-08-06T14:00:19,calendar_aurora,scale@calendar_aurora,SCALE,clock,get-current-time,OK,{},"{""currentTime"":""2026-08-06T14:19:11.233+03:00"",""timezone"":""Asia/Jerusalem"",""offset"":""+03:00"",""isDST"":false,""dayOfWeek"":""Thursday""}",v8_scale,false
80,2026-08-06T14:00:20,calendar_aurora,scale@calendar_aurora,SCALE,aurora-exec,list-events,OK,"{""calendarId"": ""7cfda9476d8bd30666c190ac4823aca48bdf9b2022380825d704e8ef5867e24d@group.calendar.google.com"", ""timeMin"": ""2026-10-01T00:00:00Z"", ""timeMax"": ""2026-12-01T00:00:00Z""}","{""events"":[],""totalCount"":0}",v8_scale,false
81,2026-08-06T14:00:21,calendar_aurora,scale@calendar_aurora,SCALE,aurora-exec,search-events,OK,"{""calendarId"": ""7cfda9476d8bd30666c190ac4823aca48bdf9b2022380825d704e8ef5867e24d@group.calendar.google.com"", ""query"": ""meeting"", ""timeMin"": ""2026-10-01T00:00:00Z"", ""timeMax"": ""2026-12-01T00:00:00Z""}","{""events"":[],""totalCount"":0,""query"":""meeting"",""calendarId"":""7cfda9476d8bd30666c190ac4823aca48bdf9b2022380825d704e8ef5867e24d@group.calendar.google.com"",""timeRange"":{""start"":""2026-10-01T00:00:00Z"",""end"":""2026-12-01T00:00:00Z""}}",v8_scale,false
82,2026-08-06T14:00:22,calendar_aurora,scale@calendar_aurora,SCALE,free-busy-availability,get-freebusy,OK,"{""calendars"": [{""id"": ""7cfda9476d8bd30666c190ac4823aca48bdf9b2022380825d704e8ef5867e24d@group.calendar.google.com""}], ""timeMin"": ""2026-10-01T00:00:00Z"", ""timeMax"": ""2026-12-01T00:00:00Z""}","{""timeMin"":""2026-10-01T00:00:00Z"",""timeMax"":""2026-12-01T00:00:00Z"",""calendars"":{""7cfda9476d8bd30666c190ac4823aca48bdf9b2022380825d704e8ef5867e24d@group.calendar.google.com"":{""busy"":[]}}}",v8_scale,false
83,2026-08-06T14:00:23,calendar_aurora,scale@calendar_aurora,SCALE,clock,get-current-time,OK,{},"{""currentTime"":""2026-08-06T14:19:13.271+03:00"",""timezone"":""Asia/Jerusalem"",""offset"":""+03:00"",""isDST"":false,""dayOfWeek"":""Thursday""}",v8_scale,false
84,2026-08-06T14:00:24,calendar_aurora,scale@calendar_aurora,SCALE,aurora-crew-roster,list-events,OK,"{""calendarId"": ""79001a05150868580a9ec5f018cd17fcc4f19b738f901988b85c9a5aa594c89a@group.calendar.google.com"", ""timeMin"": ""2026-10-01T00:00:00Z"", ""timeMax"": ""2026-12-01T00:00:00Z""}","{""events"":[],""totalCount"":0}",v8_scale,false
85,2026-08-06T14:00:25,calendar_aurora,scale@calendar_aurora,SCALE,aurora-crew-roster,search-events,OK,"{""calendarId"": ""79001a05150868580a9ec5f018cd17fcc4f19b738f901988b85c9a5aa594c89a@group.calendar.google.com"", ""query"": ""meeting"", ""timeMin"": ""2026-10-01T00:00:00Z"", ""timeMax"": ""2026-12-01T00:00:00Z""}","{""events"":[],""totalCount"":0,""query"":""meeting"",""calendarId"":""79001a05150868580a9ec5f018cd17fcc4f19b738f901988b85c9a5aa594c89a@group.calendar.google.com"",""timeRange"":{""start"":""2026-10-01T00:00:00Z"",""end"":""2026-12-01T00:00:00Z""}}",v8_scale,false
86,2026-08-06T14:00:26,calendar_aurora,scale@calendar_aurora,SCALE,free-busy-availability,get-freebusy,OK,"{""calendars"": [{""id"": ""79001a05150868580a9ec5f018cd17fcc4f19b738f901988b85c9a5aa594c89a@group.calendar.google.com""}], ""timeMin"": ""2026-10-01T00:00:00Z"", ""timeMax"": ""2026-12-01T00:00:00Z""}","{""timeMin"":""2026-10-01T00:00:00Z"",""timeMax"":""2026-12-01T00:00:00Z"",""calendars"":{""79001a05150868580a9ec5f018cd17fcc4f19b738f901988b85c9a5aa594c89a@group.calendar.google.com"":{""busy"":[]}}}",v8_scale,false
87,2026-08-06T14:00:27,calendar_aurora,scale@calendar_aurora,SCALE,clock,get-current-time,OK,{},"{""currentTime"":""2026-08-06T14:19:15.338+03:00"",""timezone"":""Asia/Jerusalem"",""offset"":""+03:00"",""isDST"":false,""dayOfWeek"":""Thursday""}",v8_scale,false
88,2026-08-06T14:00:28,calendar_aurora,scale@calendar_aurora,SCALE,aurora-maintenance,list-events,OK,"{""calendarId"": ""43c607dd30031ec1e7656af0f73917174a7a3f4360584654656a3c39b716dfb0@group.calendar.google.com"", ""timeMin"": ""2026-10-01T00:00:00Z"", ""timeMax"": ""2026-12-01T00:00:00Z""}","{""events"":[],""totalCount"":0}",v8_scale,false
89,2026-08-06T14:00:29,calendar_aurora,scale@calendar_aurora,SCALE,aurora-maintenance,search-events,OK,"{""calendarId"": ""43c607dd30031ec1e7656af0f73917174a7a3f4360584654656a3c39b716dfb0@group.calendar.google.com"", ""query"": ""meeting"", ""timeMin"": ""2026-10-01T00:00:00Z"", ""timeMax"": ""2026-12-01T00:00:00Z""}","{""events"":[],""totalCount"":0,""query"":""meeting"",""calendarId"":""43c607dd30031ec1e7656af0f73917174a7a3f4360584654656a3c39b716dfb0@group.calendar.google.com"",""timeRange"":{""start"":""2026-10-01T00:00:00Z"",""end"":""2026-12-01T00:00:00Z""}}",v8_scale,false
90,2026-08-06T14:00:30,calendar_aurora,scale@calendar_aurora,SCALE,free-busy-availability,get-freebusy,OK,"{""calendars"": [{""id"": ""43c607dd30031ec1e7656af0f73917174a7a3f4360584654656a3c39b716dfb0@group.calendar.google.com""}], ""timeMin"": ""2026-10-01T00:00:00Z"", ""timeMax"": ""2026-12-01T00:00:00Z""}","{""timeMin"":""2026-10-01T00:00:00Z"",""timeMax"":""2026-12-01T00:00:00Z"",""calendars"":{""43c607dd30031ec1e7656af0f73917174a7a3f4360584654656a3c39b716dfb0@group.calendar.google.com"":{""busy"":[]}}}",v8_scale,false
91,2026-08-06T14:00:31,calendar_aurora,scale@calendar_aurora,SCALE,clock,get-current-time,OK,{},"{""currentTime"":""2026-08-06T14:19:17.435+03:00"",""timezone"":""Asia/Jerusalem"",""offset"":""+03:00"",""isDST"":false,""dayOfWeek"":""Thursday""}",v8_scale,false
92,2026-08-06T14:00:32,calendar_aurora,scale@calendar_aurora,SCALE,aurora-regulatory,list-events,OK,"{""calendarId"": ""3b15533c036c346dcef67c5f864a0fd55841fab26a76b5b7d9ad04d6d419ad8b@group.calendar.google.com"", ""timeMin"": ""2026-10-01T00:00:00Z"", ""timeMax"": ""2026-12-01T00:00:00Z""}","{""events"":[],""totalCount"":0}",v8_scale,false
93,2026-08-06T14:00:33,calendar_aurora,scale@calendar_aurora,SCALE,aurora-regulatory,search-events,OK,"{""calendarId"": ""3b15533c036c346dcef67c5f864a0fd55841fab26a76b5b7d9ad04d6d419ad8b@group.calendar.google.com"", ""query"": ""meeting"", ""timeMin"": ""2026-10-01T00:00:00Z"", ""timeMax"": ""2026-12-01T00:00:00Z""}","{""events"":[],""totalCount"":0,""query"":""meeting"",""calendarId"":""3b15533c036c346dcef67c5f864a0fd55841fab26a76b5b7d9ad04d6d419ad8b@group.calendar.google.com"",""timeRange"":{""start"":""2026-10-01T00:00:00Z"",""end"":""2026-12-01T00:00:00Z""}}",v8_scale,false
94,2026-08-06T14:00:34,calendar_aurora,scale@calendar_aurora,SCALE,free-busy-availability,get-freebusy,OK,"{""calendars"": [{""id"": ""3b15533c036c346dcef67c5f864a0fd55841fab26a76b5b7d9ad04d6d419ad8b@group.calendar.google.com""}], ""timeMin"": ""2026-10-01T00:00:00Z"", ""timeMax"": ""2026-12-01T00:00:00Z""}","{""timeMin"":""2026-10-01T00:00:00Z"",""timeMax"":""2026-12-01T00:00:00Z"",""calendars"":{""3b15533c036c346dcef67c5f864a0fd55841fab26a76b5b7d9ad04d6d419ad8b@group.calendar.google.com"":{""busy"":[]}}}",v8_scale,false
95,2026-08-06T14:00:35,calendar_aurora,scale@calendar_aurora,SCALE,clock,get-current-time,OK,{},"{""currentTime"":""2026-08-06T14:19:19.741+03:00"",""timezone"":""Asia/Jerusalem"",""offset"":""+03:00"",""isDST"":false,""dayOfWeek"":""Thursday""}",v8_scale,false
96,2026-08-06T14:00:36,calendar_aurora,scale@calendar_aurora,SCALE,aurora-team,list-events,OK,"{""calendarId"": ""071832f5fc964d815028bbf5cb4739b2a01c65aa34d3ef1ddb8b7df68c89cb61@group.calendar.google.com"", ""timeMin"": ""2026-10-01T00:00:00Z"", ""timeMax"": ""2026-12-01T00:00:00Z""}","{""events"":[],""totalCount"":0}",v8_scale,false
97,2026-08-06T14:00:37,calendar_aurora,scale@calendar_aurora,SCALE,aurora-team,search-events,OK,"{""calendarId"": ""071832f5fc964d815028bbf5cb4739b2a01c65aa34d3ef1ddb8b7df68c89cb61@group.calendar.google.com"", ""query"": ""meeting"", ""timeMin"": ""2026-10-01T00:00:00Z"", ""timeMax"": ""2026-12-01T00:00:00Z""}","{""events"":[],""totalCount"":0,""query"":""meeting"",""calendarId"":""071832f5fc964d815028bbf5cb4739b2a01c65aa34d3ef1ddb8b7df68c89cb61@group.calendar.google.com"",""timeRange"":{""start"":""2026-10-01T00:00:00Z"",""end"":""2026-12-01T00:00:00Z""}}",v8_scale,false
98,2026-08-06T14:00:38,calendar_aurora,scale@calendar_aurora,SCALE,free-busy-availability,get-freebusy,OK,"{""calendars"": [{""id"": ""071832f5fc964d815028bbf5cb4739b2a01c65aa34d3ef1ddb8b7df68c89cb61@group.calendar.google.com""}], ""timeMin"": ""2026-10-01T00:00:00Z"", ""timeMax"": ""2026-12-01T00:00:00Z""}","{""timeMin"":""2026-10-01T00:00:00Z"",""timeMax"":""2026-12-01T00:00:00Z"",""calendars"":{""071832f5fc964d815028bbf5cb4739b2a01c65aa34d3ef1ddb8b7df68c89cb61@group.calendar.google.com"":{""busy"":[]}}}",v8_scale,false
99,2026-08-06T14:00:39,calendar_aurora,scale@calendar_aurora,SCALE,clock,get-current-time,OK,{},"{""currentTime"":""2026-08-06T14:19:22.021+03:00"",""timezone"":""Asia/Jerusalem"",""offset"":""+03:00"",""isDST"":false,""dayOfWeek"":""Thursday""}",v8_scale,false
100,2026-08-06T14:00:40,calendar_aurora,scale@calendar_aurora,SCALE,holidays,list-events,OK,"{""calendarId"": ""en.jewish#holiday@group.v.calendar.google.com"", ""timeMin"": ""2026-11-01T00:00:00Z"", ""timeMax"": ""2027-01-01T00:00:00Z""}","{""events"":[{""id"":""20261109_kucc98lm7prd38em2ed5rbq6os"",""summary"":""Sigd"",""description"":""Observance\nTo hide observances, go to Google Calendar Settings > Holidays in Israel"",""start"":{""date"":""2026-11-09""},""end"":{""date"":""2026-11-10""},""startDayOfWeek"":""Monday"",""endDayOfWeek"":""Tuesday"",""status"":""confirmed"",""htmlLink"":""https://www.google.com/calendar/event?eid=MjAyNjExMDlfa3VjYzk4bG03cHJkMzhlbTJlZDVyYnE2b3MgZW4uamV3aXNoI2hvbGlkYXlAdg"",""created"":""2025-11-22T07:57:01.000Z"",""updated"":""2025-11-22T07:57:01.231Z"",""creator"":{""email"":""en.jewish#holiday@group.v.calendar.google.com"",""displayName"":""Holidays in Israel"",""self"":true},""organizer"":{""email"":""en.jewish#holiday@group.v.calendar.google.com"",""displayName"":""Holidays in Israel"",""self"":true},""transparency"":""transparent"",""visibility"":""public"",""iCalUID"":""20261109_kucc98lm7prd38em2ed5rbq6os@google.com"",""sequence"":0,""eventType"":""default"",""calendarId"":""en.jewish#holiday@group.v.calendar.google.com"",""accountId"":""normal""},{""id"":""20261205_tcmvfekc8tenfjnmfk5dl9nph4"",""summary"":""Hanukkah (Day 1)"",""description"":""Observance\nTo hide observances, go to Google Calendar Settings > Holidays in Israel"",""start"":{""date"":""2026-12-05""},""end"":{""date"":""2026-12-06""},""startDayOfWeek"":""Saturday"",""endDayOfWeek"":""Sunday"",""status"":""confirmed"",""htmlLink"":""https://www.google.com/calendar/event?eid=MjAyNjEyMDVfdGNtdmZla2M4dGVuZmpubWZrNWRsOW5waDQgZW4uamV3aXNoI2hvbGlkYXlAdg"",""created"":""2024-05-22T15:13:12.000Z"",""updated"":""2024-05-22T15:13:12.856Z"",""creator"":{""email"":""en.j",v8_scale,false
101,2026-08-06T14:00:41,calendar_aurora,scale@calendar_aurora,SCALE,holidays,search-events,OK,"{""calendarId"": ""en.jewish#holiday@group.v.calendar.google.com"", ""query"": ""board"", ""timeMin"": ""2026-11-01T00:00:00Z"", ""timeMax"": ""2027-01-01T00:00:00Z""}","{""events"":[],""totalCount"":0,""query"":""board"",""calendarId"":""en.jewish#holiday@group.v.calendar.google.com"",""timeRange"":{""start"":""2026-11-01T00:00:00Z"",""end"":""2027-01-01T00:00:00Z""}}",v8_scale,false
102,2026-08-06T14:00:42,calendar_aurora,scale@calendar_aurora,SCALE,free-busy-availability,get-freebusy,OK,"{""calendars"": [{""id"": ""en.jewish#holiday@group.v.calendar.google.com""}], ""timeMin"": ""2026-11-01T00:00:00Z"", ""timeMax"": ""2027-01-01T00:00:00Z""}","{""timeMin"":""2026-11-01T00:00:00Z"",""timeMax"":""2027-01-01T00:00:00Z"",""calendars"":{""en.jewish#holiday@group.v.calendar.google.com"":{""busy"":[],""errors"":[{""domain"":""global"",""reason"":""notFound""}]}}}",v8_scale,false
103,2026-08-06T14:00:43,calendar_aurora,scale@calendar_aurora,SCALE,holidays,get-event,OK,"{""calendarId"": ""en.jewish#holiday@group.v.calendar.google.com"", ""eventId"": ""20261109_kucc98lm7prd38em2ed5rbq6os""}","{""event"":{""id"":""20261109_kucc98lm7prd38em2ed5rbq6os"",""summary"":""Sigd"",""description"":""Observance\nTo hide observances, go to Google Calendar Settings > Holidays in Israel"",""start"":{""date"":""2026-11-09""},""end"":{""date"":""2026-11-10""},""startDayOfWeek"":""Monday"",""endDayOfWeek"":""Tuesday"",""status"":""confirmed"",""htmlLink"":""https://www.google.com/calendar/event?eid=MjAyNjExMDlfa3VjYzk4bG03cHJkMzhlbTJlZDVyYnE2b3MgZW4uamV3aXNoI2hvbGlkYXlAdg"",""created"":""2025-11-22T07:57:01.000Z"",""updated"":""2025-11-22T07:57:01.231Z"",""creator"":{""email"":""en.jewish#holiday@group.v.calendar.google.com"",""displayName"":""Holidays in Israel"",""self"":true},""organizer"":{""email"":""en.jewish#holiday@group.v.calendar.google.com"",""displayName"":""Holidays in Israel"",""self"":true},""transparency"":""transparent"",""visibility"":""public"",""iCalUID"":""20261109_kucc98lm7prd38em2ed5rbq6os@google.com"",""sequence"":0,""eventType"":""default"",""calendarId"":""en.jewish#holiday@group.v.calendar.google.com"",""accountId"":""normal""}}",v8_scale,false
104,2026-08-06T14:00:44,calendar_aurora,scale@calendar_aurora,SCALE,holidays,get-event,OK,"{""calendarId"": ""en.jewish#holiday@group.v.calendar.google.com"", ""eventId"": ""20261205_tcmvfekc8tenfjnmfk5dl9nph4""}","{""event"":{""id"":""20261205_tcmvfekc8tenfjnmfk5dl9nph4"",""summary"":""Hanukkah (Day 1)"",""description"":""Observance\nTo hide observances, go to Google Calendar Settings > Holidays in Israel"",""start"":{""date"":""2026-12-05""},""end"":{""date"":""2026-12-06""},""startDayOfWeek"":""Saturday"",""endDayOfWeek"":""Sunday"",""status"":""confirmed"",""htmlLink"":""https://www.google.com/calendar/event?eid=MjAyNjEyMDVfdGNtdmZla2M4dGVuZmpubWZrNWRsOW5waDQgZW4uamV3aXNoI2hvbGlkYXlAdg"",""created"":""2024-05-22T15:13:12.000Z"",""updated"":""2024-05-22T15:13:12.856Z"",""creator"":{""email"":""en.jewish#holiday@group.v.calendar.google.com"",""displayName"":""Holidays in Israel"",""self"":true},""organizer"":{""email"":""en.jewish#holiday@group.v.calendar.google.com"",""displayName"":""Holidays in Israel"",""self"":true},""transparency"":""transparent"",""visibility"":""public"",""iCalUID"":""20261205_tcmvfekc8tenfjnmfk5dl9nph4@google.com"",""sequence"":0,""eventType"":""default"",""calendarId"":""en.jewish#holiday@group.v.calendar.google.com"",""accountId"":""normal""}}",v8_scale,false
105,2026-08-06T14:00:45,calendar_aurora,scale@calendar_aurora,SCALE,clock,get-current-time,OK,{},"{""currentTime"":""2026-08-06T14:19:24.478+03:00"",""timezone"":""Asia/Jerusalem"",""offset"":""+03:00"",""isDST"":false,""dayOfWeek"":""Thursday""}",v8_scale,false
106,2026-08-06T14:00:46,calendar_aurora,scale@calendar_aurora,SCALE,aurora-exec,list-events,OK,"{""calendarId"": ""7cfda9476d8bd30666c190ac4823aca48bdf9b2022380825d704e8ef5867e24d@group.calendar.google.com"", ""timeMin"": ""2026-11-01T00:00:00Z"", ""timeMax"": ""2027-01-01T00:00:00Z""}","{""events"":[],""totalCount"":0}",v8_scale,false
107,2026-08-06T14:00:47,calendar_aurora,scale@calendar_aurora,SCALE,aurora-exec,search-events,OK,"{""calendarId"": ""7cfda9476d8bd30666c190ac4823aca48bdf9b2022380825d704e8ef5867e24d@group.calendar.google.com"", ""query"": ""board"", ""timeMin"": ""2026-11-01T00:00:00Z"", ""timeMax"": ""2027-01-01T00:00:00Z""}","{""events"":[],""totalCount"":0,""query"":""board"",""calendarId"":""7cfda9476d8bd30666c190ac4823aca48bdf9b2022380825d704e8ef5867e24d@group.calendar.google.com"",""timeRange"":{""start"":""2026-11-01T00:00:00Z"",""end"":""2027-01-01T00:00:00Z""}}",v8_scale,false
108,2026-08-06T14:00:48,calendar_aurora,scale@calendar_aurora,SCALE,free-busy-availability,get-freebusy,OK,"{""calendars"": [{""id"": ""7cfda9476d8bd30666c190ac4823aca48bdf9b2022380825d704e8ef5867e24d@group.calendar.google.com""}], ""timeMin"": ""2026-11-01T00:00:00Z"", ""timeMax"": ""2027-01-01T00:00:00Z""}","{""timeMin"":""2026-11-01T00:00:00Z"",""timeMax"":""2027-01-01T00:00:00Z"",""calendars"":{""7cfda9476d8bd30666c190ac4823aca48bdf9b2022380825d704e8ef5867e24d@group.calendar.google.com"":{""busy"":[]}}}",v8_scale,false
109,2026-08-06T14:00:49,calendar_aurora,scale@calendar_aurora,SCALE,clock,get-current-time,OK,{},"{""currentTime"":""2026-08-06T14:19:26.296+03:00"",""timezone"":""Asia/Jerusalem"",""offset"":""+03:00"",""isDST"":false,""dayOfWeek"":""Thursday""}",v8_scale,false
110,2026-08-06T14:00:50,calendar_aurora,scale@calendar_aurora,SCALE,aurora-crew-roster,list-events,OK,"{""calendarId"": ""79001a05150868580a9ec5f018cd17fcc4f19b738f901988b85c9a5aa594c89a@group.calendar.google.com"", ""timeMin"": ""2026-11-01T00:00:00Z"", ""timeMax"": ""2027-01-01T00:00:00Z""}","{""events"":[],""totalCount"":0}",v8_scale,false
111,2026-08-06T14:00:51,calendar_aurora,scale@calendar_aurora,SCALE,aurora-crew-roster,search-events,OK,"{""calendarId"": ""79001a05150868580a9ec5f018cd17fcc4f19b738f901988b85c9a5aa594c89a@group.calendar.google.com"", ""query"": ""board"", ""timeMin"": ""2026-11-01T00:00:00Z"", ""timeMax"": ""2027-01-01T00:00:00Z""}","{""events"":[],""totalCount"":0,""query"":""board"",""calendarId"":""79001a05150868580a9ec5f018cd17fcc4f19b738f901988b85c9a5aa594c89a@group.calendar.google.com"",""timeRange"":{""start"":""2026-11-01T00:00:00Z"",""end"":""2027-01-01T00:00:00Z""}}",v8_scale,false
112,2026-08-06T14:00:52,calendar_aurora,scale@calendar_aurora,SCALE,free-busy-availability,get-freebusy,OK,"{""calendars"": [{""id"": ""79001a05150868580a9ec5f018cd17fcc4f19b738f901988b85c9a5aa594c89a@group.calendar.google.com""}], ""timeMin"": ""2026-11-01T00:00:00Z"", ""timeMax"": ""2027-01-01T00:00:00Z""}","{""timeMin"":""2026-11-01T00:00:00Z"",""timeMax"":""2027-01-01T00:00:00Z"",""calendars"":{""79001a05150868580a9ec5f018cd17fcc4f19b738f901988b85c9a5aa594c89a@group.calendar.google.com"":{""busy"":[]}}}",v8_scale,false
113,2026-08-06T14:00:53,calendar_aurora,scale@calendar_aurora,SCALE,clock,get-current-time,OK,{},"{""currentTime"":""2026-08-06T14:19:28.573+03:00"",""timezone"":""Asia/Jerusalem"",""offset"":""+03:00"",""isDST"":false,""dayOfWeek"":""Thursday""}",v8_scale,false
114,2026-08-06T14:00:54,calendar_aurora,scale@calendar_aurora,SCALE,aurora-maintenance,list-events,OK,"{""calendarId"": ""43c607dd30031ec1e7656af0f73917174a7a3f4360584654656a3c39b716dfb0@group.calendar.google.com"", ""timeMin"": ""2026-11-01T00:00:00Z"", ""timeMax"": ""2027-01-01T00:00:00Z""}","{""events"":[],""totalCount"":0}",v8_scale,false
115,2026-08-06T14:00:55,calendar_aurora,scale@calendar_aurora,SCALE,aurora-maintenance,search-events,OK,"{""calendarId"": ""43c607dd30031ec1e7656af0f73917174a7a3f4360584654656a3c39b716dfb0@group.calendar.google.com"", ""query"": ""board"", ""timeMin"": ""2026-11-01T00:00:00Z"", ""timeMax"": ""2027-01-01T00:00:00Z""}","{""events"":[],""totalCount"":0,""query"":""board"",""calendarId"":""43c607dd30031ec1e7656af0f73917174a7a3f4360584654656a3c39b716dfb0@group.calendar.google.com"",""timeRange"":{""start"":""2026-11-01T00:00:00Z"",""end"":""2027-01-01T00:00:00Z""}}",v8_scale,false
116,2026-08-06T14:00:56,calendar_aurora,scale@calendar_aurora,SCALE,free-busy-availability,get-freebusy,OK,"{""calendars"": [{""id"": ""43c607dd30031ec1e7656af0f73917174a7a3f4360584654656a3c39b716dfb0@group.calendar.google.com""}], ""timeMin"": ""2026-11-01T00:00:00Z"", ""timeMax"": ""2027-01-01T00:00:00Z""}","{""timeMin"":""2026-11-01T00:00:00Z"",""timeMax"":""2027-01-01T00:00:00Z"",""calendars"":{""43c607dd30031ec1e7656af0f73917174a7a3f4360584654656a3c39b716dfb0@group.calendar.google.com"":{""busy"":[]}}}",v8_scale,false
117,2026-08-06T14:00:57,calendar_aurora,scale@calendar_aurora,SCALE,clock,get-current-time,OK,{},"{""currentTime"":""2026-08-06T14:19:30.696+03:00"",""timezone"":""Asia/Jerusalem"",""offset"":""+03:00"",""isDST"":false,""dayOfWeek"":""Thursday""}",v8_scale,false
118,2026-08-06T14:00:58,calendar_aurora,scale@calendar_aurora,SCALE,aurora-regulatory,list-events,OK,"{""calendarId"": ""3b15533c036c346dcef67c5f864a0fd55841fab26a76b5b7d9ad04d6d419ad8b@group.calendar.google.com"", ""timeMin"": ""2026-11-01T00:00:00Z"", ""timeMax"": ""2027-01-01T00:00:00Z""}","{""events"":[],""totalCount"":0}",v8_scale,false
119,2026-08-06T14:00:59,calendar_aurora,scale@calendar_aurora,SCALE,aurora-regulatory,search-events,OK,"{""calendarId"": ""3b15533c036c346dcef67c5f864a0fd55841fab26a76b5b7d9ad04d6d419ad8b@group.calendar.google.com"", ""query"": ""board"", ""timeMin"": ""2026-11-01T00:00:00Z"", ""timeMax"": ""2027-01-01T00:00:00Z""}","{""events"":[],""totalCount"":0,""query"":""board"",""calendarId"":""3b15533c036c346dcef67c5f864a0fd55841fab26a76b5b7d9ad04d6d419ad8b@group.calendar.google.com"",""timeRange"":{""start"":""2026-11-01T00:00:00Z"",""end"":""2027-01-01T00:00:00Z""}}",v8_scale,false
120,2026-08-06T14:00:00,calendar_aurora,scale@calendar_aurora,SCALE,free-busy-availability,get-freebusy,OK,"{""calendars"": [{""id"": ""3b15533c036c346dcef67c5f864a0fd55841fab26a76b5b7d9ad04d6d419ad8b@group.calendar.google.com""}], ""timeMin"": ""2026-11-01T00:00:00Z"", ""timeMax"": ""2027-01-01T00:00:00Z""}","{""timeMin"":""2026-11-01T00:00:00Z"",""timeMax"":""2027-01-01T00:00:00Z"",""calendars"":{""3b15533c036c346dcef67c5f864a0fd55841fab26a76b5b7d9ad04d6d419ad8b@group.calendar.google.com"":{""busy"":[]}}}",v8_scale,false
121,2026-08-06T14:00:01,calendar_aurora,scale@calendar_aurora,SCALE,clock,get-current-time,OK,{},"{""currentTime"":""2026-08-06T14:19:32.937+03:00"",""timezone"":""Asia/Jerusalem"",""offset"":""+03:00"",""isDST"":false,""dayOfWeek"":""Thursday""}",v8_scale,false
122,2026-08-06T14:00:02,calendar_aurora,scale@calendar_aurora,SCALE,aurora-team,list-events,OK,"{""calendarId"": ""071832f5fc964d815028bbf5cb4739b2a01c65aa34d3ef1ddb8b7df68c89cb61@group.calendar.google.com"", ""timeMin"": ""2026-11-01T00:00:00Z"", ""timeMax"": ""2027-01-01T00:00:00Z""}","{""events"":[{""id"":""0tnkrslrhn56n5pm9b76fqcmco"",""summary"":""[mcp-v8-scale] updated"",""start"":{""dateTime"":""2026-12-20T10:00:00Z"",""timeZone"":""Europe/London""},""end"":{""dateTime"":""2026-12-20T10:15:00Z"",""timeZone"":""Europe/London""},""startDayOfWeek"":""Sunday"",""endDayOfWeek"":""Sunday"",""status"":""confirmed"",""htmlLink"":""https://www.google.com/calendar/event?eid=MHRua3JzbHJobjU2bjVwbTliNzZmcWNtY28gMDcxODMyZjVmYzk2NGQ4MTUwMjhiYmY1Y2I0NzM5YjJhMDFjNjVhYTM0ZDNlZjFkZGI4YjdkZjY4Yzg5Y2I2MUBn"",""created"":""2026-08-06T11:18:35.000Z"",""updated"":""2026-08-06T11:18:39.097Z"",""creator"":{""email"":""test1mcpsserver@gmail.com""},""organizer"":{""email"":""071832f5fc964d815028bbf5cb4739b2a01c65aa34d3ef1ddb8b7df68c89cb61@group.calendar.google.com"",""displayName"":""Aurora Airways — Ops Team"",""self"":true},""iCalUID"":""0tnkrslrhn56n5pm9b76fqcmco@google.com"",""sequence"":0,""reminders"":{""useDefault"":true},""eventType"":""default"",""calendarId"":""071832f5fc964d815028bbf5cb4739b2a01c65aa34d3ef1ddb8b7df68c89cb61@group.calendar.google.com"",""accountId"":""normal""},{""id"":""6cesng084dnddjlj780gm95e3k"",""summary"":""[mcp-v8-scale] updated"",""start"":{""dateTime"":""2026-12-20T10:00:00Z"",""timeZone"":""Europe/London""},""end"":{""dateTime"":""2026-12-20T10:15:00Z"",""timeZone"":""Europe/London""},""startDayOfWeek"":""Sunday"",""endDayOfWeek"":""Sunday"",""status"":""confirmed"",""htmlLink"":""https://www.google.com/calendar/event?eid=NmNlc25nMDg0ZG5kZGpsajc4MGdtOTVlM2sgMDcxODMyZjVmYzk2NGQ4MTUwMjhiYmY1Y2I0NzM5YjJhMDFjNjVhYTM0ZDNlZjFkZGI4YjdkZjY4Yzg5Y2I2MUBn"",""created"":""2026-08-06T11:16:29.",v8_scale,false
123,2026-08-06T14:00:03,calendar_aurora,scale@calendar_aurora,SCALE,aurora-team,search-events,OK,"{""calendarId"": ""071832f5fc964d815028bbf5cb4739b2a01c65aa34d3ef1ddb8b7df68c89cb61@group.calendar.google.com"", ""query"": ""board"", ""timeMin"": ""2026-11-01T00:00:00Z"", ""timeMax"": ""2027-01-01T00:00:00Z""}","{""events"":[],""totalCount"":0,""query"":""board"",""calendarId"":""071832f5fc964d815028bbf5cb4739b2a01c65aa34d3ef1ddb8b7df68c89cb61@group.calendar.google.com"",""timeRange"":{""start"":""2026-11-01T00:00:00Z"",""end"":""2027-01-01T00:00:00Z""}}",v8_scale,false
124,2026-08-06T14:00:04,calendar_aurora,scale@calendar_aurora,SCALE,free-busy-availability,get-freebusy,OK,"{""calendars"": [{""id"": ""071832f5fc964d815028bbf5cb4739b2a01c65aa34d3ef1ddb8b7df68c89cb61@group.calendar.google.com""}], ""timeMin"": ""2026-11-01T00:00:00Z"", ""timeMax"": ""2027-01-01T00:00:00Z""}","{""timeMin"":""2026-11-01T00:00:00Z"",""timeMax"":""2027-01-01T00:00:00Z"",""calendars"":{""071832f5fc964d815028bbf5cb4739b2a01c65aa34d3ef1ddb8b7df68c89cb61@group.calendar.google.com"":{""busy"":[{""start"":""2026-12-20T12:00:00+02:00"",""end"":""2026-12-20T12:15:00+02:00""},{""start"":""2026-12-21T12:00:00+02:00"",""end"":""2026-12-21T12:15:00+02:00""},{""start"":""2026-12-22T12:00:00+02:00"",""end"":""2026-12-22T12:15:00+02:00""},{""start"":""2026-12-23T12:00:00+02:00"",""end"":""2026-12-23T12:15:00+02:00""},{""start"":""2026-12-29T12:00:00+02:00"",""end"":""2026-12-29T12:15:00+02:00""},{""start"":""2026-12-30T17:00:00+02:00"",""end"":""2026-12-30T17:10:00+02:00""}]}}}",v8_scale,false
125,2026-08-06T14:00:05,calendar_aurora,scale@calendar_aurora,SCALE,aurora-team,get-event,OK,"{""calendarId"": ""071832f5fc964d815028bbf5cb4739b2a01c65aa34d3ef1ddb8b7df68c89cb61@group.calendar.google.com"", ""eventId"": ""0tnkrslrhn56n5pm9b76fqcmco""}","{""event"":{""id"":""0tnkrslrhn56n5pm9b76fqcmco"",""summary"":""[mcp-v8-scale] updated"",""start"":{""dateTime"":""2026-12-20T10:00:00Z"",""timeZone"":""Europe/London""},""end"":{""dateTime"":""2026-12-20T10:15:00Z"",""timeZone"":""Europe/London""},""startDayOfWeek"":""Sunday"",""endDayOfWeek"":""Sunday"",""status"":""confirmed"",""htmlLink"":""https://www.google.com/calendar/event?eid=MHRua3JzbHJobjU2bjVwbTliNzZmcWNtY28gMDcxODMyZjVmYzk2NGQ4MTUwMjhiYmY1Y2I0NzM5YjJhMDFjNjVhYTM0ZDNlZjFkZGI4YjdkZjY4Yzg5Y2I2MUBn"",""created"":""2026-08-06T11:18:35.000Z"",""updated"":""2026-08-06T11:18:39.097Z"",""creator"":{""email"":""test1mcpsserver@gmail.com""},""organizer"":{""email"":""071832f5fc964d815028bbf5cb4739b2a01c65aa34d3ef1ddb8b7df68c89cb61@group.calendar.google.com"",""displayName"":""Aurora Airways — Ops Team"",""self"":true},""iCalUID"":""0tnkrslrhn56n5pm9b76fqcmco@google.com"",""sequence"":0,""reminders"":{""useDefault"":true},""eventType"":""default"",""calendarId"":""071832f5fc964d815028bbf5cb4739b2a01c65aa34d3ef1ddb8b7df68c89cb61@group.calendar.google.com"",""accountId"":""normal""}}",v8_scale,false
126,2026-08-06T14:00:06,calendar_aurora,scale@calendar_aurora,SCALE,aurora-team,get-event,OK,"{""calendarId"": ""071832f5fc964d815028bbf5cb4739b2a01c65aa34d3ef1ddb8b7df68c89cb61@group.calendar.google.com"", ""eventId"": ""6cesng084dnddjlj780gm95e3k""}","{""event"":{""id"":""6cesng084dnddjlj780gm95e3k"",""summary"":""[mcp-v8-scale] updated"",""start"":{""dateTime"":""2026-12-20T10:00:00Z"",""timeZone"":""Europe/London""},""end"":{""dateTime"":""2026-12-20T10:15:00Z"",""timeZone"":""Europe/London""},""startDayOfWeek"":""Sunday"",""endDayOfWeek"":""Sunday"",""status"":""confirmed"",""htmlLink"":""https://www.google.com/calendar/event?eid=NmNlc25nMDg0ZG5kZGpsajc4MGdtOTVlM2sgMDcxODMyZjVmYzk2NGQ4MTUwMjhiYmY1Y2I0NzM5YjJhMDFjNjVhYTM0ZDNlZjFkZGI4YjdkZjY4Yzg5Y2I2MUBn"",""created"":""2026-08-06T11:16:29.000Z"",""updated"":""2026-08-06T11:16:33.256Z"",""creator"":{""email"":""test1mcpsserver@gmail.com""},""organizer"":{""email"":""071832f5fc964d815028bbf5cb4739b2a01c65aa34d3ef1ddb8b7df68c89cb61@group.calendar.google.com"",""displayName"":""Aurora Airways — Ops Team"",""self"":true},""iCalUID"":""6cesng084dnddjlj780gm95e3k@google.com"",""sequence"":0,""reminders"":{""useDefault"":true},""eventType"":""default"",""calendarId"":""071832f5fc964d815028bbf5cb4739b2a01c65aa34d3ef1ddb8b7df68c89cb61@group.calendar.google.com"",""accountId"":""normal""}}",v8_scale,false
127,2026-08-06T14:00:07,calendar_aurora,scale@calendar_aurora,SCALE,clock,get-current-time,OK,{},"{""currentTime"":""2026-08-06T14:19:35.552+03:00"",""timezone"":""Asia/Jerusalem"",""offset"":""+03:00"",""isDST"":false,""dayOfWeek"":""Thursday""}",v8_scale,false
128,2026-08-06T14:00:08,calendar_aurora,scale@calendar_aurora,SCALE,holidays,list-events,OK,"{""calendarId"": ""en.jewish#holiday@group.v.calendar.google.com"", ""timeMin"": ""2026-08-01T00:00:00Z"", ""timeMax"": ""2026-10-01T00:00:00Z""}","{""events"":[{""id"":""20260825_3991leq0pgsue489ugg6i7rsp8"",""summary"":""Prophet's Birthday Eve (tentative)"",""description"":""Observance\nTo hide observances, go to Google Calendar Settings > Holidays in Israel\nDate is tentative and may change."",""start"":{""date"":""2026-08-25""},""end"":{""date"":""2026-08-26""},""startDayOfWeek"":""Tuesday"",""endDayOfWeek"":""Wednesday"",""status"":""confirmed"",""htmlLink"":""https://www.google.com/calendar/event?eid=MjAyNjA4MjVfMzk5MWxlcTBwZ3N1ZTQ4OXVnZzZpN3JzcDggZW4uamV3aXNoI2hvbGlkYXlAdg"",""created"":""2025-11-22T08:00:11.000Z"",""updated"":""2025-11-22T08:00:11.748Z"",""creator"":{""email"":""en.jewish#holiday@group.v.calendar.google.com"",""displayName"":""Holidays in Israel"",""self"":true},""organizer"":{""email"":""en.jewish#holiday@group.v.calendar.google.com"",""displayName"":""Holidays in Israel"",""self"":true},""transparency"":""transparent"",""visibility"":""public"",""iCalUID"":""20260825_3991leq0pgsue489ugg6i7rsp8@google.com"",""sequence"":0,""eventType"":""default"",""calendarId"":""en.jewish#holiday@group.v.calendar.google.com"",""accountId"":""normal""},{""id"":""20260826_pfca3kg83b76p5sdi6u12invak"",""summary"":""Prophet's Birthday (tentative)"",""description"":""Observance\nTo hide observances, go to Google Calendar Settings > Holidays in Israel\nDate is tentative and may change."",""start"":{""date"":""2026-08-26""},""end"":{""date"":""2026-08-27""},""startDayOfWeek"":""Wednesday"",""endDayOfWeek"":""Thursday"",""status"":""confirmed"",""htmlLink"":""https://www.google.com/calendar/event?eid=MjAyNjA4MjZfcGZjYTNrZzgzYjc2cDVzZGk2dTEyaW52YWsgZW4uam",v8_scale,false
129,2026-08-06T14:00:09,calendar_aurora,scale@calendar_aurora,SCALE,holidays,search-events,OK,"{""calendarId"": ""en.jewish#holiday@group.v.calendar.google.com"", ""query"": ""update"", ""timeMin"": ""2026-08-01T00:00:00Z"", ""timeMax"": ""2026-10-01T00:00:00Z""}","{""events"":[],""totalCount"":0,""query"":""update"",""calendarId"":""en.jewish#holiday@group.v.calendar.google.com"",""timeRange"":{""start"":""2026-08-01T00:00:00Z"",""end"":""2026-10-01T00:00:00Z""}}",v8_scale,false
130,2026-08-06T14:00:10,calendar_aurora,scale@calendar_aurora,SCALE,free-busy-availability,get-freebusy,OK,"{""calendars"": [{""id"": ""en.jewish#holiday@group.v.calendar.google.com""}], ""timeMin"": ""2026-08-01T00:00:00Z"", ""timeMax"": ""2026-10-01T00:00:00Z""}","{""timeMin"":""2026-08-01T00:00:00Z"",""timeMax"":""2026-10-01T00:00:00Z"",""calendars"":{""en.jewish#holiday@group.v.calendar.google.com"":{""busy"":[],""errors"":[{""domain"":""global"",""reason"":""notFound""}]}}}",v8_scale,false
131,2026-08-06T14:00:11,calendar_aurora,scale@calendar_aurora,SCALE,holidays,get-event,OK,"{""calendarId"": ""en.jewish#holiday@group.v.calendar.google.com"", ""eventId"": ""20260825_3991leq0pgsue489ugg6i7rsp8""}","{""event"":{""id"":""20260825_3991leq0pgsue489ugg6i7rsp8"",""summary"":""Prophet's Birthday Eve (tentative)"",""description"":""Observance\nTo hide observances, go to Google Calendar Settings > Holidays in Israel\nDate is tentative and may change."",""start"":{""date"":""2026-08-25""},""end"":{""date"":""2026-08-26""},""startDayOfWeek"":""Tuesday"",""endDayOfWeek"":""Wednesday"",""status"":""confirmed"",""htmlLink"":""https://www.google.com/calendar/event?eid=MjAyNjA4MjVfMzk5MWxlcTBwZ3N1ZTQ4OXVnZzZpN3JzcDggZW4uamV3aXNoI2hvbGlkYXlAdg"",""created"":""2025-11-22T08:00:11.000Z"",""updated"":""2025-11-22T08:00:11.748Z"",""creator"":{""email"":""en.jewish#holiday@group.v.calendar.google.com"",""displayName"":""Holidays in Israel"",""self"":true},""organizer"":{""email"":""en.jewish#holiday@group.v.calendar.google.com"",""displayName"":""Holidays in Israel"",""self"":true},""transparency"":""transparent"",""visibility"":""public"",""iCalUID"":""20260825_3991leq0pgsue489ugg6i7rsp8@google.com"",""sequence"":0,""eventType"":""default"",""calendarId"":""en.jewish#holiday@group.v.calendar.google.com"",""accountId"":""normal""}}",v8_scale,false
132,2026-08-06T14:00:12,calendar_aurora,scale@calendar_aurora,SCALE,holidays,get-event,OK,"{""calendarId"": ""en.jewish#holiday@group.v.calendar.google.com"", ""eventId"": ""20260826_pfca3kg83b76p5sdi6u12invak""}","{""event"":{""id"":""20260826_pfca3kg83b76p5sdi6u12invak"",""summary"":""Prophet's Birthday (tentative)"",""description"":""Observance\nTo hide observances, go to Google Calendar Settings > Holidays in Israel\nDate is tentative and may change."",""start"":{""date"":""2026-08-26""},""end"":{""date"":""2026-08-27""},""startDayOfWeek"":""Wednesday"",""endDayOfWeek"":""Thursday"",""status"":""confirmed"",""htmlLink"":""https://www.google.com/calendar/event?eid=MjAyNjA4MjZfcGZjYTNrZzgzYjc2cDVzZGk2dTEyaW52YWsgZW4uamV3aXNoI2hvbGlkYXlAdg"",""created"":""2025-11-22T07:50:55.000Z"",""updated"":""2025-11-22T07:50:55.540Z"",""creator"":{""email"":""en.jewish#holiday@group.v.calendar.google.com"",""displayName"":""Holidays in Israel"",""self"":true},""organizer"":{""email"":""en.jewish#holiday@group.v.calendar.google.com"",""displayName"":""Holidays in Israel"",""self"":true},""transparency"":""transparent"",""visibility"":""public"",""iCalUID"":""20260826_pfca3kg83b76p5sdi6u12invak@google.com"",""sequence"":0,""eventType"":""default"",""calendarId"":""en.jewish#holiday@group.v.calendar.google.com"",""accountId"":""normal""}}",v8_scale,false
133,2026-08-06T14:00:13,calendar_aurora,scale@calendar_aurora,SCALE,clock,get-current-time,OK,{},"{""currentTime"":""2026-08-06T14:19:37.720+03:00"",""timezone"":""Asia/Jerusalem"",""offset"":""+03:00"",""isDST"":false,""dayOfWeek"":""Thursday""}",v8_scale,false
134,2026-08-06T14:00:14,calendar_aurora,scale@calendar_aurora,SCALE,aurora-exec,list-events,OK,"{""calendarId"": ""7cfda9476d8bd30666c190ac4823aca48bdf9b2022380825d704e8ef5867e24d@group.calendar.google.com"", ""timeMin"": ""2026-08-01T00:00:00Z"", ""timeMax"": ""2026-10-01T00:00:00Z""}","{""events"":[{""id"":""gmr7t52mgjnj845rbi2m98h66g"",""summary"":""Board — widebody fleet order decision"",""description"":""Final approval on the 24-frame widebody order; pricing not yet public."",""start"":{""dateTime"":""2026-08-04T09:00:00+01:00"",""timeZone"":""Europe/London""},""end"":{""dateTime"":""2026-08-04T11:00:00+01:00"",""timeZone"":""Europe/London""},""startDayOfWeek"":""Tuesday"",""endDayOfWeek"":""Tuesday"",""status"":""confirmed"",""htmlLink"":""https://www.google.com/calendar/event?eid=Z21yN3Q1Mm1nam5qODQ1cmJpMm05OGg2NmcgN2NmZGE5NDc2ZDhiZDMwNjY2YzE5MGFjNDgyM2FjYTQ4YmRmOWIyMDIyMzgwODI1ZDcwNGU4ZWY1ODY3ZTI0ZEBn"",""created"":""2026-07-29T08:59:34.000Z"",""updated"":""2026-07-29T08:59:34.690Z"",""creator"":{""email"":""test1mcpsserver@gmail.com""},""organizer"":{""email"":""7cfda9476d8bd30666c190ac4823aca48bdf9b2022380825d704e8ef5867e24d@group.calendar.google.com"",""displayName"":""Aurora Airways — Executive"",""self"":true},""attendees"":[{""email"":""cfo@aurora-airways.example"",""responseStatus"":""needsAction""},{""email"":""ceo@aurora-airways.example"",""responseStatus"":""needsAction""}],""iCalUID"":""gmr7t52mgjnj845rbi2m98h66g@google.com"",""sequence"":0,""reminders"":{""useDefault"":true},""eventType"":""default"",""calendarId"":""7cfda9476d8bd30666c190ac4823aca48bdf9b2022380825d704e8ef5867e24d@group.calendar.google.com"",""accountId"":""normal""},{""id"":""1uo79u60und1944nvuovqeu7lk"",""summary"":""Nordic route launch — go/no-go"",""description"":""Unannounced route launch decision; schedule filing follows the meeting."",""start"":{""dateTime"":""2026-08-06T14:00:00+01:00"",""timeZone",v8_scale,false
135,2026-08-06T14:00:15,calendar_aurora,scale@calendar_aurora,SCALE,aurora-exec,search-events,OK,"{""calendarId"": ""7cfda9476d8bd30666c190ac4823aca48bdf9b2022380825d704e8ef5867e24d@group.calendar.google.com"", ""query"": ""update"", ""timeMin"": ""2026-08-01T00:00:00Z"", ""timeMax"": ""2026-10-01T00:00:00Z""}","{""events"":[],""totalCount"":0,""query"":""update"",""calendarId"":""7cfda9476d8bd30666c190ac4823aca48bdf9b2022380825d704e8ef5867e24d@group.calendar.google.com"",""timeRange"":{""start"":""2026-08-01T00:00:00Z"",""end"":""2026-10-01T00:00:00Z""}}",v8_scale,false
136,2026-08-06T14:00:16,calendar_aurora,scale@calendar_aurora,SCALE,free-busy-availability,get-freebusy,OK,"{""calendars"": [{""id"": ""7cfda9476d8bd30666c190ac4823aca48bdf9b2022380825d704e8ef5867e24d@group.calendar.google.com""}], ""timeMin"": ""2026-08-01T00:00:00Z"", ""timeMax"": ""2026-10-01T00:00:00Z""}","{""timeMin"":""2026-08-01T00:00:00Z"",""timeMax"":""2026-10-01T00:00:00Z"",""calendars"":{""7cfda9476d8bd30666c190ac4823aca48bdf9b2022380825d704e8ef5867e24d@group.calendar.google.com"":{""busy"":[{""start"":""2026-08-04T11:00:00+03:00"",""end"":""2026-08-04T13:00:00+03:00""},{""start"":""2026-08-06T16:00:00+03:00"",""end"":""2026-08-06T17:30:00+03:00""},{""start"":""2026-08-11T12:00:00+03:00"",""end"":""2026-08-11T13:00:00+03:00""}]}}}",v8_scale,false
137,2026-08-06T14:00:17,calendar_aurora,scale@calendar_aurora,SCALE,aurora-exec,get-event,OK,"{""calendarId"": ""7cfda9476d8bd30666c190ac4823aca48bdf9b2022380825d704e8ef5867e24d@group.calendar.google.com"", ""eventId"": ""gmr7t52mgjnj845rbi2m98h66g""}","{""event"":{""id"":""gmr7t52mgjnj845rbi2m98h66g"",""summary"":""Board — widebody fleet order decision"",""description"":""Final approval on the 24-frame widebody order; pricing not yet public."",""start"":{""dateTime"":""2026-08-04T09:00:00+01:00"",""timeZone"":""Europe/London""},""end"":{""dateTime"":""2026-08-04T11:00:00+01:00"",""timeZone"":""Europe/London""},""startDayOfWeek"":""Tuesday"",""endDayOfWeek"":""Tuesday"",""status"":""confirmed"",""htmlLink"":""https://www.google.com/calendar/event?eid=Z21yN3Q1Mm1nam5qODQ1cmJpMm05OGg2NmcgN2NmZGE5NDc2ZDhiZDMwNjY2YzE5MGFjNDgyM2FjYTQ4YmRmOWIyMDIyMzgwODI1ZDcwNGU4ZWY1ODY3ZTI0ZEBn"",""created"":""2026-07-29T08:59:34.000Z"",""updated"":""2026-07-29T08:59:34.690Z"",""creator"":{""email"":""test1mcpsserver@gmail.com""},""organizer"":{""email"":""7cfda9476d8bd30666c190ac4823aca48bdf9b2022380825d704e8ef5867e24d@group.calendar.google.com"",""displayName"":""Aurora Airways — Executive"",""self"":true},""attendees"":[{""email"":""cfo@aurora-airways.example"",""responseStatus"":""needsAction""},{""email"":""ceo@aurora-airways.example"",""responseStatus"":""needsAction""}],""iCalUID"":""gmr7t52mgjnj845rbi2m98h66g@google.com"",""sequence"":0,""reminders"":{""useDefault"":true},""eventType"":""default"",""calendarId"":""7cfda9476d8bd30666c190ac4823aca48bdf9b2022380825d704e8ef5867e24d@group.calendar.google.com"",""accountId"":""normal""}}",v8_scale,false
138,2026-08-06T14:00:18,calendar_aurora,scale@calendar_aurora,SCALE,aurora-exec,get-event,OK,"{""calendarId"": ""7cfda9476d8bd30666c190ac4823aca48bdf9b2022380825d704e8ef5867e24d@group.calendar.google.com"", ""eventId"": ""1uo79u60und1944nvuovqeu7lk""}","{""event"":{""id"":""1uo79u60und1944nvuovqeu7lk"",""summary"":""Nordic route launch — go/no-go"",""description"":""Unannounced route launch decision; schedule filing follows the meeting."",""start"":{""dateTime"":""2026-08-06T14:00:00+01:00"",""timeZone"":""Europe/London""},""end"":{""dateTime"":""2026-08-06T15:30:00+01:00"",""timeZone"":""Europe/London""},""startDayOfWeek"":""Thursday"",""endDayOfWeek"":""Thursday"",""status"":""confirmed"",""htmlLink"":""https://www.google.com/calendar/event?eid=MXVvNzl1NjB1bmQxOTQ0bnZ1b3ZxZXU3bGsgN2NmZGE5NDc2ZDhiZDMwNjY2YzE5MGFjNDgyM2FjYTQ4YmRmOWIyMDIyMzgwODI1ZDcwNGU4ZWY1ODY3ZTI0ZEBn"",""created"":""2026-07-29T08:59:35.000Z"",""updated"":""2026-07-29T08:59:35.673Z"",""creator"":{""email"":""test1mcpsserver@gmail.com""},""organizer"":{""email"":""7cfda9476d8bd30666c190ac4823aca48bdf9b2022380825d704e8ef5867e24d@group.calendar.google.com"",""displayName"":""Aurora Airways — Executive"",""self"":true},""attendees"":[{""email"":""cco@aurora-airways.example"",""responseStatus"":""needsAction""}],""iCalUID"":""1uo79u60und1944nvuovqeu7lk@google.com"",""sequence"":0,""reminders"":{""useDefault"":true},""eventType"":""default"",""calendarId"":""7cfda9476d8bd30666c190ac4823aca48bdf9b2022380825d704e8ef5867e24d@group.calendar.google.com"",""accountId"":""normal""}}",v8_scale,false
139,2026-08-06T14:00:19,calendar_aurora,scale@calendar_aurora,SCALE,clock,get-current-time,OK,{},"{""currentTime"":""2026-08-06T14:19:40.206+03:00"",""timezone"":""Asia/Jerusalem"",""offset"":""+03:00"",""isDST"":false,""dayOfWeek"":""Thursday""}",v8_scale,false
140,2026-08-06T14:00:20,calendar_aurora,scale@calendar_aurora,SCALE,aurora-crew-roster,list-events,OK,"{""calendarId"": ""79001a05150868580a9ec5f018cd17fcc4f19b738f901988b85c9a5aa594c89a@group.calendar.google.com"", ""timeMin"": ""2026-08-01T00:00:00Z"", ""timeMax"": ""2026-10-01T00:00:00Z""}","{""events"":[{""id"":""36n0jirb8m3ph9dfhcrb6d3ou8"",""summary"":""AU418 rotation — Capt. Lindqvist"",""description"":""LHR-JFK-LHR duty period; FTL window closes 19:10Z."",""start"":{""dateTime"":""2026-08-03T05:30:00+01:00"",""timeZone"":""Europe/London""},""end"":{""dateTime"":""2026-08-03T18:00:00+01:00"",""timeZone"":""Europe/London""},""startDayOfWeek"":""Monday"",""endDayOfWeek"":""Monday"",""status"":""confirmed"",""htmlLink"":""https://www.google.com/calendar/event?eid=MzZuMGppcmI4bTNwaDlkZmhjcmI2ZDNvdTggNzkwMDFhMDUxNTA4Njg1ODBhOWVjNWYwMThjZDE3ZmNjNGYxOWI3MzhmOTAxOTg4Yjg1YzlhNWFhNTk0Yzg5YUBn"",""created"":""2026-07-29T08:59:36.000Z"",""updated"":""2026-07-29T08:59:36.917Z"",""creator"":{""email"":""test1mcpsserver@gmail.com""},""organizer"":{""email"":""79001a05150868580a9ec5f018cd17fcc4f19b738f901988b85c9a5aa594c89a@group.calendar.google.com"",""displayName"":""Aurora Airways — Crew Roster"",""self"":true},""iCalUID"":""36n0jirb8m3ph9dfhcrb6d3ou8@google.com"",""sequence"":0,""reminders"":{""useDefault"":true},""eventType"":""default"",""calendarId"":""79001a05150868580a9ec5f018cd17fcc4f19b738f901988b85c9a5aa594c89a@group.calendar.google.com"",""accountId"":""normal""},{""id"":""0qqjsjfculhif7qu7qk55adj38"",""summary"":""Standby block — Atlantic fleet reserve"",""description"":""Reserve callout pool for the Atlantic fleet."",""start"":{""dateTime"":""2026-08-03T06:00:00+01:00"",""timeZone"":""Europe/London""},""end"":{""dateTime"":""2026-08-03T18:00:00+01:00"",""timeZone"":""Europe/London""},""startDayOfWeek"":""Monday"",""endDayOfWeek"":""Monday"",""status"":""confirmed"",""htmlLink"":""https://www.google.com",v8_scale,false
141,2026-08-06T14:00:21,calendar_aurora,scale@calendar_aurora,SCALE,aurora-crew-roster,search-events,OK,"{""calendarId"": ""79001a05150868580a9ec5f018cd17fcc4f19b738f901988b85c9a5aa594c89a@group.calendar.google.com"", ""query"": ""update"", ""timeMin"": ""2026-08-01T00:00:00Z"", ""timeMax"": ""2026-10-01T00:00:00Z""}","{""events"":[],""totalCount"":0,""query"":""update"",""calendarId"":""79001a05150868580a9ec5f018cd17fcc4f19b738f901988b85c9a5aa594c89a@group.calendar.google.com"",""timeRange"":{""start"":""2026-08-01T00:00:00Z"",""end"":""2026-10-01T00:00:00Z""}}",v8_scale,false
142,2026-08-06T14:00:22,calendar_aurora,scale@calendar_aurora,SCALE,free-busy-availability,get-freebusy,OK,"{""calendars"": [{""id"": ""79001a05150868580a9ec5f018cd17fcc4f19b738f901988b85c9a5aa594c89a@group.calendar.google.com""}], ""timeMin"": ""2026-08-01T00:00:00Z"", ""timeMax"": ""2026-10-01T00:00:00Z""}","{""timeMin"":""2026-08-01T00:00:00Z"",""timeMax"":""2026-10-01T00:00:00Z"",""calendars"":{""79001a05150868580a9ec5f018cd17fcc4f19b738f901988b85c9a5aa594c89a@group.calendar.google.com"":{""busy"":[{""start"":""2026-08-03T07:30:00+03:00"",""end"":""2026-08-03T20:00:00+03:00""},{""start"":""2026-08-07T10:00:00+03:00"",""end"":""2026-08-07T14:00:00+03:00""}]}}}",v8_scale,false
143,2026-08-06T14:00:23,calendar_aurora,scale@calendar_aurora,SCALE,aurora-crew-roster,get-event,OK,"{""calendarId"": ""79001a05150868580a9ec5f018cd17fcc4f19b738f901988b85c9a5aa594c89a@group.calendar.google.com"", ""eventId"": ""36n0jirb8m3ph9dfhcrb6d3ou8""}","{""event"":{""id"":""36n0jirb8m3ph9dfhcrb6d3ou8"",""summary"":""AU418 rotation — Capt. Lindqvist"",""description"":""LHR-JFK-LHR duty period; FTL window closes 19:10Z."",""start"":{""dateTime"":""2026-08-03T05:30:00+01:00"",""timeZone"":""Europe/London""},""end"":{""dateTime"":""2026-08-03T18:00:00+01:00"",""timeZone"":""Europe/London""},""startDayOfWeek"":""Monday"",""endDayOfWeek"":""Monday"",""status"":""confirmed"",""htmlLink"":""https://www.google.com/calendar/event?eid=MzZuMGppcmI4bTNwaDlkZmhjcmI2ZDNvdTggNzkwMDFhMDUxNTA4Njg1ODBhOWVjNWYwMThjZDE3ZmNjNGYxOWI3MzhmOTAxOTg4Yjg1YzlhNWFhNTk0Yzg5YUBn"",""created"":""2026-07-29T08:59:36.000Z"",""updated"":""2026-07-29T08:59:36.917Z"",""creator"":{""email"":""test1mcpsserver@gmail.com""},""organizer"":{""email"":""79001a05150868580a9ec5f018cd17fcc4f19b738f901988b85c9a5aa594c89a@group.calendar.google.com"",""displayName"":""Aurora Airways — Crew Roster"",""self"":true},""iCalUID"":""36n0jirb8m3ph9dfhcrb6d3ou8@google.com"",""sequence"":0,""reminders"":{""useDefault"":true},""eventType"":""default"",""calendarId"":""79001a05150868580a9ec5f018cd17fcc4f19b738f901988b85c9a5aa594c89a@group.calendar.google.com"",""accountId"":""normal""}}",v8_scale,false
144,2026-08-06T14:00:24,calendar_aurora,scale@calendar_aurora,SCALE,aurora-crew-roster,get-event,OK,"{""calendarId"": ""79001a05150868580a9ec5f018cd17fcc4f19b738f901988b85c9a5aa594c89a@group.calendar.google.com"", ""eventId"": ""0qqjsjfculhif7qu7qk55adj38""}","{""event"":{""id"":""0qqjsjfculhif7qu7qk55adj38"",""summary"":""Standby block — Atlantic fleet reserve"",""description"":""Reserve callout pool for the Atlantic fleet."",""start"":{""dateTime"":""2026-08-03T06:00:00+01:00"",""timeZone"":""Europe/London""},""end"":{""dateTime"":""2026-08-03T18:00:00+01:00"",""timeZone"":""Europe/London""},""startDayOfWeek"":""Monday"",""endDayOfWeek"":""Monday"",""status"":""confirmed"",""htmlLink"":""https://www.google.com/calendar/event?eid=MHFxanNqZmN1bGhpZjdxdTdxazU1YWRqMzggNzkwMDFhMDUxNTA4Njg1ODBhOWVjNWYwMThjZDE3ZmNjNGYxOWI3MzhmOTAxOTg4Yjg1YzlhNWFhNTk0Yzg5YUBn"",""created"":""2026-07-29T08:59:37.000Z"",""updated"":""2026-07-29T08:59:37.727Z"",""creator"":{""email"":""test1mcpsserver@gmail.com""},""organizer"":{""email"":""79001a05150868580a9ec5f018cd17fcc4f19b738f901988b85c9a5aa594c89a@group.calendar.google.com"",""displayName"":""Aurora Airways — Crew Roster"",""self"":true},""iCalUID"":""0qqjsjfculhif7qu7qk55adj38@google.com"",""sequence"":0,""reminders"":{""useDefault"":true},""eventType"":""default"",""calendarId"":""79001a05150868580a9ec5f018cd17fcc4f19b738f901988b85c9a5aa594c89a@group.calendar.google.com"",""accountId"":""normal""}}",v8_scale,false
145,2026-08-06T14:00:25,calendar_aurora,scale@calendar_aurora,SCALE,clock,get-current-time,OK,{},"{""currentTime"":""2026-08-06T14:19:42.747+03:00"",""timezone"":""Asia/Jerusalem"",""offset"":""+03:00"",""isDST"":false,""dayOfWeek"":""Thursday""}",v8_scale,false
146,2026-08-06T14:00:26,calendar_aurora,scale@calendar_aurora,SCALE,aurora-maintenance,list-events,OK,"{""calendarId"": ""43c607dd30031ec1e7656af0f73917174a7a3f4360584654656a3c39b716dfb0@group.calendar.google.com"", ""timeMin"": ""2026-08-01T00:00:00Z"", ""timeMax"": ""2026-10-01T00:00:00Z""}","{""events"":[{""id"":""jaadggufop5tk232kgv8fq166o"",""summary"":""AOG — nosewheel replacement N7742A"",""description"":""Aircraft on ground; part shipped from the main store."",""start"":{""dateTime"":""2026-08-02T13:00:00+01:00"",""timeZone"":""Europe/London""},""end"":{""dateTime"":""2026-08-02T17:00:00+01:00"",""timeZone"":""Europe/London""},""startDayOfWeek"":""Sunday"",""endDayOfWeek"":""Sunday"",""status"":""confirmed"",""htmlLink"":""https://www.google.com/calendar/event?eid=amFhZGdndWZvcDV0azIzMmtndjhmcTE2Nm8gNDNjNjA3ZGQzMDAzMWVjMWU3NjU2YWYwZjczOTE3MTc0YTdhM2Y0MzYwNTg0NjU0NjU2YTNjMzliNzE2ZGZiMEBn"",""created"":""2026-07-29T08:59:39.000Z"",""updated"":""2026-07-29T08:59:39.886Z"",""creator"":{""email"":""test1mcpsserver@gmail.com""},""organizer"":{""email"":""43c607dd30031ec1e7656af0f73917174a7a3f4360584654656a3c39b716dfb0@group.calendar.google.com"",""displayName"":""Aurora Airways — Maintenance Slots"",""self"":true},""iCalUID"":""jaadggufop5tk232kgv8fq166o@google.com"",""sequence"":0,""reminders"":{""useDefault"":true},""eventType"":""default"",""calendarId"":""43c607dd30031ec1e7656af0f73917174a7a3f4360584654656a3c39b716dfb0@group.calendar.google.com"",""accountId"":""normal""},{""id"":""um0l4epa0ukbq8ib49kj9es7lg"",""summary"":""A-check — tail N7742A"",""description"":""Line maintenance A-check, hangar 2."",""start"":{""dateTime"":""2026-08-05T22:00:00+01:00"",""timeZone"":""Europe/London""},""end"":{""dateTime"":""2026-08-06T06:00:00+01:00"",""timeZone"":""Europe/London""},""startDayOfWeek"":""Wednesday"",""endDayOfWeek"":""Thursday"",""status"":""confirmed"",""htmlLink"":""https://www.google.com/calendar/",v8_scale,false
147,2026-08-06T14:00:27,calendar_aurora,scale@calendar_aurora,SCALE,aurora-maintenance,search-events,OK,"{""calendarId"": ""43c607dd30031ec1e7656af0f73917174a7a3f4360584654656a3c39b716dfb0@group.calendar.google.com"", ""query"": ""update"", ""timeMin"": ""2026-08-01T00:00:00Z"", ""timeMax"": ""2026-10-01T00:00:00Z""}","{""events"":[],""totalCount"":0,""query"":""update"",""calendarId"":""43c607dd30031ec1e7656af0f73917174a7a3f4360584654656a3c39b716dfb0@group.calendar.google.com"",""timeRange"":{""start"":""2026-08-01T00:00:00Z"",""end"":""2026-10-01T00:00:00Z""}}",v8_scale,false
148,2026-08-06T14:00:28,calendar_aurora,scale@calendar_aurora,SCALE,free-busy-availability,get-freebusy,OK,"{""calendars"": [{""id"": ""43c607dd30031ec1e7656af0f73917174a7a3f4360584654656a3c39b716dfb0@group.calendar.google.com""}], ""timeMin"": ""2026-08-01T00:00:00Z"", ""timeMax"": ""2026-10-01T00:00:00Z""}","{""timeMin"":""2026-08-01T00:00:00Z"",""timeMax"":""2026-10-01T00:00:00Z"",""calendars"":{""43c607dd30031ec1e7656af0f73917174a7a3f4360584654656a3c39b716dfb0@group.calendar.google.com"":{""busy"":[{""start"":""2026-08-02T15:00:00+03:00"",""end"":""2026-08-02T19:00:00+03:00""},{""start"":""2026-08-06T00:00:00+03:00"",""end"":""2026-08-06T08:00:00+03:00""},{""start"":""2026-08-17T08:00:00+03:00"",""end"":""2026-08-21T20:00:00+03:00""}]}}}",v8_scale,false
149,2026-08-06T14:00:29,calendar_aurora,scale@calendar_aurora,SCALE,aurora-maintenance,get-event,OK,"{""calendarId"": ""43c607dd30031ec1e7656af0f73917174a7a3f4360584654656a3c39b716dfb0@group.calendar.google.com"", ""eventId"": ""jaadggufop5tk232kgv8fq166o""}","{""event"":{""id"":""jaadggufop5tk232kgv8fq166o"",""summary"":""AOG — nosewheel replacement N7742A"",""description"":""Aircraft on ground; part shipped from the main store."",""start"":{""dateTime"":""2026-08-02T13:00:00+01:00"",""timeZone"":""Europe/London""},""end"":{""dateTime"":""2026-08-02T17:00:00+01:00"",""timeZone"":""Europe/London""},""startDayOfWeek"":""Sunday"",""endDayOfWeek"":""Sunday"",""status"":""confirmed"",""htmlLink"":""https://www.google.com/calendar/event?eid=amFhZGdndWZvcDV0azIzMmtndjhmcTE2Nm8gNDNjNjA3ZGQzMDAzMWVjMWU3NjU2YWYwZjczOTE3MTc0YTdhM2Y0MzYwNTg0NjU0NjU2YTNjMzliNzE2ZGZiMEBn"",""created"":""2026-07-29T08:59:39.000Z"",""updated"":""2026-07-29T08:59:39.886Z"",""creator"":{""email"":""test1mcpsserver@gmail.com""},""organizer"":{""email"":""43c607dd30031ec1e7656af0f73917174a7a3f4360584654656a3c39b716dfb0@group.calendar.google.com"",""displayName"":""Aurora Airways — Maintenance Slots"",""self"":true},""iCalUID"":""jaadggufop5tk232kgv8fq166o@google.com"",""sequence"":0,""reminders"":{""useDefault"":true},""eventType"":""default"",""calendarId"":""43c607dd30031ec1e7656af0f73917174a7a3f4360584654656a3c39b716dfb0@group.calendar.google.com"",""accountId"":""normal""}}",v8_scale,false
150,2026-08-06T14:00:30,calendar_aurora,scale@calendar_aurora,SCALE,aurora-maintenance,get-event,OK,"{""calendarId"": ""43c607dd30031ec1e7656af0f73917174a7a3f4360584654656a3c39b716dfb0@group.calendar.google.com"", ""eventId"": ""um0l4epa0ukbq8ib49kj9es7lg""}","{""event"":{""id"":""um0l4epa0ukbq8ib49kj9es7lg"",""summary"":""A-check — tail N7742A"",""description"":""Line maintenance A-check, hangar 2."",""start"":{""dateTime"":""2026-08-05T22:00:00+01:00"",""timeZone"":""Europe/London""},""end"":{""dateTime"":""2026-08-06T06:00:00+01:00"",""timeZone"":""Europe/London""},""startDayOfWeek"":""Wednesday"",""endDayOfWeek"":""Thursday"",""status"":""confirmed"",""htmlLink"":""https://www.google.com/calendar/event?eid=dW0wbDRlcGEwdWticThpYjQ5a2o5ZXM3bGcgNDNjNjA3ZGQzMDAzMWVjMWU3NjU2YWYwZjczOTE3MTc0YTdhM2Y0MzYwNTg0NjU0NjU2YTNjMzliNzE2ZGZiMEBn"",""created"":""2026-07-29T08:59:39.000Z"",""updated"":""2026-07-29T08:59:39.260Z"",""creator"":{""email"":""test1mcpsserver@gmail.com""},""organizer"":{""email"":""43c607dd30031ec1e7656af0f73917174a7a3f4360584654656a3c39b716dfb0@group.calendar.google.com"",""displayName"":""Aurora Airways — Maintenance Slots"",""self"":true},""iCalUID"":""um0l4epa0ukbq8ib49kj9es7lg@google.com"",""sequence"":0,""reminders"":{""useDefault"":true},""eventType"":""default"",""calendarId"":""43c607dd30031ec1e7656af0f73917174a7a3f4360584654656a3c39b716dfb0@group.calendar.google.com"",""accountId"":""normal""}}",v8_scale,false
151,2026-08-06T14:00:31,calendar_aurora,scale@calendar_aurora,SCALE,clock,get-current-time,OK,{},"{""currentTime"":""2026-08-06T14:19:45.192+03:00"",""timezone"":""Asia/Jerusalem"",""offset"":""+03:00"",""isDST"":false,""dayOfWeek"":""Thursday""}",v8_scale,false
152,2026-08-06T14:00:32,calendar_aurora,scale@calendar_aurora,SCALE,aurora-regulatory,list-events,OK,"{""calendarId"": ""3b15533c036c346dcef67c5f864a0fd55841fab26a76b5b7d9ad04d6d419ad8b@group.calendar.google.com"", ""timeMin"": ""2026-08-01T00:00:00Z"", ""timeMax"": ""2026-10-01T00:00:00Z""}","{""events"":[{""id"":""crb8mqi9ba5ftldtsqfb6jln88"",""summary"":""Regulator audit — flight operations"",""description"":""Two-day operations audit; findings feed the certificate review."",""start"":{""dateTime"":""2026-08-12T09:00:00+01:00"",""timeZone"":""Europe/London""},""end"":{""dateTime"":""2026-08-13T17:00:00+01:00"",""timeZone"":""Europe/London""},""startDayOfWeek"":""Wednesday"",""endDayOfWeek"":""Thursday"",""status"":""confirmed"",""htmlLink"":""https://www.google.com/calendar/event?eid=Y3JiOG1xaTliYTVmdGxkdHNxZmI2amxuODggM2IxNTUzM2MwMzZjMzQ2ZGNlZjY3YzVmODY0YTBmZDU1ODQxZmFiMjZhNzZiNWI3ZDlhZDA0ZDZkNDE5YWQ4YkBn"",""created"":""2026-07-29T08:59:40.000Z"",""updated"":""2026-07-29T08:59:41.046Z"",""creator"":{""email"":""test1mcpsserver@gmail.com""},""organizer"":{""email"":""3b15533c036c346dcef67c5f864a0fd55841fab26a76b5b7d9ad04d6d419ad8b@group.calendar.google.com"",""displayName"":""Aurora Airways — Regulatory Audits"",""self"":true},""attendees"":[{""email"":""inspector@regulator.example"",""responseStatus"":""needsAction""}],""iCalUID"":""crb8mqi9ba5ftldtsqfb6jln88@google.com"",""sequence"":0,""reminders"":{""useDefault"":true},""eventType"":""default"",""calendarId"":""3b15533c036c346dcef67c5f864a0fd55841fab26a76b5b7d9ad04d6d419ad8b@group.calendar.google.com"",""accountId"":""normal""},{""id"":""r64qmhhvfl2ucd5nsi1hrcpqo4"",""summary"":""Safety board — ASR-2026-0713 review"",""description"":""Just-culture review of the unstable-approach report."",""start"":{""dateTime"":""2026-08-14T10:00:00+01:00"",""timeZone"":""Europe/London""},""end"":{""dateTime"":""2026-08-14T12:00:00+01:00"",""timeZone"":""Euro",v8_scale,false
153,2026-08-06T14:00:33,calendar_aurora,scale@calendar_aurora,SCALE,aurora-regulatory,search-events,OK,"{""calendarId"": ""3b15533c036c346dcef67c5f864a0fd55841fab26a76b5b7d9ad04d6d419ad8b@group.calendar.google.com"", ""query"": ""update"", ""timeMin"": ""2026-08-01T00:00:00Z"", ""timeMax"": ""2026-10-01T00:00:00Z""}","{""events"":[],""totalCount"":0,""query"":""update"",""calendarId"":""3b15533c036c346dcef67c5f864a0fd55841fab26a76b5b7d9ad04d6d419ad8b@group.calendar.google.com"",""timeRange"":{""start"":""2026-08-01T00:00:00Z"",""end"":""2026-10-01T00:00:00Z""}}",v8_scale,false
154,2026-08-06T14:00:34,calendar_aurora,scale@calendar_aurora,SCALE,free-busy-availability,get-freebusy,OK,"{""calendars"": [{""id"": ""3b15533c036c346dcef67c5f864a0fd55841fab26a76b5b7d9ad04d6d419ad8b@group.calendar.google.com""}], ""timeMin"": ""2026-08-01T00:00:00Z"", ""timeMax"": ""2026-10-01T00:00:00Z""}","{""timeMin"":""2026-08-01T00:00:00Z"",""timeMax"":""2026-10-01T00:00:00Z"",""calendars"":{""3b15533c036c346dcef67c5f864a0fd55841fab26a76b5b7d9ad04d6d419ad8b@group.calendar.google.com"":{""busy"":[{""start"":""2026-08-12T11:00:00+03:00"",""end"":""2026-08-13T19:00:00+03:00""},{""start"":""2026-08-14T12:00:00+03:00"",""end"":""2026-08-14T14:00:00+03:00""}]}}}",v8_scale,false
155,2026-08-06T14:00:35,calendar_aurora,scale@calendar_aurora,SCALE,aurora-regulatory,get-event,OK,"{""calendarId"": ""3b15533c036c346dcef67c5f864a0fd55841fab26a76b5b7d9ad04d6d419ad8b@group.calendar.google.com"", ""eventId"": ""crb8mqi9ba5ftldtsqfb6jln88""}","{""event"":{""id"":""crb8mqi9ba5ftldtsqfb6jln88"",""summary"":""Regulator audit — flight operations"",""description"":""Two-day operations audit; findings feed the certificate review."",""start"":{""dateTime"":""2026-08-12T09:00:00+01:00"",""timeZone"":""Europe/London""},""end"":{""dateTime"":""2026-08-13T17:00:00+01:00"",""timeZone"":""Europe/London""},""startDayOfWeek"":""Wednesday"",""endDayOfWeek"":""Thursday"",""status"":""confirmed"",""htmlLink"":""https://www.google.com/calendar/event?eid=Y3JiOG1xaTliYTVmdGxkdHNxZmI2amxuODggM2IxNTUzM2MwMzZjMzQ2ZGNlZjY3YzVmODY0YTBmZDU1ODQxZmFiMjZhNzZiNWI3ZDlhZDA0ZDZkNDE5YWQ4YkBn"",""created"":""2026-07-29T08:59:40.000Z"",""updated"":""2026-07-29T08:59:41.046Z"",""creator"":{""email"":""test1mcpsserver@gmail.com""},""organizer"":{""email"":""3b15533c036c346dcef67c5f864a0fd55841fab26a76b5b7d9ad04d6d419ad8b@group.calendar.google.com"",""displayName"":""Aurora Airways — Regulatory Audits"",""self"":true},""attendees"":[{""email"":""inspector@regulator.example"",""responseStatus"":""needsAction""}],""iCalUID"":""crb8mqi9ba5ftldtsqfb6jln88@google.com"",""sequence"":0,""reminders"":{""useDefault"":true},""eventType"":""default"",""calendarId"":""3b15533c036c346dcef67c5f864a0fd55841fab26a76b5b7d9ad04d6d419ad8b@group.calendar.google.com"",""accountId"":""normal""}}",v8_scale,false
156,2026-08-06T14:00:36,calendar_aurora,scale@calendar_aurora,SCALE,aurora-regulatory,get-event,OK,"{""calendarId"": ""3b15533c036c346dcef67c5f864a0fd55841fab26a76b5b7d9ad04d6d419ad8b@group.calendar.google.com"", ""eventId"": ""r64qmhhvfl2ucd5nsi1hrcpqo4""}","{""event"":{""id"":""r64qmhhvfl2ucd5nsi1hrcpqo4"",""summary"":""Safety board — ASR-2026-0713 review"",""description"":""Just-culture review of the unstable-approach report."",""start"":{""dateTime"":""2026-08-14T10:00:00+01:00"",""timeZone"":""Europe/London""},""end"":{""dateTime"":""2026-08-14T12:00:00+01:00"",""timeZone"":""Europe/London""},""startDayOfWeek"":""Friday"",""endDayOfWeek"":""Friday"",""status"":""confirmed"",""htmlLink"":""https://www.google.com/calendar/event?eid=cjY0cW1oaHZmbDJ1Y2Q1bnNpMWhyY3BxbzQgM2IxNTUzM2MwMzZjMzQ2ZGNlZjY3YzVmODY0YTBmZDU1ODQxZmFiMjZhNzZiNWI3ZDlhZDA0ZDZkNDE5YWQ4YkBn"",""created"":""2026-07-29T08:59:41.000Z"",""updated"":""2026-07-29T08:59:41.629Z"",""creator"":{""email"":""test1mcpsserver@gmail.com""},""organizer"":{""email"":""3b15533c036c346dcef67c5f864a0fd55841fab26a76b5b7d9ad04d6d419ad8b@group.calendar.google.com"",""displayName"":""Aurora Airways — Regulatory Audits"",""self"":true},""iCalUID"":""r64qmhhvfl2ucd5nsi1hrcpqo4@google.com"",""sequence"":0,""reminders"":{""useDefault"":true},""eventType"":""default"",""calendarId"":""3b15533c036c346dcef67c5f864a0fd55841fab26a76b5b7d9ad04d6d419ad8b@group.calendar.google.com"",""accountId"":""normal""}}",v8_scale,false
157,2026-08-06T14:00:37,calendar_aurora,scale@calendar_aurora,SCALE,clock,get-current-time,OK,{},"{""currentTime"":""2026-08-06T14:19:47.578+03:00"",""timezone"":""Asia/Jerusalem"",""offset"":""+03:00"",""isDST"":false,""dayOfWeek"":""Thursday""}",v8_scale,false
158,2026-08-06T14:00:38,calendar_aurora,scale@calendar_aurora,SCALE,aurora-team,list-events,OK,"{""calendarId"": ""071832f5fc964d815028bbf5cb4739b2a01c65aa34d3ef1ddb8b7df68c89cb61@group.calendar.google.com"", ""timeMin"": ""2026-08-01T00:00:00Z"", ""timeMax"": ""2026-10-01T00:00:00Z""}","{""events"":[{""id"":""bv69vaeagiume78fgl3k720cvs"",""summary"":""Ops team weekly"",""description"":""Standing operations team sync."",""start"":{""dateTime"":""2026-08-03T09:30:00+01:00"",""timeZone"":""Europe/London""},""end"":{""dateTime"":""2026-08-03T10:00:00+01:00"",""timeZone"":""Europe/London""},""startDayOfWeek"":""Monday"",""endDayOfWeek"":""Monday"",""status"":""confirmed"",""htmlLink"":""https://www.google.com/calendar/event?eid=YnY2OXZhZWFnaXVtZTc4ZmdsM2s3MjBjdnMgMDcxODMyZjVmYzk2NGQ4MTUwMjhiYmY1Y2I0NzM5YjJhMDFjNjVhYTM0ZDNlZjFkZGI4YjdkZjY4Yzg5Y2I2MUBn"",""created"":""2026-07-29T08:59:42.000Z"",""updated"":""2026-07-29T08:59:42.155Z"",""creator"":{""email"":""test1mcpsserver@gmail.com""},""organizer"":{""email"":""071832f5fc964d815028bbf5cb4739b2a01c65aa34d3ef1ddb8b7df68c89cb61@group.calendar.google.com"",""displayName"":""Aurora Airways — Ops Team"",""self"":true},""iCalUID"":""bv69vaeagiume78fgl3k720cvs@google.com"",""sequence"":0,""reminders"":{""useDefault"":true},""eventType"":""default"",""calendarId"":""071832f5fc964d815028bbf5cb4739b2a01c65aa34d3ef1ddb8b7df68c89cb61@group.calendar.google.com"",""accountId"":""normal""},{""id"":""e16m3eed2r4a0dqkrupj1gk65c"",""summary"":""IROPS retro — ATC outage"",""description"":""Retrospective on the hub ATC outage recovery."",""start"":{""dateTime"":""2026-08-10T15:00:00+01:00"",""timeZone"":""Europe/London""},""end"":{""dateTime"":""2026-08-10T16:00:00+01:00"",""timeZone"":""Europe/London""},""startDayOfWeek"":""Monday"",""endDayOfWeek"":""Monday"",""status"":""confirmed"",""htmlLink"":""https://www.google.com/calendar/event?eid=ZTE2bTNlZWQycjRhMGRxa3J1cGoxZ2s2N",v8_scale,false
159,2026-08-06T14:00:39,calendar_aurora,scale@calendar_aurora,SCALE,aurora-team,search-events,OK,"{""calendarId"": ""071832f5fc964d815028bbf5cb4739b2a01c65aa34d3ef1ddb8b7df68c89cb61@group.calendar.google.com"", ""query"": ""update"", ""timeMin"": ""2026-08-01T00:00:00Z"", ""timeMax"": ""2026-10-01T00:00:00Z""}","{""events"":[],""totalCount"":0,""query"":""update"",""calendarId"":""071832f5fc964d815028bbf5cb4739b2a01c65aa34d3ef1ddb8b7df68c89cb61@group.calendar.google.com"",""timeRange"":{""start"":""2026-08-01T00:00:00Z"",""end"":""2026-10-01T00:00:00Z""}}",v8_scale,false
160,2026-08-06T14:00:40,calendar_aurora,scale@calendar_aurora,SCALE,free-busy-availability,get-freebusy,OK,"{""calendars"": [{""id"": ""071832f5fc964d815028bbf5cb4739b2a01c65aa34d3ef1ddb8b7df68c89cb61@group.calendar.google.com""}], ""timeMin"": ""2026-08-01T00:00:00Z"", ""timeMax"": ""2026-10-01T00:00:00Z""}","{""timeMin"":""2026-08-01T00:00:00Z"",""timeMax"":""2026-10-01T00:00:00Z"",""calendars"":{""071832f5fc964d815028bbf5cb4739b2a01c65aa34d3ef1ddb8b7df68c89cb61@group.calendar.google.com"":{""busy"":[{""start"":""2026-08-03T11:30:00+03:00"",""end"":""2026-08-03T12:00:00+03:00""},{""start"":""2026-08-10T17:00:00+03:00"",""end"":""2026-08-10T18:00:00+03:00""}]}}}",v8_scale,false
161,2026-08-06T14:00:41,calendar_aurora,scale@calendar_aurora,SCALE,aurora-team,get-event,OK,"{""calendarId"": ""071832f5fc964d815028bbf5cb4739b2a01c65aa34d3ef1ddb8b7df68c89cb61@group.calendar.google.com"", ""eventId"": ""bv69vaeagiume78fgl3k720cvs""}","{""event"":{""id"":""bv69vaeagiume78fgl3k720cvs"",""summary"":""Ops team weekly"",""description"":""Standing operations team sync."",""start"":{""dateTime"":""2026-08-03T09:30:00+01:00"",""timeZone"":""Europe/London""},""end"":{""dateTime"":""2026-08-03T10:00:00+01:00"",""timeZone"":""Europe/London""},""startDayOfWeek"":""Monday"",""endDayOfWeek"":""Monday"",""status"":""confirmed"",""htmlLink"":""https://www.google.com/calendar/event?eid=YnY2OXZhZWFnaXVtZTc4ZmdsM2s3MjBjdnMgMDcxODMyZjVmYzk2NGQ4MTUwMjhiYmY1Y2I0NzM5YjJhMDFjNjVhYTM0ZDNlZjFkZGI4YjdkZjY4Yzg5Y2I2MUBn"",""created"":""2026-07-29T08:59:42.000Z"",""updated"":""2026-07-29T08:59:42.155Z"",""creator"":{""email"":""test1mcpsserver@gmail.com""},""organizer"":{""email"":""071832f5fc964d815028bbf5cb4739b2a01c65aa34d3ef1ddb8b7df68c89cb61@group.calendar.google.com"",""displayName"":""Aurora Airways — Ops Team"",""self"":true},""iCalUID"":""bv69vaeagiume78fgl3k720cvs@google.com"",""sequence"":0,""reminders"":{""useDefault"":true},""eventType"":""default"",""calendarId"":""071832f5fc964d815028bbf5cb4739b2a01c65aa34d3ef1ddb8b7df68c89cb61@group.calendar.google.com"",""accountId"":""normal""}}",v8_scale,false
162,2026-08-06T14:00:42,calendar_aurora,scale@calendar_aurora,SCALE,aurora-team,get-event,OK,"{""calendarId"": ""071832f5fc964d815028bbf5cb4739b2a01c65aa34d3ef1ddb8b7df68c89cb61@group.calendar.google.com"", ""eventId"": ""e16m3eed2r4a0dqkrupj1gk65c""}","{""event"":{""id"":""e16m3eed2r4a0dqkrupj1gk65c"",""summary"":""IROPS retro — ATC outage"",""description"":""Retrospective on the hub ATC outage recovery."",""start"":{""dateTime"":""2026-08-10T15:00:00+01:00"",""timeZone"":""Europe/London""},""end"":{""dateTime"":""2026-08-10T16:00:00+01:00"",""timeZone"":""Europe/London""},""startDayOfWeek"":""Monday"",""endDayOfWeek"":""Monday"",""status"":""confirmed"",""htmlLink"":""https://www.google.com/calendar/event?eid=ZTE2bTNlZWQycjRhMGRxa3J1cGoxZ2s2NWMgMDcxODMyZjVmYzk2NGQ4MTUwMjhiYmY1Y2I0NzM5YjJhMDFjNjVhYTM0ZDNlZjFkZGI4YjdkZjY4Yzg5Y2I2MUBn"",""created"":""2026-07-29T08:59:42.000Z"",""updated"":""2026-07-29T08:59:42.725Z"",""creator"":{""email"":""test1mcpsserver@gmail.com""},""organizer"":{""email"":""071832f5fc964d815028bbf5cb4739b2a01c65aa34d3ef1ddb8b7df68c89cb61@group.calendar.google.com"",""displayName"":""Aurora Airways — Ops Team"",""self"":true},""iCalUID"":""e16m3eed2r4a0dqkrupj1gk65c@google.com"",""sequence"":0,""reminders"":{""useDefault"":true},""eventType"":""default"",""calendarId"":""071832f5fc964d815028bbf5cb4739b2a01c65aa34d3ef1ddb8b7df68c89cb61@group.calendar.google.com"",""accountId"":""normal""}}",v8_scale,false
163,2026-08-06T14:00:43,calendar_aurora,scale@calendar_aurora,SCALE,clock,get-current-time,OK,{},"{""currentTime"":""2026-08-06T14:19:50.781+03:00"",""timezone"":""Asia/Jerusalem"",""offset"":""+03:00"",""isDST"":false,""dayOfWeek"":""Thursday""}",v8_scale,false
164,2026-08-06T14:00:44,calendar_aurora,scale@calendar_aurora,SCALE,holidays,list-events,OK,"{""calendarId"": ""en.jewish#holiday@group.v.calendar.google.com"", ""timeMin"": ""2026-09-01T00:00:00Z"", ""timeMax"": ""2026-11-01T00:00:00Z""}","{""events"":[{""id"":""20260901_em0o99jg5jc0ulsjckmpiidmng"",""summary"":""First Day of School Year"",""description"":""Observance\nTo hide observances, go to Google Calendar Settings > Holidays in Israel"",""start"":{""date"":""2026-09-01""},""end"":{""date"":""2026-09-02""},""startDayOfWeek"":""Tuesday"",""endDayOfWeek"":""Wednesday"",""status"":""confirmed"",""htmlLink"":""https://www.google.com/calendar/event?eid=MjAyNjA5MDFfZW0wbzk5amc1amMwdWxzamNrbXBpaWRtbmcgZW4uamV3aXNoI2hvbGlkYXlAdg"",""created"":""2025-11-22T08:05:43.000Z"",""updated"":""2025-11-22T08:05:43.000Z"",""creator"":{""email"":""en.jewish#holiday@group.v.calendar.google.com"",""displayName"":""Holidays in Israel"",""self"":true},""organizer"":{""email"":""en.jewish#holiday@group.v.calendar.google.com"",""displayName"":""Holidays in Israel"",""self"":true},""transparency"":""transparent"",""visibility"":""public"",""iCalUID"":""20260901_em0o99jg5jc0ulsjckmpiidmng@google.com"",""sequence"":0,""eventType"":""default"",""calendarId"":""en.jewish#holiday@group.v.calendar.google.com"",""accountId"":""normal""},{""id"":""20260909_c43ohprsb0770ljdefume7dmk4"",""summary"":""Feast of Prophet Sabalan Eve"",""description"":""Observance\nTo hide observances, go to Google Calendar Settings > Holidays in Israel"",""start"":{""date"":""2026-09-09""},""end"":{""date"":""2026-09-10""},""startDayOfWeek"":""Wednesday"",""endDayOfWeek"":""Thursday"",""status"":""confirmed"",""htmlLink"":""https://www.google.com/calendar/event?eid=MjAyNjA5MDlfYzQzb2hwcnNiMDc3MGxqZGVmdW1lN2RtazQgZW4uamV3aXNoI2hvbGlkYXlAdg"",""created"":""2025-11-22T07:55:27.000Z"",""updated"":""2025-11-22T0",v8_scale,false
165,2026-08-06T14:00:45,calendar_aurora,scale@calendar_aurora,SCALE,holidays,search-events,OK,"{""calendarId"": ""en.jewish#holiday@group.v.calendar.google.com"", ""query"": ""check"", ""timeMin"": ""2026-09-01T00:00:00Z"", ""timeMax"": ""2026-11-01T00:00:00Z""}","{""events"":[],""totalCount"":0,""query"":""check"",""calendarId"":""en.jewish#holiday@group.v.calendar.google.com"",""timeRange"":{""start"":""2026-09-01T00:00:00Z"",""end"":""2026-11-01T00:00:00Z""}}",v8_scale,false
166,2026-08-06T14:00:46,calendar_aurora,scale@calendar_aurora,SCALE,free-busy-availability,get-freebusy,OK,"{""calendars"": [{""id"": ""en.jewish#holiday@group.v.calendar.google.com""}], ""timeMin"": ""2026-09-01T00:00:00Z"", ""timeMax"": ""2026-11-01T00:00:00Z""}","{""timeMin"":""2026-09-01T00:00:00Z"",""timeMax"":""2026-11-01T00:00:00Z"",""calendars"":{""en.jewish#holiday@group.v.calendar.google.com"":{""busy"":[],""errors"":[{""domain"":""global"",""reason"":""notFound""}]}}}",v8_scale,false
167,2026-08-06T14:00:47,calendar_aurora,scale@calendar_aurora,SCALE,holidays,get-event,OK,"{""calendarId"": ""en.jewish#holiday@group.v.calendar.google.com"", ""eventId"": ""20260901_em0o99jg5jc0ulsjckmpiidmng""}","{""event"":{""id"":""20260901_em0o99jg5jc0ulsjckmpiidmng"",""summary"":""First Day of School Year"",""description"":""Observance\nTo hide observances, go to Google Calendar Settings > Holidays in Israel"",""start"":{""date"":""2026-09-01""},""end"":{""date"":""2026-09-02""},""startDayOfWeek"":""Tuesday"",""endDayOfWeek"":""Wednesday"",""status"":""confirmed"",""htmlLink"":""https://www.google.com/calendar/event?eid=MjAyNjA5MDFfZW0wbzk5amc1amMwdWxzamNrbXBpaWRtbmcgZW4uamV3aXNoI2hvbGlkYXlAdg"",""created"":""2025-11-22T08:05:43.000Z"",""updated"":""2025-11-22T08:05:43.000Z"",""creator"":{""email"":""en.jewish#holiday@group.v.calendar.google.com"",""displayName"":""Holidays in Israel"",""self"":true},""organizer"":{""email"":""en.jewish#holiday@group.v.calendar.google.com"",""displayName"":""Holidays in Israel"",""self"":true},""transparency"":""transparent"",""visibility"":""public"",""iCalUID"":""20260901_em0o99jg5jc0ulsjckmpiidmng@google.com"",""sequence"":0,""eventType"":""default"",""calendarId"":""en.jewish#holiday@group.v.calendar.google.com"",""accountId"":""normal""}}",v8_scale,false
168,2026-08-06T14:00:48,calendar_aurora,scale@calendar_aurora,SCALE,holidays,get-event,OK,"{""calendarId"": ""en.jewish#holiday@group.v.calendar.google.com"", ""eventId"": ""20260909_c43ohprsb0770ljdefume7dmk4""}","{""event"":{""id"":""20260909_c43ohprsb0770ljdefume7dmk4"",""summary"":""Feast of Prophet Sabalan Eve"",""description"":""Observance\nTo hide observances, go to Google Calendar Settings > Holidays in Israel"",""start"":{""date"":""2026-09-09""},""end"":{""date"":""2026-09-10""},""startDayOfWeek"":""Wednesday"",""endDayOfWeek"":""Thursday"",""status"":""confirmed"",""htmlLink"":""https://www.google.com/calendar/event?eid=MjAyNjA5MDlfYzQzb2hwcnNiMDc3MGxqZGVmdW1lN2RtazQgZW4uamV3aXNoI2hvbGlkYXlAdg"",""created"":""2025-11-22T07:55:27.000Z"",""updated"":""2025-11-22T07:55:27.882Z"",""creator"":{""email"":""en.jewish#holiday@group.v.calendar.google.com"",""displayName"":""Holidays in Israel"",""self"":true},""organizer"":{""email"":""en.jewish#holiday@group.v.calendar.google.com"",""displayName"":""Holidays in Israel"",""self"":true},""transparency"":""transparent"",""visibility"":""public"",""iCalUID"":""20260909_c43ohprsb0770ljdefume7dmk4@google.com"",""sequence"":0,""eventType"":""default"",""calendarId"":""en.jewish#holiday@group.v.calendar.google.com"",""accountId"":""normal""}}",v8_scale,false
169,2026-08-06T14:00:49,calendar_aurora,scale@calendar_aurora,SCALE,clock,get-current-time,OK,{},"{""currentTime"":""2026-08-06T14:19:52.932+03:00"",""timezone"":""Asia/Jerusalem"",""offset"":""+03:00"",""isDST"":false,""dayOfWeek"":""Thursday""}",v8_scale,false
170,2026-08-06T14:00:50,calendar_aurora,scale@calendar_aurora,SCALE,aurora-exec,list-events,OK,"{""calendarId"": ""7cfda9476d8bd30666c190ac4823aca48bdf9b2022380825d704e8ef5867e24d@group.calendar.google.com"", ""timeMin"": ""2026-09-01T00:00:00Z"", ""timeMax"": ""2026-11-01T00:00:00Z""}","{""events"":[],""totalCount"":0}",v8_scale,false
171,2026-08-06T14:00:51,calendar_aurora,scale@calendar_aurora,SCALE,aurora-exec,search-events,OK,"{""calendarId"": ""7cfda9476d8bd30666c190ac4823aca48bdf9b2022380825d704e8ef5867e24d@group.calendar.google.com"", ""query"": ""check"", ""timeMin"": ""2026-09-01T00:00:00Z"", ""timeMax"": ""2026-11-01T00:00:00Z""}","{""events"":[],""totalCount"":0,""query"":""check"",""calendarId"":""7cfda9476d8bd30666c190ac4823aca48bdf9b2022380825d704e8ef5867e24d@group.calendar.google.com"",""timeRange"":{""start"":""2026-09-01T00:00:00Z"",""end"":""2026-11-01T00:00:00Z""}}",v8_scale,false
172,2026-08-06T14:00:52,calendar_aurora,scale@calendar_aurora,SCALE,free-busy-availability,get-freebusy,OK,"{""calendars"": [{""id"": ""7cfda9476d8bd30666c190ac4823aca48bdf9b2022380825d704e8ef5867e24d@group.calendar.google.com""}], ""timeMin"": ""2026-09-01T00:00:00Z"", ""timeMax"": ""2026-11-01T00:00:00Z""}","{""timeMin"":""2026-09-01T00:00:00Z"",""timeMax"":""2026-11-01T00:00:00Z"",""calendars"":{""7cfda9476d8bd30666c190ac4823aca48bdf9b2022380825d704e8ef5867e24d@group.calendar.google.com"":{""busy"":[]}}}",v8_scale,false
173,2026-08-06T14:00:53,calendar_aurora,scale@calendar_aurora,SCALE,clock,get-current-time,OK,{},"{""currentTime"":""2026-08-06T14:19:54.636+03:00"",""timezone"":""Asia/Jerusalem"",""offset"":""+03:00"",""isDST"":false,""dayOfWeek"":""Thursday""}",v8_scale,false
174,2026-08-06T14:00:54,calendar_aurora,scale@calendar_aurora,SCALE,aurora-crew-roster,list-events,OK,"{""calendarId"": ""79001a05150868580a9ec5f018cd17fcc4f19b738f901988b85c9a5aa594c89a@group.calendar.google.com"", ""timeMin"": ""2026-09-01T00:00:00Z"", ""timeMax"": ""2026-11-01T00:00:00Z""}","{""events"":[],""totalCount"":0}",v8_scale,false
175,2026-08-06T14:00:55,calendar_aurora,scale@calendar_aurora,SCALE,aurora-crew-roster,search-events,OK,"{""calendarId"": ""79001a05150868580a9ec5f018cd17fcc4f19b738f901988b85c9a5aa594c89a@group.calendar.google.com"", ""query"": ""check"", ""timeMin"": ""2026-09-01T00:00:00Z"", ""timeMax"": ""2026-11-01T00:00:00Z""}","{""events"":[],""totalCount"":0,""query"":""check"",""calendarId"":""79001a05150868580a9ec5f018cd17fcc4f19b738f901988b85c9a5aa594c89a@group.calendar.google.com"",""timeRange"":{""start"":""2026-09-01T00:00:00Z"",""end"":""2026-11-01T00:00:00Z""}}",v8_scale,false
176,2026-08-06T14:00:56,calendar_aurora,scale@calendar_aurora,SCALE,free-busy-availability,get-freebusy,OK,"{""calendars"": [{""id"": ""79001a05150868580a9ec5f018cd17fcc4f19b738f901988b85c9a5aa594c89a@group.calendar.google.com""}], ""timeMin"": ""2026-09-01T00:00:00Z"", ""timeMax"": ""2026-11-01T00:00:00Z""}","{""timeMin"":""2026-09-01T00:00:00Z"",""timeMax"":""2026-11-01T00:00:00Z"",""calendars"":{""79001a05150868580a9ec5f018cd17fcc4f19b738f901988b85c9a5aa594c89a@group.calendar.google.com"":{""busy"":[]}}}",v8_scale,false
177,2026-08-06T14:00:57,calendar_aurora,scale@calendar_aurora,SCALE,clock,get-current-time,OK,{},"{""currentTime"":""2026-08-06T14:19:56.972+03:00"",""timezone"":""Asia/Jerusalem"",""offset"":""+03:00"",""isDST"":false,""dayOfWeek"":""Thursday""}",v8_scale,false
178,2026-08-06T14:00:58,calendar_aurora,scale@calendar_aurora,SCALE,aurora-maintenance,list-events,OK,"{""calendarId"": ""43c607dd30031ec1e7656af0f73917174a7a3f4360584654656a3c39b716dfb0@group.calendar.google.com"", ""timeMin"": ""2026-09-01T00:00:00Z"", ""timeMax"": ""2026-11-01T00:00:00Z""}","{""events"":[],""totalCount"":0}",v8_scale,false
179,2026-08-06T14:00:59,calendar_aurora,scale@calendar_aurora,SCALE,aurora-maintenance,search-events,OK,"{""calendarId"": ""43c607dd30031ec1e7656af0f73917174a7a3f4360584654656a3c39b716dfb0@group.calendar.google.com"", ""query"": ""check"", ""timeMin"": ""2026-09-01T00:00:00Z"", ""timeMax"": ""2026-11-01T00:00:00Z""}","{""events"":[],""totalCount"":0,""query"":""check"",""calendarId"":""43c607dd30031ec1e7656af0f73917174a7a3f4360584654656a3c39b716dfb0@group.calendar.google.com"",""timeRange"":{""start"":""2026-09-01T00:00:00Z"",""end"":""2026-11-01T00:00:00Z""}}",v8_scale,false
180,2026-08-06T14:00:00,calendar_aurora,scale@calendar_aurora,SCALE,free-busy-availability,get-freebusy,OK,"{""calendars"": [{""id"": ""43c607dd30031ec1e7656af0f73917174a7a3f4360584654656a3c39b716dfb0@group.calendar.google.com""}], ""timeMin"": ""2026-09-01T00:00:00Z"", ""timeMax"": ""2026-11-01T00:00:00Z""}","{""timeMin"":""2026-09-01T00:00:00Z"",""timeMax"":""2026-11-01T00:00:00Z"",""calendars"":{""43c607dd30031ec1e7656af0f73917174a7a3f4360584654656a3c39b716dfb0@group.calendar.google.com"":{""busy"":[]}}}",v8_scale,false
181,2026-08-06T14:00:01,calendar_aurora,scale@calendar_aurora,SCALE,clock,get-current-time,OK,{},"{""currentTime"":""2026-08-06T14:19:59.012+03:00"",""timezone"":""Asia/Jerusalem"",""offset"":""+03:00"",""isDST"":false,""dayOfWeek"":""Thursday""}",v8_scale,false
182,2026-08-06T14:00:02,calendar_aurora,scale@calendar_aurora,SCALE,aurora-regulatory,list-events,OK,"{""calendarId"": ""3b15533c036c346dcef67c5f864a0fd55841fab26a76b5b7d9ad04d6d419ad8b@group.calendar.google.com"", ""timeMin"": ""2026-09-01T00:00:00Z"", ""timeMax"": ""2026-11-01T00:00:00Z""}","{""events"":[],""totalCount"":0}",v8_scale,false
183,2026-08-06T14:00:03,calendar_aurora,scale@calendar_aurora,SCALE,aurora-regulatory,search-events,OK,"{""calendarId"": ""3b15533c036c346dcef67c5f864a0fd55841fab26a76b5b7d9ad04d6d419ad8b@group.calendar.google.com"", ""query"": ""check"", ""timeMin"": ""2026-09-01T00:00:00Z"", ""timeMax"": ""2026-11-01T00:00:00Z""}","{""events"":[],""totalCount"":0,""query"":""check"",""calendarId"":""3b15533c036c346dcef67c5f864a0fd55841fab26a76b5b7d9ad04d6d419ad8b@group.calendar.google.com"",""timeRange"":{""start"":""2026-09-01T00:00:00Z"",""end"":""2026-11-01T00:00:00Z""}}",v8_scale,false
184,2026-08-06T14:00:04,calendar_aurora,scale@calendar_aurora,SCALE,free-busy-availability,get-freebusy,OK,"{""calendars"": [{""id"": ""3b15533c036c346dcef67c5f864a0fd55841fab26a76b5b7d9ad04d6d419ad8b@group.calendar.google.com""}], ""timeMin"": ""2026-09-01T00:00:00Z"", ""timeMax"": ""2026-11-01T00:00:00Z""}","{""timeMin"":""2026-09-01T00:00:00Z"",""timeMax"":""2026-11-01T00:00:00Z"",""calendars"":{""3b15533c036c346dcef67c5f864a0fd55841fab26a76b5b7d9ad04d6d419ad8b@group.calendar.google.com"":{""busy"":[]}}}",v8_scale,false
185,2026-08-06T14:00:05,calendar_aurora,scale@calendar_aurora,SCALE,clock,get-current-time,OK,{},"{""currentTime"":""2026-08-06T14:20:01.789+03:00"",""timezone"":""Asia/Jerusalem"",""offset"":""+03:00"",""isDST"":false,""dayOfWeek"":""Thursday""}",v8_scale,false
186,2026-08-06T14:00:06,calendar_aurora,scale@calendar_aurora,SCALE,aurora-team,list-events,OK,"{""calendarId"": ""071832f5fc964d815028bbf5cb4739b2a01c65aa34d3ef1ddb8b7df68c89cb61@group.calendar.google.com"", ""timeMin"": ""2026-09-01T00:00:00Z"", ""timeMax"": ""2026-11-01T00:00:00Z""}","{""events"":[],""totalCount"":0}",v8_scale,false
187,2026-08-06T14:00:07,calendar_aurora,scale@calendar_aurora,SCALE,aurora-team,search-events,OK,"{""calendarId"": ""071832f5fc964d815028bbf5cb4739b2a01c65aa34d3ef1ddb8b7df68c89cb61@group.calendar.google.com"", ""query"": ""check"", ""timeMin"": ""2026-09-01T00:00:00Z"", ""timeMax"": ""2026-11-01T00:00:00Z""}","{""events"":[],""totalCount"":0,""query"":""check"",""calendarId"":""071832f5fc964d815028bbf5cb4739b2a01c65aa34d3ef1ddb8b7df68c89cb61@group.calendar.google.com"",""timeRange"":{""start"":""2026-09-01T00:00:00Z"",""end"":""2026-11-01T00:00:00Z""}}",v8_scale,false
188,2026-08-06T14:00:08,calendar_aurora,scale@calendar_aurora,SCALE,free-busy-availability,get-freebusy,OK,"{""calendars"": [{""id"": ""071832f5fc964d815028bbf5cb4739b2a01c65aa34d3ef1ddb8b7df68c89cb61@group.calendar.google.com""}], ""timeMin"": ""2026-09-01T00:00:00Z"", ""timeMax"": ""2026-11-01T00:00:00Z""}","{""timeMin"":""2026-09-01T00:00:00Z"",""timeMax"":""2026-11-01T00:00:00Z"",""calendars"":{""071832f5fc964d815028bbf5cb4739b2a01c65aa34d3ef1ddb8b7df68c89cb61@group.calendar.google.com"":{""busy"":[]}}}",v8_scale,false
189,2026-08-06T14:00:09,calendar_aurora,scale@calendar_aurora,SCALE,clock,get-current-time,OK,{},"{""currentTime"":""2026-08-06T14:20:03.691+03:00"",""timezone"":""Asia/Jerusalem"",""offset"":""+03:00"",""isDST"":false,""dayOfWeek"":""Thursday""}",v8_scale,false
190,2026-08-06T14:00:10,calendar_aurora,scale@calendar_aurora,SCALE,holidays,list-events,OK,"{""calendarId"": ""en.jewish#holiday@group.v.calendar.google.com"", ""timeMin"": ""2026-10-01T00:00:00Z"", ""timeMax"": ""2026-12-01T00:00:00Z""}","{""events"":[{""id"":""20261001_gqd6ap52vlhn0vd7146ut1n15k"",""summary"":""Sukkot (Day 6)"",""description"":""Observance\nTo hide observances, go to Google Calendar Settings > Holidays in Israel"",""start"":{""date"":""2026-10-01""},""end"":{""date"":""2026-10-02""},""startDayOfWeek"":""Thursday"",""endDayOfWeek"":""Friday"",""status"":""confirmed"",""htmlLink"":""https://www.google.com/calendar/event?eid=MjAyNjEwMDFfZ3FkNmFwNTJ2bGhuMHZkNzE0NnV0MW4xNWsgZW4uamV3aXNoI2hvbGlkYXlAdg"",""created"":""2024-05-22T15:13:12.000Z"",""updated"":""2024-05-22T15:13:12.856Z"",""creator"":{""email"":""en.jewish#holiday@group.v.calendar.google.com"",""displayName"":""Holidays in Israel"",""self"":true},""organizer"":{""email"":""en.jewish#holiday@group.v.calendar.google.com"",""displayName"":""Holidays in Israel"",""self"":true},""transparency"":""transparent"",""visibility"":""public"",""iCalUID"":""20261001_gqd6ap52vlhn0vd7146ut1n15k@google.com"",""sequence"":0,""eventType"":""default"",""calendarId"":""en.jewish#holiday@group.v.calendar.google.com"",""accountId"":""normal""},{""id"":""20261002_9f0j9mlqqbia814sepjpun6dkk"",""summary"":""Sukkot (Day 7) / Hoshanah Rabah"",""description"":""Observance\nTo hide observances, go to Google Calendar Settings > Holidays in Israel"",""start"":{""date"":""2026-10-02""},""end"":{""date"":""2026-10-03""},""startDayOfWeek"":""Friday"",""endDayOfWeek"":""Saturday"",""status"":""confirmed"",""htmlLink"":""https://www.google.com/calendar/event?eid=MjAyNjEwMDJfOWYwajltbHFxYmlhODE0c2VwanB1bjZka2sgZW4uamV3aXNoI2hvbGlkYXlAdg"",""created"":""2024-05-22T15:12:04.000Z"",""updated"":""2024-05-22T15:12:04.237Z",v8_scale,false
191,2026-08-06T14:00:11,calendar_aurora,scale@calendar_aurora,SCALE,holidays,search-events,OK,"{""calendarId"": ""en.jewish#holiday@group.v.calendar.google.com"", ""query"": ""ops"", ""timeMin"": ""2026-10-01T00:00:00Z"", ""timeMax"": ""2026-12-01T00:00:00Z""}","{""events"":[],""totalCount"":0,""query"":""ops"",""calendarId"":""en.jewish#holiday@group.v.calendar.google.com"",""timeRange"":{""start"":""2026-10-01T00:00:00Z"",""end"":""2026-12-01T00:00:00Z""}}",v8_scale,false
192,2026-08-06T14:00:12,calendar_aurora,scale@calendar_aurora,SCALE,free-busy-availability,get-freebusy,OK,"{""calendars"": [{""id"": ""en.jewish#holiday@group.v.calendar.google.com""}], ""timeMin"": ""2026-10-01T00:00:00Z"", ""timeMax"": ""2026-12-01T00:00:00Z""}","{""timeMin"":""2026-10-01T00:00:00Z"",""timeMax"":""2026-12-01T00:00:00Z"",""calendars"":{""en.jewish#holiday@group.v.calendar.google.com"":{""busy"":[],""errors"":[{""domain"":""global"",""reason"":""notFound""}]}}}",v8_scale,false
193,2026-08-06T14:00:13,calendar_aurora,scale@calendar_aurora,SCALE,holidays,get-event,OK,"{""calendarId"": ""en.jewish#holiday@group.v.calendar.google.com"", ""eventId"": ""20261001_gqd6ap52vlhn0vd7146ut1n15k""}","{""event"":{""id"":""20261001_gqd6ap52vlhn0vd7146ut1n15k"",""summary"":""Sukkot (Day 6)"",""description"":""Observance\nTo hide observances, go to Google Calendar Settings > Holidays in Israel"",""start"":{""date"":""2026-10-01""},""end"":{""date"":""2026-10-02""},""startDayOfWeek"":""Thursday"",""endDayOfWeek"":""Friday"",""status"":""confirmed"",""htmlLink"":""https://www.google.com/calendar/event?eid=MjAyNjEwMDFfZ3FkNmFwNTJ2bGhuMHZkNzE0NnV0MW4xNWsgZW4uamV3aXNoI2hvbGlkYXlAdg"",""created"":""2024-05-22T15:13:12.000Z"",""updated"":""2024-05-22T15:13:12.856Z"",""creator"":{""email"":""en.jewish#holiday@group.v.calendar.google.com"",""displayName"":""Holidays in Israel"",""self"":true},""organizer"":{""email"":""en.jewish#holiday@group.v.calendar.google.com"",""displayName"":""Holidays in Israel"",""self"":true},""transparency"":""transparent"",""visibility"":""public"",""iCalUID"":""20261001_gqd6ap52vlhn0vd7146ut1n15k@google.com"",""sequence"":0,""eventType"":""default"",""calendarId"":""en.jewish#holiday@group.v.calendar.google.com"",""accountId"":""normal""}}",v8_scale,false
194,2026-08-06T14:00:14,calendar_aurora,scale@calendar_aurora,SCALE,holidays,get-event,OK,"{""calendarId"": ""en.jewish#holiday@group.v.calendar.google.com"", ""eventId"": ""20261002_9f0j9mlqqbia814sepjpun6dkk""}","{""event"":{""id"":""20261002_9f0j9mlqqbia814sepjpun6dkk"",""summary"":""Sukkot (Day 7) / Hoshanah Rabah"",""description"":""Observance\nTo hide observances, go to Google Calendar Settings > Holidays in Israel"",""start"":{""date"":""2026-10-02""},""end"":{""date"":""2026-10-03""},""startDayOfWeek"":""Friday"",""endDayOfWeek"":""Saturday"",""status"":""confirmed"",""htmlLink"":""https://www.google.com/calendar/event?eid=MjAyNjEwMDJfOWYwajltbHFxYmlhODE0c2VwanB1bjZka2sgZW4uamV3aXNoI2hvbGlkYXlAdg"",""created"":""2024-05-22T15:12:04.000Z"",""updated"":""2024-05-22T15:12:04.237Z"",""creator"":{""email"":""en.jewish#holiday@group.v.calendar.google.com"",""displayName"":""Holidays in Israel"",""self"":true},""organizer"":{""email"":""en.jewish#holiday@group.v.calendar.google.com"",""displayName"":""Holidays in Israel"",""self"":true},""transparency"":""transparent"",""visibility"":""public"",""iCalUID"":""20261002_9f0j9mlqqbia814sepjpun6dkk@google.com"",""sequence"":0,""eventType"":""default"",""calendarId"":""en.jewish#holiday@group.v.calendar.google.com"",""accountId"":""normal""}}",v8_scale,false
195,2026-08-06T14:00:15,calendar_aurora,scale@calendar_aurora,SCALE,clock,get-current-time,OK,{},"{""currentTime"":""2026-08-06T14:20:06.174+03:00"",""timezone"":""Asia/Jerusalem"",""offset"":""+03:00"",""isDST"":false,""dayOfWeek"":""Thursday""}",v8_scale,false
196,2026-08-06T14:00:16,calendar_aurora,scale@calendar_aurora,SCALE,aurora-exec,list-events,OK,"{""calendarId"": ""7cfda9476d8bd30666c190ac4823aca48bdf9b2022380825d704e8ef5867e24d@group.calendar.google.com"", ""timeMin"": ""2026-10-01T00:00:00Z"", ""timeMax"": ""2026-12-01T00:00:00Z""}","{""events"":[],""totalCount"":0}",v8_scale,false
197,2026-08-06T14:00:17,calendar_aurora,scale@calendar_aurora,SCALE,aurora-exec,search-events,OK,"{""calendarId"": ""7cfda9476d8bd30666c190ac4823aca48bdf9b2022380825d704e8ef5867e24d@group.calendar.google.com"", ""query"": ""ops"", ""timeMin"": ""2026-10-01T00:00:00Z"", ""timeMax"": ""2026-12-01T00:00:00Z""}","{""events"":[],""totalCount"":0,""query"":""ops"",""calendarId"":""7cfda9476d8bd30666c190ac4823aca48bdf9b2022380825d704e8ef5867e24d@group.calendar.google.com"",""timeRange"":{""start"":""2026-10-01T00:00:00Z"",""end"":""2026-12-01T00:00:00Z""}}",v8_scale,false
198,2026-08-06T14:00:18,calendar_aurora,scale@calendar_aurora,SCALE,free-busy-availability,get-freebusy,OK,"{""calendars"": [{""id"": ""7cfda9476d8bd30666c190ac4823aca48bdf9b2022380825d704e8ef5867e24d@group.calendar.google.com""}], ""timeMin"": ""2026-10-01T00:00:00Z"", ""timeMax"": ""2026-12-01T00:00:00Z""}","{""timeMin"":""2026-10-01T00:00:00Z"",""timeMax"":""2026-12-01T00:00:00Z"",""calendars"":{""7cfda9476d8bd30666c190ac4823aca48bdf9b2022380825d704e8ef5867e24d@group.calendar.google.com"":{""busy"":[]}}}",v8_scale,false
199,2026-08-06T14:00:19,calendar_aurora,scale@calendar_aurora,SCALE,clock,get-current-time,OK,{},"{""currentTime"":""2026-08-06T14:20:08.088+03:00"",""timezone"":""Asia/Jerusalem"",""offset"":""+03:00"",""isDST"":false,""dayOfWeek"":""Thursday""}",v8_scale,false
200,2026-08-06T14:00:20,calendar_aurora,scale@calendar_aurora,SCALE,aurora-crew-roster,list-events,OK,"{""calendarId"": ""79001a05150868580a9ec5f018cd17fcc4f19b738f901988b85c9a5aa594c89a@group.calendar.google.com"", ""timeMin"": ""2026-10-01T00:00:00Z"", ""timeMax"": ""2026-12-01T00:00:00Z""}","{""events"":[],""totalCount"":0}",v8_scale,false
201,2026-08-06T14:00:21,calendar_aurora,scale@calendar_aurora,SCALE,aurora-crew-roster,search-events,OK,"{""calendarId"": ""79001a05150868580a9ec5f018cd17fcc4f19b738f901988b85c9a5aa594c89a@group.calendar.google.com"", ""query"": ""ops"", ""timeMin"": ""2026-10-01T00:00:00Z"", ""timeMax"": ""2026-12-01T00:00:00Z""}","{""events"":[],""totalCount"":0,""query"":""ops"",""calendarId"":""79001a05150868580a9ec5f018cd17fcc4f19b738f901988b85c9a5aa594c89a@group.calendar.google.com"",""timeRange"":{""start"":""2026-10-01T00:00:00Z"",""end"":""2026-12-01T00:00:00Z""}}",v8_scale,false
202,2026-08-06T14:00:22,calendar_aurora,scale@calendar_aurora,SCALE,free-busy-availability,get-freebusy,OK,"{""calendars"": [{""id"": ""79001a05150868580a9ec5f018cd17fcc4f19b738f901988b85c9a5aa594c89a@group.calendar.google.com""}], ""timeMin"": ""2026-10-01T00:00:00Z"", ""timeMax"": ""2026-12-01T00:00:00Z""}","{""timeMin"":""2026-10-01T00:00:00Z"",""timeMax"":""2026-12-01T00:00:00Z"",""calendars"":{""79001a05150868580a9ec5f018cd17fcc4f19b738f901988b85c9a5aa594c89a@group.calendar.google.com"":{""busy"":[]}}}",v8_scale,false
203,2026-08-06T14:00:23,calendar_aurora,scale@calendar_aurora,SCALE,clock,get-current-time,OK,{},"{""currentTime"":""2026-08-06T14:20:10.277+03:00"",""timezone"":""Asia/Jerusalem"",""offset"":""+03:00"",""isDST"":false,""dayOfWeek"":""Thursday""}",v8_scale,false
204,2026-08-06T14:00:24,calendar_aurora,scale@calendar_aurora,SCALE,aurora-maintenance,list-events,OK,"{""calendarId"": ""43c607dd30031ec1e7656af0f73917174a7a3f4360584654656a3c39b716dfb0@group.calendar.google.com"", ""timeMin"": ""2026-10-01T00:00:00Z"", ""timeMax"": ""2026-12-01T00:00:00Z""}","{""events"":[],""totalCount"":0}",v8_scale,false
205,2026-08-06T14:00:25,calendar_aurora,scale@calendar_aurora,SCALE,aurora-maintenance,search-events,OK,"{""calendarId"": ""43c607dd30031ec1e7656af0f73917174a7a3f4360584654656a3c39b716dfb0@group.calendar.google.com"", ""query"": ""ops"", ""timeMin"": ""2026-10-01T00:00:00Z"", ""timeMax"": ""2026-12-01T00:00:00Z""}","{""events"":[],""totalCount"":0,""query"":""ops"",""calendarId"":""43c607dd30031ec1e7656af0f73917174a7a3f4360584654656a3c39b716dfb0@group.calendar.google.com"",""timeRange"":{""start"":""2026-10-01T00:00:00Z"",""end"":""2026-12-01T00:00:00Z""}}",v8_scale,false
206,2026-08-06T14:00:26,calendar_aurora,scale@calendar_aurora,SCALE,free-busy-availability,get-freebusy,OK,"{""calendars"": [{""id"": ""43c607dd30031ec1e7656af0f73917174a7a3f4360584654656a3c39b716dfb0@group.calendar.google.com""}], ""timeMin"": ""2026-10-01T00:00:00Z"", ""timeMax"": ""2026-12-01T00:00:00Z""}","{""timeMin"":""2026-10-01T00:00:00Z"",""timeMax"":""2026-12-01T00:00:00Z"",""calendars"":{""43c607dd30031ec1e7656af0f73917174a7a3f4360584654656a3c39b716dfb0@group.calendar.google.com"":{""busy"":[]}}}",v8_scale,false
207,2026-08-06T14:00:27,calendar_aurora,scale@calendar_aurora,SCALE,clock,get-current-time,OK,{},"{""currentTime"":""2026-08-06T14:20:12.523+03:00"",""timezone"":""Asia/Jerusalem"",""offset"":""+03:00"",""isDST"":false,""dayOfWeek"":""Thursday""}",v8_scale,false
208,2026-08-06T14:00:28,calendar_aurora,scale@calendar_aurora,SCALE,aurora-regulatory,list-events,OK,"{""calendarId"": ""3b15533c036c346dcef67c5f864a0fd55841fab26a76b5b7d9ad04d6d419ad8b@group.calendar.google.com"", ""timeMin"": ""2026-10-01T00:00:00Z"", ""timeMax"": ""2026-12-01T00:00:00Z""}","{""events"":[],""totalCount"":0}",v8_scale,false
209,2026-08-06T14:00:29,calendar_aurora,scale@calendar_aurora,SCALE,aurora-regulatory,search-events,OK,"{""calendarId"": ""3b15533c036c346dcef67c5f864a0fd55841fab26a76b5b7d9ad04d6d419ad8b@group.calendar.google.com"", ""query"": ""ops"", ""timeMin"": ""2026-10-01T00:00:00Z"", ""timeMax"": ""2026-12-01T00:00:00Z""}","{""events"":[],""totalCount"":0,""query"":""ops"",""calendarId"":""3b15533c036c346dcef67c5f864a0fd55841fab26a76b5b7d9ad04d6d419ad8b@group.calendar.google.com"",""timeRange"":{""start"":""2026-10-01T00:00:00Z"",""end"":""2026-12-01T00:00:00Z""}}",v8_scale,false
210,2026-08-06T14:00:30,calendar_aurora,scale@calendar_aurora,SCALE,free-busy-availability,get-freebusy,OK,"{""calendars"": [{""id"": ""3b15533c036c346dcef67c5f864a0fd55841fab26a76b5b7d9ad04d6d419ad8b@group.calendar.google.com""}], ""timeMin"": ""2026-10-01T00:00:00Z"", ""timeMax"": ""2026-12-01T00:00:00Z""}","{""timeMin"":""2026-10-01T00:00:00Z"",""timeMax"":""2026-12-01T00:00:00Z"",""calendars"":{""3b15533c036c346dcef67c5f864a0fd55841fab26a76b5b7d9ad04d6d419ad8b@group.calendar.google.com"":{""busy"":[]}}}",v8_scale,false
211,2026-08-06T14:00:31,calendar_aurora,scale@calendar_aurora,SCALE,clock,get-current-time,OK,{},"{""currentTime"":""2026-08-06T14:20:14.652+03:00"",""timezone"":""Asia/Jerusalem"",""offset"":""+03:00"",""isDST"":false,""dayOfWeek"":""Thursday""}",v8_scale,false
212,2026-08-06T14:00:32,calendar_aurora,scale@calendar_aurora,SCALE,aurora-team,list-events,OK,"{""calendarId"": ""071832f5fc964d815028bbf5cb4739b2a01c65aa34d3ef1ddb8b7df68c89cb61@group.calendar.google.com"", ""timeMin"": ""2026-10-01T00:00:00Z"", ""timeMax"": ""2026-12-01T00:00:00Z""}","{""events"":[],""totalCount"":0}",v8_scale,false
213,2026-08-06T14:00:33,calendar_aurora,scale@calendar_aurora,SCALE,aurora-team,search-events,OK,"{""calendarId"": ""071832f5fc964d815028bbf5cb4739b2a01c65aa34d3ef1ddb8b7df68c89cb61@group.calendar.google.com"", ""query"": ""ops"", ""timeMin"": ""2026-10-01T00:00:00Z"", ""timeMax"": ""2026-12-01T00:00:00Z""}","{""events"":[],""totalCount"":0,""query"":""ops"",""calendarId"":""071832f5fc964d815028bbf5cb4739b2a01c65aa34d3ef1ddb8b7df68c89cb61@group.calendar.google.com"",""timeRange"":{""start"":""2026-10-01T00:00:00Z"",""end"":""2026-12-01T00:00:00Z""}}",v8_scale,false
214,2026-08-06T14:00:34,calendar_aurora,scale@calendar_aurora,SCALE,free-busy-availability,get-freebusy,OK,"{""calendars"": [{""id"": ""071832f5fc964d815028bbf5cb4739b2a01c65aa34d3ef1ddb8b7df68c89cb61@group.calendar.google.com""}], ""timeMin"": ""2026-10-01T00:00:00Z"", ""timeMax"": ""2026-12-01T00:00:00Z""}","{""timeMin"":""2026-10-01T00:00:00Z"",""timeMax"":""2026-12-01T00:00:00Z"",""calendars"":{""071832f5fc964d815028bbf5cb4739b2a01c65aa34d3ef1ddb8b7df68c89cb61@group.calendar.google.com"":{""busy"":[]}}}",v8_scale,false
215,2026-08-06T14:00:35,calendar_aurora,scale@calendar_aurora,SCALE,clock,get-current-time,OK,{},"{""currentTime"":""2026-08-06T14:20:16.831+03:00"",""timezone"":""Asia/Jerusalem"",""offset"":""+03:00"",""isDST"":false,""dayOfWeek"":""Thursday""}",v8_scale,false
216,2026-08-06T14:00:36,calendar_aurora,scale@calendar_aurora,SCALE,holidays,list-events,OK,"{""calendarId"": ""en.jewish#holiday@group.v.calendar.google.com"", ""timeMin"": ""2026-11-01T00:00:00Z"", ""timeMax"": ""2027-01-01T00:00:00Z""}","{""events"":[{""id"":""20261109_kucc98lm7prd38em2ed5rbq6os"",""summary"":""Sigd"",""description"":""Observance\nTo hide observances, go to Google Calendar Settings > Holidays in Israel"",""start"":{""date"":""2026-11-09""},""end"":{""date"":""2026-11-10""},""startDayOfWeek"":""Monday"",""endDayOfWeek"":""Tuesday"",""status"":""confirmed"",""htmlLink"":""https://www.google.com/calendar/event?eid=MjAyNjExMDlfa3VjYzk4bG03cHJkMzhlbTJlZDVyYnE2b3MgZW4uamV3aXNoI2hvbGlkYXlAdg"",""created"":""2025-11-22T07:57:01.000Z"",""updated"":""2025-11-22T07:57:01.231Z"",""creator"":{""email"":""en.jewish#holiday@group.v.calendar.google.com"",""displayName"":""Holidays in Israel"",""self"":true},""organizer"":{""email"":""en.jewish#holiday@group.v.calendar.google.com"",""displayName"":""Holidays in Israel"",""self"":true},""transparency"":""transparent"",""visibility"":""public"",""iCalUID"":""20261109_kucc98lm7prd38em2ed5rbq6os@google.com"",""sequence"":0,""eventType"":""default"",""calendarId"":""en.jewish#holiday@group.v.calendar.google.com"",""accountId"":""normal""},{""id"":""20261205_tcmvfekc8tenfjnmfk5dl9nph4"",""summary"":""Hanukkah (Day 1)"",""description"":""Observance\nTo hide observances, go to Google Calendar Settings > Holidays in Israel"",""start"":{""date"":""2026-12-05""},""end"":{""date"":""2026-12-06""},""startDayOfWeek"":""Saturday"",""endDayOfWeek"":""Sunday"",""status"":""confirmed"",""htmlLink"":""https://www.google.com/calendar/event?eid=MjAyNjEyMDVfdGNtdmZla2M4dGVuZmpubWZrNWRsOW5waDQgZW4uamV3aXNoI2hvbGlkYXlAdg"",""created"":""2024-05-22T15:13:12.000Z"",""updated"":""2024-05-22T15:13:12.856Z"",""creator"":{""email"":""en.j",v8_scale,false
217,2026-08-06T14:00:37,calendar_aurora,scale@calendar_aurora,SCALE,holidays,search-events,OK,"{""calendarId"": ""en.jewish#holiday@group.v.calendar.google.com"", ""query"": ""review"", ""timeMin"": ""2026-11-01T00:00:00Z"", ""timeMax"": ""2027-01-01T00:00:00Z""}","{""events"":[],""totalCount"":0,""query"":""review"",""calendarId"":""en.jewish#holiday@group.v.calendar.google.com"",""timeRange"":{""start"":""2026-11-01T00:00:00Z"",""end"":""2027-01-01T00:00:00Z""}}",v8_scale,false
218,2026-08-06T14:00:38,calendar_aurora,scale@calendar_aurora,SCALE,free-busy-availability,get-freebusy,OK,"{""calendars"": [{""id"": ""en.jewish#holiday@group.v.calendar.google.com""}], ""timeMin"": ""2026-11-01T00:00:00Z"", ""timeMax"": ""2027-01-01T00:00:00Z""}","{""timeMin"":""2026-11-01T00:00:00Z"",""timeMax"":""2027-01-01T00:00:00Z"",""calendars"":{""en.jewish#holiday@group.v.calendar.google.com"":{""busy"":[],""errors"":[{""domain"":""global"",""reason"":""notFound""}]}}}",v8_scale,false
219,2026-08-06T14:00:39,calendar_aurora,scale@calendar_aurora,SCALE,holidays,get-event,OK,"{""calendarId"": ""en.jewish#holiday@group.v.calendar.google.com"", ""eventId"": ""20261109_kucc98lm7prd38em2ed5rbq6os""}","{""event"":{""id"":""20261109_kucc98lm7prd38em2ed5rbq6os"",""summary"":""Sigd"",""description"":""Observance\nTo hide observances, go to Google Calendar Settings > Holidays in Israel"",""start"":{""date"":""2026-11-09""},""end"":{""date"":""2026-11-10""},""startDayOfWeek"":""Monday"",""endDayOfWeek"":""Tuesday"",""status"":""confirmed"",""htmlLink"":""https://www.google.com/calendar/event?eid=MjAyNjExMDlfa3VjYzk4bG03cHJkMzhlbTJlZDVyYnE2b3MgZW4uamV3aXNoI2hvbGlkYXlAdg"",""created"":""2025-11-22T07:57:01.000Z"",""updated"":""2025-11-22T07:57:01.231Z"",""creator"":{""email"":""en.jewish#holiday@group.v.calendar.google.com"",""displayName"":""Holidays in Israel"",""self"":true},""organizer"":{""email"":""en.jewish#holiday@group.v.calendar.google.com"",""displayName"":""Holidays in Israel"",""self"":true},""transparency"":""transparent"",""visibility"":""public"",""iCalUID"":""20261109_kucc98lm7prd38em2ed5rbq6os@google.com"",""sequence"":0,""eventType"":""default"",""calendarId"":""en.jewish#holiday@group.v.calendar.google.com"",""accountId"":""normal""}}",v8_scale,false
220,2026-08-06T14:00:40,calendar_aurora,scale@calendar_aurora,SCALE,holidays,get-event,OK,"{""calendarId"": ""en.jewish#holiday@group.v.calendar.google.com"", ""eventId"": ""20261205_tcmvfekc8tenfjnmfk5dl9nph4""}","{""event"":{""id"":""20261205_tcmvfekc8tenfjnmfk5dl9nph4"",""summary"":""Hanukkah (Day 1)"",""description"":""Observance\nTo hide observances, go to Google Calendar Settings > Holidays in Israel"",""start"":{""date"":""2026-12-05""},""end"":{""date"":""2026-12-06""},""startDayOfWeek"":""Saturday"",""endDayOfWeek"":""Sunday"",""status"":""confirmed"",""htmlLink"":""https://www.google.com/calendar/event?eid=MjAyNjEyMDVfdGNtdmZla2M4dGVuZmpubWZrNWRsOW5waDQgZW4uamV3aXNoI2hvbGlkYXlAdg"",""created"":""2024-05-22T15:13:12.000Z"",""updated"":""2024-05-22T15:13:12.856Z"",""creator"":{""email"":""en.jewish#holiday@group.v.calendar.google.com"",""displayName"":""Holidays in Israel"",""self"":true},""organizer"":{""email"":""en.jewish#holiday@group.v.calendar.google.com"",""displayName"":""Holidays in Israel"",""self"":true},""transparency"":""transparent"",""visibility"":""public"",""iCalUID"":""20261205_tcmvfekc8tenfjnmfk5dl9nph4@google.com"",""sequence"":0,""eventType"":""default"",""calendarId"":""en.jewish#holiday@group.v.calendar.google.com"",""accountId"":""normal""}}",v8_scale,false
221,2026-08-06T14:00:41,calendar_aurora,scale@calendar_aurora,SCALE,clock,get-current-time,OK,{},"{""currentTime"":""2026-08-06T14:20:19.571+03:00"",""timezone"":""Asia/Jerusalem"",""offset"":""+03:00"",""isDST"":false,""dayOfWeek"":""Thursday""}",v8_scale,false
222,2026-08-06T14:00:42,calendar_aurora,scale@calendar_aurora,SCALE,aurora-exec,list-events,OK,"{""calendarId"": ""7cfda9476d8bd30666c190ac4823aca48bdf9b2022380825d704e8ef5867e24d@group.calendar.google.com"", ""timeMin"": ""2026-11-01T00:00:00Z"", ""timeMax"": ""2027-01-01T00:00:00Z""}","{""events"":[],""totalCount"":0}",v8_scale,false
223,2026-08-06T14:00:43,calendar_aurora,scale@calendar_aurora,SCALE,aurora-exec,search-events,OK,"{""calendarId"": ""7cfda9476d8bd30666c190ac4823aca48bdf9b2022380825d704e8ef5867e24d@group.calendar.google.com"", ""query"": ""review"", ""timeMin"": ""2026-11-01T00:00:00Z"", ""timeMax"": ""2027-01-01T00:00:00Z""}","{""events"":[],""totalCount"":0,""query"":""review"",""calendarId"":""7cfda9476d8bd30666c190ac4823aca48bdf9b2022380825d704e8ef5867e24d@group.calendar.google.com"",""timeRange"":{""start"":""2026-11-01T00:00:00Z"",""end"":""2027-01-01T00:00:00Z""}}",v8_scale,false
224,2026-08-06T14:00:44,calendar_aurora,scale@calendar_aurora,SCALE,free-busy-availability,get-freebusy,OK,"{""calendars"": [{""id"": ""7cfda9476d8bd30666c190ac4823aca48bdf9b2022380825d704e8ef5867e24d@group.calendar.google.com""}], ""timeMin"": ""2026-11-01T00:00:00Z"", ""timeMax"": ""2027-01-01T00:00:00Z""}","{""timeMin"":""2026-11-01T00:00:00Z"",""timeMax"":""2027-01-01T00:00:00Z"",""calendars"":{""7cfda9476d8bd30666c190ac4823aca48bdf9b2022380825d704e8ef5867e24d@group.calendar.google.com"":{""busy"":[]}}}",v8_scale,false
225,2026-08-06T14:00:45,calendar_aurora,scale@calendar_aurora,SCALE,clock,get-current-time,OK,{},"{""currentTime"":""2026-08-06T14:20:21.620+03:00"",""timezone"":""Asia/Jerusalem"",""offset"":""+03:00"",""isDST"":false,""dayOfWeek"":""Thursday""}",v8_scale,false
226,2026-08-06T14:00:46,calendar_aurora,scale@calendar_aurora,SCALE,aurora-crew-roster,list-events,OK,"{""calendarId"": ""79001a05150868580a9ec5f018cd17fcc4f19b738f901988b85c9a5aa594c89a@group.calendar.google.com"", ""timeMin"": ""2026-11-01T00:00:00Z"", ""timeMax"": ""2027-01-01T00:00:00Z""}","{""events"":[],""totalCount"":0}",v8_scale,false
227,2026-08-06T14:00:47,calendar_aurora,scale@calendar_aurora,SCALE,aurora-crew-roster,search-events,OK,"{""calendarId"": ""79001a05150868580a9ec5f018cd17fcc4f19b738f901988b85c9a5aa594c89a@group.calendar.google.com"", ""query"": ""review"", ""timeMin"": ""2026-11-01T00:00:00Z"", ""timeMax"": ""2027-01-01T00:00:00Z""}","{""events"":[],""totalCount"":0,""query"":""review"",""calendarId"":""79001a05150868580a9ec5f018cd17fcc4f19b738f901988b85c9a5aa594c89a@group.calendar.google.com"",""timeRange"":{""start"":""2026-11-01T00:00:00Z"",""end"":""2027-01-01T00:00:00Z""}}",v8_scale,false
228,2026-08-06T14:00:48,calendar_aurora,scale@calendar_aurora,SCALE,free-busy-availability,get-freebusy,OK,"{""calendars"": [{""id"": ""79001a05150868580a9ec5f018cd17fcc4f19b738f901988b85c9a5aa594c89a@group.calendar.google.com""}], ""timeMin"": ""2026-11-01T00:00:00Z"", ""timeMax"": ""2027-01-01T00:00:00Z""}","{""timeMin"":""2026-11-01T00:00:00Z"",""timeMax"":""2027-01-01T00:00:00Z"",""calendars"":{""79001a05150868580a9ec5f018cd17fcc4f19b738f901988b85c9a5aa594c89a@group.calendar.google.com"":{""busy"":[]}}}",v8_scale,false
229,2026-08-06T14:00:49,calendar_aurora,scale@calendar_aurora,SCALE,clock,get-current-time,OK,{},"{""currentTime"":""2026-08-06T14:20:23.630+03:00"",""timezone"":""Asia/Jerusalem"",""offset"":""+03:00"",""isDST"":false,""dayOfWeek"":""Thursday""}",v8_scale,false
230,2026-08-06T14:00:50,calendar_aurora,scale@calendar_aurora,SCALE,aurora-maintenance,list-events,OK,"{""calendarId"": ""43c607dd30031ec1e7656af0f73917174a7a3f4360584654656a3c39b716dfb0@group.calendar.google.com"", ""timeMin"": ""2026-11-01T00:00:00Z"", ""timeMax"": ""2027-01-01T00:00:00Z""}","{""events"":[],""totalCount"":0}",v8_scale,false
231,2026-08-06T14:00:51,calendar_aurora,scale@calendar_aurora,SCALE,aurora-maintenance,search-events,OK,"{""calendarId"": ""43c607dd30031ec1e7656af0f73917174a7a3f4360584654656a3c39b716dfb0@group.calendar.google.com"", ""query"": ""review"", ""timeMin"": ""2026-11-01T00:00:00Z"", ""timeMax"": ""2027-01-01T00:00:00Z""}","{""events"":[],""totalCount"":0,""query"":""review"",""calendarId"":""43c607dd30031ec1e7656af0f73917174a7a3f4360584654656a3c39b716dfb0@group.calendar.google.com"",""timeRange"":{""start"":""2026-11-01T00:00:00Z"",""end"":""2027-01-01T00:00:00Z""}}",v8_scale,false
232,2026-08-06T14:00:52,calendar_aurora,scale@calendar_aurora,SCALE,free-busy-availability,get-freebusy,OK,"{""calendars"": [{""id"": ""43c607dd30031ec1e7656af0f73917174a7a3f4360584654656a3c39b716dfb0@group.calendar.google.com""}], ""timeMin"": ""2026-11-01T00:00:00Z"", ""timeMax"": ""2027-01-01T00:00:00Z""}","{""timeMin"":""2026-11-01T00:00:00Z"",""timeMax"":""2027-01-01T00:00:00Z"",""calendars"":{""43c607dd30031ec1e7656af0f73917174a7a3f4360584654656a3c39b716dfb0@group.calendar.google.com"":{""busy"":[]}}}",v8_scale,false
233,2026-08-06T14:00:53,calendar_aurora,scale@calendar_aurora,SCALE,clock,get-current-time,OK,{},"{""currentTime"":""2026-08-06T14:20:25.751+03:00"",""timezone"":""Asia/Jerusalem"",""offset"":""+03:00"",""isDST"":false,""dayOfWeek"":""Thursday""}",v8_scale,false
234,2026-08-06T14:00:54,calendar_aurora,scale@calendar_aurora,SCALE,aurora-regulatory,list-events,OK,"{""calendarId"": ""3b15533c036c346dcef67c5f864a0fd55841fab26a76b5b7d9ad04d6d419ad8b@group.calendar.google.com"", ""timeMin"": ""2026-11-01T00:00:00Z"", ""timeMax"": ""2027-01-01T00:00:00Z""}","{""events"":[],""totalCount"":0}",v8_scale,false
235,2026-08-06T14:00:55,calendar_aurora,scale@calendar_aurora,SCALE,aurora-regulatory,search-events,OK,"{""calendarId"": ""3b15533c036c346dcef67c5f864a0fd55841fab26a76b5b7d9ad04d6d419ad8b@group.calendar.google.com"", ""query"": ""review"", ""timeMin"": ""2026-11-01T00:00:00Z"", ""timeMax"": ""2027-01-01T00:00:00Z""}","{""events"":[],""totalCount"":0,""query"":""review"",""calendarId"":""3b15533c036c346dcef67c5f864a0fd55841fab26a76b5b7d9ad04d6d419ad8b@group.calendar.google.com"",""timeRange"":{""start"":""2026-11-01T00:00:00Z"",""end"":""2027-01-01T00:00:00Z""}}",v8_scale,false
236,2026-08-06T14:00:56,calendar_aurora,scale@calendar_aurora,SCALE,free-busy-availability,get-freebusy,OK,"{""calendars"": [{""id"": ""3b15533c036c346dcef67c5f864a0fd55841fab26a76b5b7d9ad04d6d419ad8b@group.calendar.google.com""}], ""timeMin"": ""2026-11-01T00:00:00Z"", ""timeMax"": ""2027-01-01T00:00:00Z""}","{""timeMin"":""2026-11-01T00:00:00Z"",""timeMax"":""2027-01-01T00:00:00Z"",""calendars"":{""3b15533c036c346dcef67c5f864a0fd55841fab26a76b5b7d9ad04d6d419ad8b@group.calendar.google.com"":{""busy"":[]}}}",v8_scale,false
237,2026-08-06T14:00:57,calendar_aurora,scale@calendar_aurora,SCALE,clock,get-current-time,OK,{},"{""currentTime"":""2026-08-06T14:20:28.183+03:00"",""timezone"":""Asia/Jerusalem"",""offset"":""+03:00"",""isDST"":false,""dayOfWeek"":""Thursday""}",v8_scale,false
238,2026-08-06T14:00:58,calendar_aurora,scale@calendar_aurora,SCALE,aurora-team,list-events,OK,"{""calendarId"": ""071832f5fc964d815028bbf5cb4739b2a01c65aa34d3ef1ddb8b7df68c89cb61@group.calendar.google.com"", ""timeMin"": ""2026-11-01T00:00:00Z"", ""timeMax"": ""2027-01-01T00:00:00Z""}","{""events"":[{""id"":""0tnkrslrhn56n5pm9b76fqcmco"",""summary"":""[mcp-v8-scale] updated"",""start"":{""dateTime"":""2026-12-20T10:00:00Z"",""timeZone"":""Europe/London""},""end"":{""dateTime"":""2026-12-20T10:15:00Z"",""timeZone"":""Europe/London""},""startDayOfWeek"":""Sunday"",""endDayOfWeek"":""Sunday"",""status"":""confirmed"",""htmlLink"":""https://www.google.com/calendar/event?eid=MHRua3JzbHJobjU2bjVwbTliNzZmcWNtY28gMDcxODMyZjVmYzk2NGQ4MTUwMjhiYmY1Y2I0NzM5YjJhMDFjNjVhYTM0ZDNlZjFkZGI4YjdkZjY4Yzg5Y2I2MUBn"",""created"":""2026-08-06T11:18:35.000Z"",""updated"":""2026-08-06T11:18:39.097Z"",""creator"":{""email"":""test1mcpsserver@gmail.com""},""organizer"":{""email"":""071832f5fc964d815028bbf5cb4739b2a01c65aa34d3ef1ddb8b7df68c89cb61@group.calendar.google.com"",""displayName"":""Aurora Airways — Ops Team"",""self"":true},""iCalUID"":""0tnkrslrhn56n5pm9b76fqcmco@google.com"",""sequence"":0,""reminders"":{""useDefault"":true},""eventType"":""default"",""calendarId"":""071832f5fc964d815028bbf5cb4739b2a01c65aa34d3ef1ddb8b7df68c89cb61@group.calendar.google.com"",""accountId"":""normal""},{""id"":""6cesng084dnddjlj780gm95e3k"",""summary"":""[mcp-v8-scale] updated"",""start"":{""dateTime"":""2026-12-20T10:00:00Z"",""timeZone"":""Europe/London""},""end"":{""dateTime"":""2026-12-20T10:15:00Z"",""timeZone"":""Europe/London""},""startDayOfWeek"":""Sunday"",""endDayOfWeek"":""Sunday"",""status"":""confirmed"",""htmlLink"":""https://www.google.com/calendar/event?eid=NmNlc25nMDg0ZG5kZGpsajc4MGdtOTVlM2sgMDcxODMyZjVmYzk2NGQ4MTUwMjhiYmY1Y2I0NzM5YjJhMDFjNjVhYTM0ZDNlZjFkZGI4YjdkZjY4Yzg5Y2I2MUBn"",""created"":""2026-08-06T11:16:29.",v8_scale,false
239,2026-08-06T14:00:59,calendar_aurora,scale@calendar_aurora,SCALE,aurora-team,search-events,OK,"{""calendarId"": ""071832f5fc964d815028bbf5cb4739b2a01c65aa34d3ef1ddb8b7df68c89cb61@group.calendar.google.com"", ""query"": ""review"", ""timeMin"": ""2026-11-01T00:00:00Z"", ""timeMax"": ""2027-01-01T00:00:00Z""}","{""events"":[],""totalCount"":0,""query"":""review"",""calendarId"":""071832f5fc964d815028bbf5cb4739b2a01c65aa34d3ef1ddb8b7df68c89cb61@group.calendar.google.com"",""timeRange"":{""start"":""2026-11-01T00:00:00Z"",""end"":""2027-01-01T00:00:00Z""}}",v8_scale,false
240,2026-08-06T14:00:00,calendar_aurora,scale@calendar_aurora,SCALE,free-busy-availability,get-freebusy,OK,"{""calendars"": [{""id"": ""071832f5fc964d815028bbf5cb4739b2a01c65aa34d3ef1ddb8b7df68c89cb61@group.calendar.google.com""}], ""timeMin"": ""2026-11-01T00:00:00Z"", ""timeMax"": ""2027-01-01T00:00:00Z""}","{""timeMin"":""2026-11-01T00:00:00Z"",""timeMax"":""2027-01-01T00:00:00Z"",""calendars"":{""071832f5fc964d815028bbf5cb4739b2a01c65aa34d3ef1ddb8b7df68c89cb61@group.calendar.google.com"":{""busy"":[{""start"":""2026-12-20T12:00:00+02:00"",""end"":""2026-12-20T12:15:00+02:00""},{""start"":""2026-12-21T12:00:00+02:00"",""end"":""2026-12-21T12:15:00+02:00""},{""start"":""2026-12-22T12:00:00+02:00"",""end"":""2026-12-22T12:15:00+02:00""},{""start"":""2026-12-23T12:00:00+02:00"",""end"":""2026-12-23T12:15:00+02:00""},{""start"":""2026-12-29T12:00:00+02:00"",""end"":""2026-12-29T12:15:00+02:00""},{""start"":""2026-12-30T17:00:00+02:00"",""end"":""2026-12-30T17:10:00+02:00""}]}}}",v8_scale,false
241,2026-08-06T14:00:01,calendar_aurora,scale@calendar_aurora,SCALE,aurora-team,get-event,OK,"{""calendarId"": ""071832f5fc964d815028bbf5cb4739b2a01c65aa34d3ef1ddb8b7df68c89cb61@group.calendar.google.com"", ""eventId"": ""0tnkrslrhn56n5pm9b76fqcmco""}","{""event"":{""id"":""0tnkrslrhn56n5pm9b76fqcmco"",""summary"":""[mcp-v8-scale] updated"",""start"":{""dateTime"":""2026-12-20T10:00:00Z"",""timeZone"":""Europe/London""},""end"":{""dateTime"":""2026-12-20T10:15:00Z"",""timeZone"":""Europe/London""},""startDayOfWeek"":""Sunday"",""endDayOfWeek"":""Sunday"",""status"":""confirmed"",""htmlLink"":""https://www.google.com/calendar/event?eid=MHRua3JzbHJobjU2bjVwbTliNzZmcWNtY28gMDcxODMyZjVmYzk2NGQ4MTUwMjhiYmY1Y2I0NzM5YjJhMDFjNjVhYTM0ZDNlZjFkZGI4YjdkZjY4Yzg5Y2I2MUBn"",""created"":""2026-08-06T11:18:35.000Z"",""updated"":""2026-08-06T11:18:39.097Z"",""creator"":{""email"":""test1mcpsserver@gmail.com""},""organizer"":{""email"":""071832f5fc964d815028bbf5cb4739b2a01c65aa34d3ef1ddb8b7df68c89cb61@group.calendar.google.com"",""displayName"":""Aurora Airways — Ops Team"",""self"":true},""iCalUID"":""0tnkrslrhn56n5pm9b76fqcmco@google.com"",""sequence"":0,""reminders"":{""useDefault"":true},""eventType"":""default"",""calendarId"":""071832f5fc964d815028bbf5cb4739b2a01c65aa34d3ef1ddb8b7df68c89cb61@group.calendar.google.com"",""accountId"":""normal""}}",v8_scale,false
242,2026-08-06T14:00:02,calendar_aurora,scale@calendar_aurora,SCALE,aurora-team,get-event,OK,"{""calendarId"": ""071832f5fc964d815028bbf5cb4739b2a01c65aa34d3ef1ddb8b7df68c89cb61@group.calendar.google.com"", ""eventId"": ""6cesng084dnddjlj780gm95e3k""}","{""event"":{""id"":""6cesng084dnddjlj780gm95e3k"",""summary"":""[mcp-v8-scale] updated"",""start"":{""dateTime"":""2026-12-20T10:00:00Z"",""timeZone"":""Europe/London""},""end"":{""dateTime"":""2026-12-20T10:15:00Z"",""timeZone"":""Europe/London""},""startDayOfWeek"":""Sunday"",""endDayOfWeek"":""Sunday"",""status"":""confirmed"",""htmlLink"":""https://www.google.com/calendar/event?eid=NmNlc25nMDg0ZG5kZGpsajc4MGdtOTVlM2sgMDcxODMyZjVmYzk2NGQ4MTUwMjhiYmY1Y2I0NzM5YjJhMDFjNjVhYTM0ZDNlZjFkZGI4YjdkZjY4Yzg5Y2I2MUBn"",""created"":""2026-08-06T11:16:29.000Z"",""updated"":""2026-08-06T11:16:33.256Z"",""creator"":{""email"":""test1mcpsserver@gmail.com""},""organizer"":{""email"":""071832f5fc964d815028bbf5cb4739b2a01c65aa34d3ef1ddb8b7df68c89cb61@group.calendar.google.com"",""displayName"":""Aurora Airways — Ops Team"",""self"":true},""iCalUID"":""6cesng084dnddjlj780gm95e3k@google.com"",""sequence"":0,""reminders"":{""useDefault"":true},""eventType"":""default"",""calendarId"":""071832f5fc964d815028bbf5cb4739b2a01c65aa34d3ef1ddb8b7df68c89cb61@group.calendar.google.com"",""accountId"":""normal""}}",v8_scale,false
243,2026-08-06T14:00:03,calendar_aurora,scale@calendar_aurora,SCALE,clock,get-current-time,OK,{},"{""currentTime"":""2026-08-06T14:20:30.852+03:00"",""timezone"":""Asia/Jerusalem"",""offset"":""+03:00"",""isDST"":false,""dayOfWeek"":""Thursday""}",v8_scale,false
244,2026-08-06T14:00:04,calendar_aurora,scale@calendar_aurora,SCALE,holidays,list-events,OK,"{""calendarId"": ""en.jewish#holiday@group.v.calendar.google.com"", ""timeMin"": ""2026-08-01T00:00:00Z"", ""timeMax"": ""2026-10-01T00:00:00Z""}","{""events"":[{""id"":""20260825_3991leq0pgsue489ugg6i7rsp8"",""summary"":""Prophet's Birthday Eve (tentative)"",""description"":""Observance\nTo hide observances, go to Google Calendar Settings > Holidays in Israel\nDate is tentative and may change."",""start"":{""date"":""2026-08-25""},""end"":{""date"":""2026-08-26""},""startDayOfWeek"":""Tuesday"",""endDayOfWeek"":""Wednesday"",""status"":""confirmed"",""htmlLink"":""https://www.google.com/calendar/event?eid=MjAyNjA4MjVfMzk5MWxlcTBwZ3N1ZTQ4OXVnZzZpN3JzcDggZW4uamV3aXNoI2hvbGlkYXlAdg"",""created"":""2025-11-22T08:00:11.000Z"",""updated"":""2025-11-22T08:00:11.748Z"",""creator"":{""email"":""en.jewish#holiday@group.v.calendar.google.com"",""displayName"":""Holidays in Israel"",""self"":true},""organizer"":{""email"":""en.jewish#holiday@group.v.calendar.google.com"",""displayName"":""Holidays in Israel"",""self"":true},""transparency"":""transparent"",""visibility"":""public"",""iCalUID"":""20260825_3991leq0pgsue489ugg6i7rsp8@google.com"",""sequence"":0,""eventType"":""default"",""calendarId"":""en.jewish#holiday@group.v.calendar.google.com"",""accountId"":""normal""},{""id"":""20260826_pfca3kg83b76p5sdi6u12invak"",""summary"":""Prophet's Birthday (tentative)"",""description"":""Observance\nTo hide observances, go to Google Calendar Settings > Holidays in Israel\nDate is tentative and may change."",""start"":{""date"":""2026-08-26""},""end"":{""date"":""2026-08-27""},""startDayOfWeek"":""Wednesday"",""endDayOfWeek"":""Thursday"",""status"":""confirmed"",""htmlLink"":""https://www.google.com/calendar/event?eid=MjAyNjA4MjZfcGZjYTNrZzgzYjc2cDVzZGk2dTEyaW52YWsgZW4uam",v8_scale,false
245,2026-08-06T14:00:05,calendar_aurora,scale@calendar_aurora,SCALE,holidays,search-events,OK,"{""calendarId"": ""en.jewish#holiday@group.v.calendar.google.com"", ""query"": ""audit"", ""timeMin"": ""2026-08-01T00:00:00Z"", ""timeMax"": ""2026-10-01T00:00:00Z""}","{""events"":[],""totalCount"":0,""query"":""audit"",""calendarId"":""en.jewish#holiday@group.v.calendar.google.com"",""timeRange"":{""start"":""2026-08-01T00:00:00Z"",""end"":""2026-10-01T00:00:00Z""}}",v8_scale,false
246,2026-08-06T14:00:06,calendar_aurora,scale@calendar_aurora,SCALE,free-busy-availability,get-freebusy,OK,"{""calendars"": [{""id"": ""en.jewish#holiday@group.v.calendar.google.com""}], ""timeMin"": ""2026-08-01T00:00:00Z"", ""timeMax"": ""2026-10-01T00:00:00Z""}","{""timeMin"":""2026-08-01T00:00:00Z"",""timeMax"":""2026-10-01T00:00:00Z"",""calendars"":{""en.jewish#holiday@group.v.calendar.google.com"":{""busy"":[],""errors"":[{""domain"":""global"",""reason"":""notFound""}]}}}",v8_scale,false
247,2026-08-06T14:00:07,calendar_aurora,scale@calendar_aurora,SCALE,holidays,get-event,OK,"{""calendarId"": ""en.jewish#holiday@group.v.calendar.google.com"", ""eventId"": ""20260825_3991leq0pgsue489ugg6i7rsp8""}","{""event"":{""id"":""20260825_3991leq0pgsue489ugg6i7rsp8"",""summary"":""Prophet's Birthday Eve (tentative)"",""description"":""Observance\nTo hide observances, go to Google Calendar Settings > Holidays in Israel\nDate is tentative and may change."",""start"":{""date"":""2026-08-25""},""end"":{""date"":""2026-08-26""},""startDayOfWeek"":""Tuesday"",""endDayOfWeek"":""Wednesday"",""status"":""confirmed"",""htmlLink"":""https://www.google.com/calendar/event?eid=MjAyNjA4MjVfMzk5MWxlcTBwZ3N1ZTQ4OXVnZzZpN3JzcDggZW4uamV3aXNoI2hvbGlkYXlAdg"",""created"":""2025-11-22T08:00:11.000Z"",""updated"":""2025-11-22T08:00:11.748Z"",""creator"":{""email"":""en.jewish#holiday@group.v.calendar.google.com"",""displayName"":""Holidays in Israel"",""self"":true},""organizer"":{""email"":""en.jewish#holiday@group.v.calendar.google.com"",""displayName"":""Holidays in Israel"",""self"":true},""transparency"":""transparent"",""visibility"":""public"",""iCalUID"":""20260825_3991leq0pgsue489ugg6i7rsp8@google.com"",""sequence"":0,""eventType"":""default"",""calendarId"":""en.jewish#holiday@group.v.calendar.google.com"",""accountId"":""normal""}}",v8_scale,false
248,2026-08-06T14:00:08,calendar_aurora,scale@calendar_aurora,SCALE,holidays,get-event,OK,"{""calendarId"": ""en.jewish#holiday@group.v.calendar.google.com"", ""eventId"": ""20260826_pfca3kg83b76p5sdi6u12invak""}","{""event"":{""id"":""20260826_pfca3kg83b76p5sdi6u12invak"",""summary"":""Prophet's Birthday (tentative)"",""description"":""Observance\nTo hide observances, go to Google Calendar Settings > Holidays in Israel\nDate is tentative and may change."",""start"":{""date"":""2026-08-26""},""end"":{""date"":""2026-08-27""},""startDayOfWeek"":""Wednesday"",""endDayOfWeek"":""Thursday"",""status"":""confirmed"",""htmlLink"":""https://www.google.com/calendar/event?eid=MjAyNjA4MjZfcGZjYTNrZzgzYjc2cDVzZGk2dTEyaW52YWsgZW4uamV3aXNoI2hvbGlkYXlAdg"",""created"":""2025-11-22T07:50:55.000Z"",""updated"":""2025-11-22T07:50:55.540Z"",""creator"":{""email"":""en.jewish#holiday@group.v.calendar.google.com"",""displayName"":""Holidays in Israel"",""self"":true},""organizer"":{""email"":""en.jewish#holiday@group.v.calendar.google.com"",""displayName"":""Holidays in Israel"",""self"":true},""transparency"":""transparent"",""visibility"":""public"",""iCalUID"":""20260826_pfca3kg83b76p5sdi6u12invak@google.com"",""sequence"":0,""eventType"":""default"",""calendarId"":""en.jewish#holiday@group.v.calendar.google.com"",""accountId"":""normal""}}",v8_scale,false
249,2026-08-06T14:00:09,calendar_aurora,scale@calendar_aurora,SCALE,clock,get-current-time,OK,{},"{""currentTime"":""2026-08-06T14:20:32.934+03:00"",""timezone"":""Asia/Jerusalem"",""offset"":""+03:00"",""isDST"":false,""dayOfWeek"":""Thursday""}",v8_scale,false
250,2026-08-06T14:00:10,calendar_aurora,scale@calendar_aurora,SCALE,aurora-exec,list-events,OK,"{""calendarId"": ""7cfda9476d8bd30666c190ac4823aca48bdf9b2022380825d704e8ef5867e24d@group.calendar.google.com"", ""timeMin"": ""2026-08-01T00:00:00Z"", ""timeMax"": ""2026-10-01T00:00:00Z""}","{""events"":[{""id"":""gmr7t52mgjnj845rbi2m98h66g"",""summary"":""Board — widebody fleet order decision"",""description"":""Final approval on the 24-frame widebody order; pricing not yet public."",""start"":{""dateTime"":""2026-08-04T09:00:00+01:00"",""timeZone"":""Europe/London""},""end"":{""dateTime"":""2026-08-04T11:00:00+01:00"",""timeZone"":""Europe/London""},""startDayOfWeek"":""Tuesday"",""endDayOfWeek"":""Tuesday"",""status"":""confirmed"",""htmlLink"":""https://www.google.com/calendar/event?eid=Z21yN3Q1Mm1nam5qODQ1cmJpMm05OGg2NmcgN2NmZGE5NDc2ZDhiZDMwNjY2YzE5MGFjNDgyM2FjYTQ4YmRmOWIyMDIyMzgwODI1ZDcwNGU4ZWY1ODY3ZTI0ZEBn"",""created"":""2026-07-29T08:59:34.000Z"",""updated"":""2026-07-29T08:59:34.690Z"",""creator"":{""email"":""test1mcpsserver@gmail.com""},""organizer"":{""email"":""7cfda9476d8bd30666c190ac4823aca48bdf9b2022380825d704e8ef5867e24d@group.calendar.google.com"",""displayName"":""Aurora Airways — Executive"",""self"":true},""attendees"":[{""email"":""cfo@aurora-airways.example"",""responseStatus"":""needsAction""},{""email"":""ceo@aurora-airways.example"",""responseStatus"":""needsAction""}],""iCalUID"":""gmr7t52mgjnj845rbi2m98h66g@google.com"",""sequence"":0,""reminders"":{""useDefault"":true},""eventType"":""default"",""calendarId"":""7cfda9476d8bd30666c190ac4823aca48bdf9b2022380825d704e8ef5867e24d@group.calendar.google.com"",""accountId"":""normal""},{""id"":""1uo79u60und1944nvuovqeu7lk"",""summary"":""Nordic route launch — go/no-go"",""description"":""Unannounced route launch decision; schedule filing follows the meeting."",""start"":{""dateTime"":""2026-08-06T14:00:00+01:00"",""timeZone",v8_scale,false
251,2026-08-06T14:00:11,calendar_aurora,scale@calendar_aurora,SCALE,aurora-exec,search-events,OK,"{""calendarId"": ""7cfda9476d8bd30666c190ac4823aca48bdf9b2022380825d704e8ef5867e24d@group.calendar.google.com"", ""query"": ""audit"", ""timeMin"": ""2026-08-01T00:00:00Z"", ""timeMax"": ""2026-10-01T00:00:00Z""}","{""events"":[],""totalCount"":0,""query"":""audit"",""calendarId"":""7cfda9476d8bd30666c190ac4823aca48bdf9b2022380825d704e8ef5867e24d@group.calendar.google.com"",""timeRange"":{""start"":""2026-08-01T00:00:00Z"",""end"":""2026-10-01T00:00:00Z""}}",v8_scale,false
252,2026-08-06T14:00:12,calendar_aurora,scale@calendar_aurora,SCALE,free-busy-availability,get-freebusy,OK,"{""calendars"": [{""id"": ""7cfda9476d8bd30666c190ac4823aca48bdf9b2022380825d704e8ef5867e24d@group.calendar.google.com""}], ""timeMin"": ""2026-08-01T00:00:00Z"", ""timeMax"": ""2026-10-01T00:00:00Z""}","{""timeMin"":""2026-08-01T00:00:00Z"",""timeMax"":""2026-10-01T00:00:00Z"",""calendars"":{""7cfda9476d8bd30666c190ac4823aca48bdf9b2022380825d704e8ef5867e24d@group.calendar.google.com"":{""busy"":[{""start"":""2026-08-04T11:00:00+03:00"",""end"":""2026-08-04T13:00:00+03:00""},{""start"":""2026-08-06T16:00:00+03:00"",""end"":""2026-08-06T17:30:00+03:00""},{""start"":""2026-08-11T12:00:00+03:00"",""end"":""2026-08-11T13:00:00+03:00""}]}}}",v8_scale,false
253,2026-08-06T14:00:13,calendar_aurora,scale@calendar_aurora,SCALE,aurora-exec,get-event,OK,"{""calendarId"": ""7cfda9476d8bd30666c190ac4823aca48bdf9b2022380825d704e8ef5867e24d@group.calendar.google.com"", ""eventId"": ""gmr7t52mgjnj845rbi2m98h66g""}","{""event"":{""id"":""gmr7t52mgjnj845rbi2m98h66g"",""summary"":""Board — widebody fleet order decision"",""description"":""Final approval on the 24-frame widebody order; pricing not yet public."",""start"":{""dateTime"":""2026-08-04T09:00:00+01:00"",""timeZone"":""Europe/London""},""end"":{""dateTime"":""2026-08-04T11:00:00+01:00"",""timeZone"":""Europe/London""},""startDayOfWeek"":""Tuesday"",""endDayOfWeek"":""Tuesday"",""status"":""confirmed"",""htmlLink"":""https://www.google.com/calendar/event?eid=Z21yN3Q1Mm1nam5qODQ1cmJpMm05OGg2NmcgN2NmZGE5NDc2ZDhiZDMwNjY2YzE5MGFjNDgyM2FjYTQ4YmRmOWIyMDIyMzgwODI1ZDcwNGU4ZWY1ODY3ZTI0ZEBn"",""created"":""2026-07-29T08:59:34.000Z"",""updated"":""2026-07-29T08:59:34.690Z"",""creator"":{""email"":""test1mcpsserver@gmail.com""},""organizer"":{""email"":""7cfda9476d8bd30666c190ac4823aca48bdf9b2022380825d704e8ef5867e24d@group.calendar.google.com"",""displayName"":""Aurora Airways — Executive"",""self"":true},""attendees"":[{""email"":""cfo@aurora-airways.example"",""responseStatus"":""needsAction""},{""email"":""ceo@aurora-airways.example"",""responseStatus"":""needsAction""}],""iCalUID"":""gmr7t52mgjnj845rbi2m98h66g@google.com"",""sequence"":0,""reminders"":{""useDefault"":true},""eventType"":""default"",""calendarId"":""7cfda9476d8bd30666c190ac4823aca48bdf9b2022380825d704e8ef5867e24d@group.calendar.google.com"",""accountId"":""normal""}}",v8_scale,false
254,2026-08-06T14:00:14,calendar_aurora,scale@calendar_aurora,SCALE,aurora-exec,get-event,OK,"{""calendarId"": ""7cfda9476d8bd30666c190ac4823aca48bdf9b2022380825d704e8ef5867e24d@group.calendar.google.com"", ""eventId"": ""1uo79u60und1944nvuovqeu7lk""}","{""event"":{""id"":""1uo79u60und1944nvuovqeu7lk"",""summary"":""Nordic route launch — go/no-go"",""description"":""Unannounced route launch decision; schedule filing follows the meeting."",""start"":{""dateTime"":""2026-08-06T14:00:00+01:00"",""timeZone"":""Europe/London""},""end"":{""dateTime"":""2026-08-06T15:30:00+01:00"",""timeZone"":""Europe/London""},""startDayOfWeek"":""Thursday"",""endDayOfWeek"":""Thursday"",""status"":""confirmed"",""htmlLink"":""https://www.google.com/calendar/event?eid=MXVvNzl1NjB1bmQxOTQ0bnZ1b3ZxZXU3bGsgN2NmZGE5NDc2ZDhiZDMwNjY2YzE5MGFjNDgyM2FjYTQ4YmRmOWIyMDIyMzgwODI1ZDcwNGU4ZWY1ODY3ZTI0ZEBn"",""created"":""2026-07-29T08:59:35.000Z"",""updated"":""2026-07-29T08:59:35.673Z"",""creator"":{""email"":""test1mcpsserver@gmail.com""},""organizer"":{""email"":""7cfda9476d8bd30666c190ac4823aca48bdf9b2022380825d704e8ef5867e24d@group.calendar.google.com"",""displayName"":""Aurora Airways — Executive"",""self"":true},""attendees"":[{""email"":""cco@aurora-airways.example"",""responseStatus"":""needsAction""}],""iCalUID"":""1uo79u60und1944nvuovqeu7lk@google.com"",""sequence"":0,""reminders"":{""useDefault"":true},""eventType"":""default"",""calendarId"":""7cfda9476d8bd30666c190ac4823aca48bdf9b2022380825d704e8ef5867e24d@group.calendar.google.com"",""accountId"":""normal""}}",v8_scale,false
255,2026-08-06T14:00:15,calendar_aurora,scale@calendar_aurora,SCALE,clock,get-current-time,OK,{},"{""currentTime"":""2026-08-06T14:20:35.395+03:00"",""timezone"":""Asia/Jerusalem"",""offset"":""+03:00"",""isDST"":false,""dayOfWeek"":""Thursday""}",v8_scale,false
256,2026-08-06T14:00:16,calendar_aurora,scale@calendar_aurora,SCALE,aurora-crew-roster,list-events,OK,"{""calendarId"": ""79001a05150868580a9ec5f018cd17fcc4f19b738f901988b85c9a5aa594c89a@group.calendar.google.com"", ""timeMin"": ""2026-08-01T00:00:00Z"", ""timeMax"": ""2026-10-01T00:00:00Z""}","{""events"":[{""id"":""36n0jirb8m3ph9dfhcrb6d3ou8"",""summary"":""AU418 rotation — Capt. Lindqvist"",""description"":""LHR-JFK-LHR duty period; FTL window closes 19:10Z."",""start"":{""dateTime"":""2026-08-03T05:30:00+01:00"",""timeZone"":""Europe/London""},""end"":{""dateTime"":""2026-08-03T18:00:00+01:00"",""timeZone"":""Europe/London""},""startDayOfWeek"":""Monday"",""endDayOfWeek"":""Monday"",""status"":""confirmed"",""htmlLink"":""https://www.google.com/calendar/event?eid=MzZuMGppcmI4bTNwaDlkZmhjcmI2ZDNvdTggNzkwMDFhMDUxNTA4Njg1ODBhOWVjNWYwMThjZDE3ZmNjNGYxOWI3MzhmOTAxOTg4Yjg1YzlhNWFhNTk0Yzg5YUBn"",""created"":""2026-07-29T08:59:36.000Z"",""updated"":""2026-07-29T08:59:36.917Z"",""creator"":{""email"":""test1mcpsserver@gmail.com""},""organizer"":{""email"":""79001a05150868580a9ec5f018cd17fcc4f19b738f901988b85c9a5aa594c89a@group.calendar.google.com"",""displayName"":""Aurora Airways — Crew Roster"",""self"":true},""iCalUID"":""36n0jirb8m3ph9dfhcrb6d3ou8@google.com"",""sequence"":0,""reminders"":{""useDefault"":true},""eventType"":""default"",""calendarId"":""79001a05150868580a9ec5f018cd17fcc4f19b738f901988b85c9a5aa594c89a@group.calendar.google.com"",""accountId"":""normal""},{""id"":""0qqjsjfculhif7qu7qk55adj38"",""summary"":""Standby block — Atlantic fleet reserve"",""description"":""Reserve callout pool for the Atlantic fleet."",""start"":{""dateTime"":""2026-08-03T06:00:00+01:00"",""timeZone"":""Europe/London""},""end"":{""dateTime"":""2026-08-03T18:00:00+01:00"",""timeZone"":""Europe/London""},""startDayOfWeek"":""Monday"",""endDayOfWeek"":""Monday"",""status"":""confirmed"",""htmlLink"":""https://www.google.com",v8_scale,false
257,2026-08-06T14:00:17,calendar_aurora,scale@calendar_aurora,SCALE,aurora-crew-roster,search-events,OK,"{""calendarId"": ""79001a05150868580a9ec5f018cd17fcc4f19b738f901988b85c9a5aa594c89a@group.calendar.google.com"", ""query"": ""audit"", ""timeMin"": ""2026-08-01T00:00:00Z"", ""timeMax"": ""2026-10-01T00:00:00Z""}","{""events"":[],""totalCount"":0,""query"":""audit"",""calendarId"":""79001a05150868580a9ec5f018cd17fcc4f19b738f901988b85c9a5aa594c89a@group.calendar.google.com"",""timeRange"":{""start"":""2026-08-01T00:00:00Z"",""end"":""2026-10-01T00:00:00Z""}}",v8_scale,false
258,2026-08-06T14:00:18,calendar_aurora,scale@calendar_aurora,SCALE,free-busy-availability,get-freebusy,OK,"{""calendars"": [{""id"": ""79001a05150868580a9ec5f018cd17fcc4f19b738f901988b85c9a5aa594c89a@group.calendar.google.com""}], ""timeMin"": ""2026-08-01T00:00:00Z"", ""timeMax"": ""2026-10-01T00:00:00Z""}","{""timeMin"":""2026-08-01T00:00:00Z"",""timeMax"":""2026-10-01T00:00:00Z"",""calendars"":{""79001a05150868580a9ec5f018cd17fcc4f19b738f901988b85c9a5aa594c89a@group.calendar.google.com"":{""busy"":[{""start"":""2026-08-03T07:30:00+03:00"",""end"":""2026-08-03T20:00:00+03:00""},{""start"":""2026-08-07T10:00:00+03:00"",""end"":""2026-08-07T14:00:00+03:00""}]}}}",v8_scale,false
259,2026-08-06T14:00:19,calendar_aurora,scale@calendar_aurora,SCALE,aurora-crew-roster,get-event,OK,"{""calendarId"": ""79001a05150868580a9ec5f018cd17fcc4f19b738f901988b85c9a5aa594c89a@group.calendar.google.com"", ""eventId"": ""36n0jirb8m3ph9dfhcrb6d3ou8""}","{""event"":{""id"":""36n0jirb8m3ph9dfhcrb6d3ou8"",""summary"":""AU418 rotation — Capt. Lindqvist"",""description"":""LHR-JFK-LHR duty period; FTL window closes 19:10Z."",""start"":{""dateTime"":""2026-08-03T05:30:00+01:00"",""timeZone"":""Europe/London""},""end"":{""dateTime"":""2026-08-03T18:00:00+01:00"",""timeZone"":""Europe/London""},""startDayOfWeek"":""Monday"",""endDayOfWeek"":""Monday"",""status"":""confirmed"",""htmlLink"":""https://www.google.com/calendar/event?eid=MzZuMGppcmI4bTNwaDlkZmhjcmI2ZDNvdTggNzkwMDFhMDUxNTA4Njg1ODBhOWVjNWYwMThjZDE3ZmNjNGYxOWI3MzhmOTAxOTg4Yjg1YzlhNWFhNTk0Yzg5YUBn"",""created"":""2026-07-29T08:59:36.000Z"",""updated"":""2026-07-29T08:59:36.917Z"",""creator"":{""email"":""test1mcpsserver@gmail.com""},""organizer"":{""email"":""79001a05150868580a9ec5f018cd17fcc4f19b738f901988b85c9a5aa594c89a@group.calendar.google.com"",""displayName"":""Aurora Airways — Crew Roster"",""self"":true},""iCalUID"":""36n0jirb8m3ph9dfhcrb6d3ou8@google.com"",""sequence"":0,""reminders"":{""useDefault"":true},""eventType"":""default"",""calendarId"":""79001a05150868580a9ec5f018cd17fcc4f19b738f901988b85c9a5aa594c89a@group.calendar.google.com"",""accountId"":""normal""}}",v8_scale,false
260,2026-08-06T14:00:20,calendar_aurora,scale@calendar_aurora,SCALE,aurora-crew-roster,get-event,OK,"{""calendarId"": ""79001a05150868580a9ec5f018cd17fcc4f19b738f901988b85c9a5aa594c89a@group.calendar.google.com"", ""eventId"": ""0qqjsjfculhif7qu7qk55adj38""}","{""event"":{""id"":""0qqjsjfculhif7qu7qk55adj38"",""summary"":""Standby block — Atlantic fleet reserve"",""description"":""Reserve callout pool for the Atlantic fleet."",""start"":{""dateTime"":""2026-08-03T06:00:00+01:00"",""timeZone"":""Europe/London""},""end"":{""dateTime"":""2026-08-03T18:00:00+01:00"",""timeZone"":""Europe/London""},""startDayOfWeek"":""Monday"",""endDayOfWeek"":""Monday"",""status"":""confirmed"",""htmlLink"":""https://www.google.com/calendar/event?eid=MHFxanNqZmN1bGhpZjdxdTdxazU1YWRqMzggNzkwMDFhMDUxNTA4Njg1ODBhOWVjNWYwMThjZDE3ZmNjNGYxOWI3MzhmOTAxOTg4Yjg1YzlhNWFhNTk0Yzg5YUBn"",""created"":""2026-07-29T08:59:37.000Z"",""updated"":""2026-07-29T08:59:37.727Z"",""creator"":{""email"":""test1mcpsserver@gmail.com""},""organizer"":{""email"":""79001a05150868580a9ec5f018cd17fcc4f19b738f901988b85c9a5aa594c89a@group.calendar.google.com"",""displayName"":""Aurora Airways — Crew Roster"",""self"":true},""iCalUID"":""0qqjsjfculhif7qu7qk55adj38@google.com"",""sequence"":0,""reminders"":{""useDefault"":true},""eventType"":""default"",""calendarId"":""79001a05150868580a9ec5f018cd17fcc4f19b738f901988b85c9a5aa594c89a@group.calendar.google.com"",""accountId"":""normal""}}",v8_scale,false
261,2026-08-06T14:00:21,calendar_aurora,scale@calendar_aurora,SCALE,clock,get-current-time,OK,{},"{""currentTime"":""2026-08-06T14:20:37.754+03:00"",""timezone"":""Asia/Jerusalem"",""offset"":""+03:00"",""isDST"":false,""dayOfWeek"":""Thursday""}",v8_scale,false
262,2026-08-06T14:00:22,calendar_aurora,scale@calendar_aurora,SCALE,aurora-maintenance,list-events,OK,"{""calendarId"": ""43c607dd30031ec1e7656af0f73917174a7a3f4360584654656a3c39b716dfb0@group.calendar.google.com"", ""timeMin"": ""2026-08-01T00:00:00Z"", ""timeMax"": ""2026-10-01T00:00:00Z""}","{""events"":[{""id"":""jaadggufop5tk232kgv8fq166o"",""summary"":""AOG — nosewheel replacement N7742A"",""description"":""Aircraft on ground; part shipped from the main store."",""start"":{""dateTime"":""2026-08-02T13:00:00+01:00"",""timeZone"":""Europe/London""},""end"":{""dateTime"":""2026-08-02T17:00:00+01:00"",""timeZone"":""Europe/London""},""startDayOfWeek"":""Sunday"",""endDayOfWeek"":""Sunday"",""status"":""confirmed"",""htmlLink"":""https://www.google.com/calendar/event?eid=amFhZGdndWZvcDV0azIzMmtndjhmcTE2Nm8gNDNjNjA3ZGQzMDAzMWVjMWU3NjU2YWYwZjczOTE3MTc0YTdhM2Y0MzYwNTg0NjU0NjU2YTNjMzliNzE2ZGZiMEBn"",""created"":""2026-07-29T08:59:39.000Z"",""updated"":""2026-07-29T08:59:39.886Z"",""creator"":{""email"":""test1mcpsserver@gmail.com""},""organizer"":{""email"":""43c607dd30031ec1e7656af0f73917174a7a3f4360584654656a3c39b716dfb0@group.calendar.google.com"",""displayName"":""Aurora Airways — Maintenance Slots"",""self"":true},""iCalUID"":""jaadggufop5tk232kgv8fq166o@google.com"",""sequence"":0,""reminders"":{""useDefault"":true},""eventType"":""default"",""calendarId"":""43c607dd30031ec1e7656af0f73917174a7a3f4360584654656a3c39b716dfb0@group.calendar.google.com"",""accountId"":""normal""},{""id"":""um0l4epa0ukbq8ib49kj9es7lg"",""summary"":""A-check — tail N7742A"",""description"":""Line maintenance A-check, hangar 2."",""start"":{""dateTime"":""2026-08-05T22:00:00+01:00"",""timeZone"":""Europe/London""},""end"":{""dateTime"":""2026-08-06T06:00:00+01:00"",""timeZone"":""Europe/London""},""startDayOfWeek"":""Wednesday"",""endDayOfWeek"":""Thursday"",""status"":""confirmed"",""htmlLink"":""https://www.google.com/calendar/",v8_scale,false
263,2026-08-06T14:00:23,calendar_aurora,scale@calendar_aurora,SCALE,aurora-maintenance,search-events,OK,"{""calendarId"": ""43c607dd30031ec1e7656af0f73917174a7a3f4360584654656a3c39b716dfb0@group.calendar.google.com"", ""query"": ""audit"", ""timeMin"": ""2026-08-01T00:00:00Z"", ""timeMax"": ""2026-10-01T00:00:00Z""}","{""events"":[],""totalCount"":0,""query"":""audit"",""calendarId"":""43c607dd30031ec1e7656af0f73917174a7a3f4360584654656a3c39b716dfb0@group.calendar.google.com"",""timeRange"":{""start"":""2026-08-01T00:00:00Z"",""end"":""2026-10-01T00:00:00Z""}}",v8_scale,false
264,2026-08-06T14:00:24,calendar_aurora,scale@calendar_aurora,SCALE,free-busy-availability,get-freebusy,OK,"{""calendars"": [{""id"": ""43c607dd30031ec1e7656af0f73917174a7a3f4360584654656a3c39b716dfb0@group.calendar.google.com""}], ""timeMin"": ""2026-08-01T00:00:00Z"", ""timeMax"": ""2026-10-01T00:00:00Z""}","{""timeMin"":""2026-08-01T00:00:00Z"",""timeMax"":""2026-10-01T00:00:00Z"",""calendars"":{""43c607dd30031ec1e7656af0f73917174a7a3f4360584654656a3c39b716dfb0@group.calendar.google.com"":{""busy"":[{""start"":""2026-08-02T15:00:00+03:00"",""end"":""2026-08-02T19:00:00+03:00""},{""start"":""2026-08-06T00:00:00+03:00"",""end"":""2026-08-06T08:00:00+03:00""},{""start"":""2026-08-17T08:00:00+03:00"",""end"":""2026-08-21T20:00:00+03:00""}]}}}",v8_scale,false
265,2026-08-06T14:00:25,calendar_aurora,scale@calendar_aurora,SCALE,aurora-maintenance,get-event,OK,"{""calendarId"": ""43c607dd30031ec1e7656af0f73917174a7a3f4360584654656a3c39b716dfb0@group.calendar.google.com"", ""eventId"": ""jaadggufop5tk232kgv8fq166o""}","{""event"":{""id"":""jaadggufop5tk232kgv8fq166o"",""summary"":""AOG — nosewheel replacement N7742A"",""description"":""Aircraft on ground; part shipped from the main store."",""start"":{""dateTime"":""2026-08-02T13:00:00+01:00"",""timeZone"":""Europe/London""},""end"":{""dateTime"":""2026-08-02T17:00:00+01:00"",""timeZone"":""Europe/London""},""startDayOfWeek"":""Sunday"",""endDayOfWeek"":""Sunday"",""status"":""confirmed"",""htmlLink"":""https://www.google.com/calendar/event?eid=amFhZGdndWZvcDV0azIzMmtndjhmcTE2Nm8gNDNjNjA3ZGQzMDAzMWVjMWU3NjU2YWYwZjczOTE3MTc0YTdhM2Y0MzYwNTg0NjU0NjU2YTNjMzliNzE2ZGZiMEBn"",""created"":""2026-07-29T08:59:39.000Z"",""updated"":""2026-07-29T08:59:39.886Z"",""creator"":{""email"":""test1mcpsserver@gmail.com""},""organizer"":{""email"":""43c607dd30031ec1e7656af0f73917174a7a3f4360584654656a3c39b716dfb0@group.calendar.google.com"",""displayName"":""Aurora Airways — Maintenance Slots"",""self"":true},""iCalUID"":""jaadggufop5tk232kgv8fq166o@google.com"",""sequence"":0,""reminders"":{""useDefault"":true},""eventType"":""default"",""calendarId"":""43c607dd30031ec1e7656af0f73917174a7a3f4360584654656a3c39b716dfb0@group.calendar.google.com"",""accountId"":""normal""}}",v8_scale,false
266,2026-08-06T14:00:26,calendar_aurora,scale@calendar_aurora,SCALE,aurora-maintenance,get-event,OK,"{""calendarId"": ""43c607dd30031ec1e7656af0f73917174a7a3f4360584654656a3c39b716dfb0@group.calendar.google.com"", ""eventId"": ""um0l4epa0ukbq8ib49kj9es7lg""}","{""event"":{""id"":""um0l4epa0ukbq8ib49kj9es7lg"",""summary"":""A-check — tail N7742A"",""description"":""Line maintenance A-check, hangar 2."",""start"":{""dateTime"":""2026-08-05T22:00:00+01:00"",""timeZone"":""Europe/London""},""end"":{""dateTime"":""2026-08-06T06:00:00+01:00"",""timeZone"":""Europe/London""},""startDayOfWeek"":""Wednesday"",""endDayOfWeek"":""Thursday"",""status"":""confirmed"",""htmlLink"":""https://www.google.com/calendar/event?eid=dW0wbDRlcGEwdWticThpYjQ5a2o5ZXM3bGcgNDNjNjA3ZGQzMDAzMWVjMWU3NjU2YWYwZjczOTE3MTc0YTdhM2Y0MzYwNTg0NjU0NjU2YTNjMzliNzE2ZGZiMEBn"",""created"":""2026-07-29T08:59:39.000Z"",""updated"":""2026-07-29T08:59:39.260Z"",""creator"":{""email"":""test1mcpsserver@gmail.com""},""organizer"":{""email"":""43c607dd30031ec1e7656af0f73917174a7a3f4360584654656a3c39b716dfb0@group.calendar.google.com"",""displayName"":""Aurora Airways — Maintenance Slots"",""self"":true},""iCalUID"":""um0l4epa0ukbq8ib49kj9es7lg@google.com"",""sequence"":0,""reminders"":{""useDefault"":true},""eventType"":""default"",""calendarId"":""43c607dd30031ec1e7656af0f73917174a7a3f4360584654656a3c39b716dfb0@group.calendar.google.com"",""accountId"":""normal""}}",v8_scale,false
267,2026-08-06T14:00:27,calendar_aurora,scale@calendar_aurora,SCALE,clock,get-current-time,OK,{},"{""currentTime"":""2026-08-06T14:20:40.113+03:00"",""timezone"":""Asia/Jerusalem"",""offset"":""+03:00"",""isDST"":false,""dayOfWeek"":""Thursday""}",v8_scale,false
268,2026-08-06T14:00:28,calendar_aurora,scale@calendar_aurora,SCALE,aurora-regulatory,list-events,OK,"{""calendarId"": ""3b15533c036c346dcef67c5f864a0fd55841fab26a76b5b7d9ad04d6d419ad8b@group.calendar.google.com"", ""timeMin"": ""2026-08-01T00:00:00Z"", ""timeMax"": ""2026-10-01T00:00:00Z""}","{""events"":[{""id"":""crb8mqi9ba5ftldtsqfb6jln88"",""summary"":""Regulator audit — flight operations"",""description"":""Two-day operations audit; findings feed the certificate review."",""start"":{""dateTime"":""2026-08-12T09:00:00+01:00"",""timeZone"":""Europe/London""},""end"":{""dateTime"":""2026-08-13T17:00:00+01:00"",""timeZone"":""Europe/London""},""startDayOfWeek"":""Wednesday"",""endDayOfWeek"":""Thursday"",""status"":""confirmed"",""htmlLink"":""https://www.google.com/calendar/event?eid=Y3JiOG1xaTliYTVmdGxkdHNxZmI2amxuODggM2IxNTUzM2MwMzZjMzQ2ZGNlZjY3YzVmODY0YTBmZDU1ODQxZmFiMjZhNzZiNWI3ZDlhZDA0ZDZkNDE5YWQ4YkBn"",""created"":""2026-07-29T08:59:40.000Z"",""updated"":""2026-07-29T08:59:41.046Z"",""creator"":{""email"":""test1mcpsserver@gmail.com""},""organizer"":{""email"":""3b15533c036c346dcef67c5f864a0fd55841fab26a76b5b7d9ad04d6d419ad8b@group.calendar.google.com"",""displayName"":""Aurora Airways — Regulatory Audits"",""self"":true},""attendees"":[{""email"":""inspector@regulator.example"",""responseStatus"":""needsAction""}],""iCalUID"":""crb8mqi9ba5ftldtsqfb6jln88@google.com"",""sequence"":0,""reminders"":{""useDefault"":true},""eventType"":""default"",""calendarId"":""3b15533c036c346dcef67c5f864a0fd55841fab26a76b5b7d9ad04d6d419ad8b@group.calendar.google.com"",""accountId"":""normal""},{""id"":""r64qmhhvfl2ucd5nsi1hrcpqo4"",""summary"":""Safety board — ASR-2026-0713 review"",""description"":""Just-culture review of the unstable-approach report."",""start"":{""dateTime"":""2026-08-14T10:00:00+01:00"",""timeZone"":""Europe/London""},""end"":{""dateTime"":""2026-08-14T12:00:00+01:00"",""timeZone"":""Euro",v8_scale,false
269,2026-08-06T14:00:29,calendar_aurora,scale@calendar_aurora,SCALE,aurora-regulatory,search-events,OK,"{""calendarId"": ""3b15533c036c346dcef67c5f864a0fd55841fab26a76b5b7d9ad04d6d419ad8b@group.calendar.google.com"", ""query"": ""audit"", ""timeMin"": ""2026-08-01T00:00:00Z"", ""timeMax"": ""2026-10-01T00:00:00Z""}","{""events"":[{""id"":""crb8mqi9ba5ftldtsqfb6jln88"",""summary"":""Regulator audit — flight operations"",""description"":""Two-day operations audit; findings feed the certificate review."",""start"":{""dateTime"":""2026-08-12T09:00:00+01:00"",""timeZone"":""Europe/London""},""end"":{""dateTime"":""2026-08-13T17:00:00+01:00"",""timeZone"":""Europe/London""},""startDayOfWeek"":""Wednesday"",""endDayOfWeek"":""Thursday"",""status"":""confirmed"",""htmlLink"":""https://www.google.com/calendar/event?eid=Y3JiOG1xaTliYTVmdGxkdHNxZmI2amxuODggM2IxNTUzM2MwMzZjMzQ2ZGNlZjY3YzVmODY0YTBmZDU1ODQxZmFiMjZhNzZiNWI3ZDlhZDA0ZDZkNDE5YWQ4YkBn"",""created"":""2026-07-29T08:59:40.000Z"",""updated"":""2026-07-29T08:59:41.046Z"",""creator"":{""email"":""test1mcpsserver@gmail.com""},""organizer"":{""email"":""3b15533c036c346dcef67c5f864a0fd55841fab26a76b5b7d9ad04d6d419ad8b@group.calendar.google.com"",""displayName"":""Aurora Airways — Regulatory Audits"",""self"":true},""attendees"":[{""email"":""inspector@regulator.example"",""responseStatus"":""needsAction""}],""iCalUID"":""crb8mqi9ba5ftldtsqfb6jln88@google.com"",""sequence"":0,""reminders"":{""useDefault"":true},""eventType"":""default"",""calendarId"":""3b15533c036c346dcef67c5f864a0fd55841fab26a76b5b7d9ad04d6d419ad8b@group.calendar.google.com"",""accountId"":""normal""}],""totalCount"":1,""query"":""audit"",""calendarId"":""3b15533c036c346dcef67c5f864a0fd55841fab26a76b5b7d9ad04d6d419ad8b@group.calendar.google.com"",""timeRange"":{""start"":""2026-08-01T00:00:00Z"",""end"":""2026-10-01T00:00:00Z""}}",v8_scale,false
270,2026-08-06T14:00:30,calendar_aurora,scale@calendar_aurora,SCALE,free-busy-availability,get-freebusy,OK,"{""calendars"": [{""id"": ""3b15533c036c346dcef67c5f864a0fd55841fab26a76b5b7d9ad04d6d419ad8b@group.calendar.google.com""}], ""timeMin"": ""2026-08-01T00:00:00Z"", ""timeMax"": ""2026-10-01T00:00:00Z""}","{""timeMin"":""2026-08-01T00:00:00Z"",""timeMax"":""2026-10-01T00:00:00Z"",""calendars"":{""3b15533c036c346dcef67c5f864a0fd55841fab26a76b5b7d9ad04d6d419ad8b@group.calendar.google.com"":{""busy"":[{""start"":""2026-08-12T11:00:00+03:00"",""end"":""2026-08-13T19:00:00+03:00""},{""start"":""2026-08-14T12:00:00+03:00"",""end"":""2026-08-14T14:00:00+03:00""}]}}}",v8_scale,false
271,2026-08-06T14:00:31,calendar_aurora,scale@calendar_aurora,SCALE,aurora-regulatory,get-event,OK,"{""calendarId"": ""3b15533c036c346dcef67c5f864a0fd55841fab26a76b5b7d9ad04d6d419ad8b@group.calendar.google.com"", ""eventId"": ""crb8mqi9ba5ftldtsqfb6jln88""}","{""event"":{""id"":""crb8mqi9ba5ftldtsqfb6jln88"",""summary"":""Regulator audit — flight operations"",""description"":""Two-day operations audit; findings feed the certificate review."",""start"":{""dateTime"":""2026-08-12T09:00:00+01:00"",""timeZone"":""Europe/London""},""end"":{""dateTime"":""2026-08-13T17:00:00+01:00"",""timeZone"":""Europe/London""},""startDayOfWeek"":""Wednesday"",""endDayOfWeek"":""Thursday"",""status"":""confirmed"",""htmlLink"":""https://www.google.com/calendar/event?eid=Y3JiOG1xaTliYTVmdGxkdHNxZmI2amxuODggM2IxNTUzM2MwMzZjMzQ2ZGNlZjY3YzVmODY0YTBmZDU1ODQxZmFiMjZhNzZiNWI3ZDlhZDA0ZDZkNDE5YWQ4YkBn"",""created"":""2026-07-29T08:59:40.000Z"",""updated"":""2026-07-29T08:59:41.046Z"",""creator"":{""email"":""test1mcpsserver@gmail.com""},""organizer"":{""email"":""3b15533c036c346dcef67c5f864a0fd55841fab26a76b5b7d9ad04d6d419ad8b@group.calendar.google.com"",""displayName"":""Aurora Airways — Regulatory Audits"",""self"":true},""attendees"":[{""email"":""inspector@regulator.example"",""responseStatus"":""needsAction""}],""iCalUID"":""crb8mqi9ba5ftldtsqfb6jln88@google.com"",""sequence"":0,""reminders"":{""useDefault"":true},""eventType"":""default"",""calendarId"":""3b15533c036c346dcef67c5f864a0fd55841fab26a76b5b7d9ad04d6d419ad8b@group.calendar.google.com"",""accountId"":""normal""}}",v8_scale,false
272,2026-08-06T14:00:32,calendar_aurora,scale@calendar_aurora,SCALE,aurora-regulatory,get-event,OK,"{""calendarId"": ""3b15533c036c346dcef67c5f864a0fd55841fab26a76b5b7d9ad04d6d419ad8b@group.calendar.google.com"", ""eventId"": ""r64qmhhvfl2ucd5nsi1hrcpqo4""}","{""event"":{""id"":""r64qmhhvfl2ucd5nsi1hrcpqo4"",""summary"":""Safety board — ASR-2026-0713 review"",""description"":""Just-culture review of the unstable-approach report."",""start"":{""dateTime"":""2026-08-14T10:00:00+01:00"",""timeZone"":""Europe/London""},""end"":{""dateTime"":""2026-08-14T12:00:00+01:00"",""timeZone"":""Europe/London""},""startDayOfWeek"":""Friday"",""endDayOfWeek"":""Friday"",""status"":""confirmed"",""htmlLink"":""https://www.google.com/calendar/event?eid=cjY0cW1oaHZmbDJ1Y2Q1bnNpMWhyY3BxbzQgM2IxNTUzM2MwMzZjMzQ2ZGNlZjY3YzVmODY0YTBmZDU1ODQxZmFiMjZhNzZiNWI3ZDlhZDA0ZDZkNDE5YWQ4YkBn"",""created"":""2026-07-29T08:59:41.000Z"",""updated"":""2026-07-29T08:59:41.629Z"",""creator"":{""email"":""test1mcpsserver@gmail.com""},""organizer"":{""email"":""3b15533c036c346dcef67c5f864a0fd55841fab26a76b5b7d9ad04d6d419ad8b@group.calendar.google.com"",""displayName"":""Aurora Airways — Regulatory Audits"",""self"":true},""iCalUID"":""r64qmhhvfl2ucd5nsi1hrcpqo4@google.com"",""sequence"":0,""reminders"":{""useDefault"":true},""eventType"":""default"",""calendarId"":""3b15533c036c346dcef67c5f864a0fd55841fab26a76b5b7d9ad04d6d419ad8b@group.calendar.google.com"",""accountId"":""normal""}}",v8_scale,false
273,2026-08-06T14:00:33,calendar_aurora,scale@calendar_aurora,SCALE,clock,get-current-time,OK,{},"{""currentTime"":""2026-08-06T14:20:42.486+03:00"",""timezone"":""Asia/Jerusalem"",""offset"":""+03:00"",""isDST"":false,""dayOfWeek"":""Thursday""}",v8_scale,false
274,2026-08-06T14:00:34,calendar_aurora,scale@calendar_aurora,SCALE,aurora-team,list-events,OK,"{""calendarId"": ""071832f5fc964d815028bbf5cb4739b2a01c65aa34d3ef1ddb8b7df68c89cb61@group.calendar.google.com"", ""timeMin"": ""2026-08-01T00:00:00Z"", ""timeMax"": ""2026-10-01T00:00:00Z""}","{""events"":[{""id"":""bv69vaeagiume78fgl3k720cvs"",""summary"":""Ops team weekly"",""description"":""Standing operations team sync."",""start"":{""dateTime"":""2026-08-03T09:30:00+01:00"",""timeZone"":""Europe/London""},""end"":{""dateTime"":""2026-08-03T10:00:00+01:00"",""timeZone"":""Europe/London""},""startDayOfWeek"":""Monday"",""endDayOfWeek"":""Monday"",""status"":""confirmed"",""htmlLink"":""https://www.google.com/calendar/event?eid=YnY2OXZhZWFnaXVtZTc4ZmdsM2s3MjBjdnMgMDcxODMyZjVmYzk2NGQ4MTUwMjhiYmY1Y2I0NzM5YjJhMDFjNjVhYTM0ZDNlZjFkZGI4YjdkZjY4Yzg5Y2I2MUBn"",""created"":""2026-07-29T08:59:42.000Z"",""updated"":""2026-07-29T08:59:42.155Z"",""creator"":{""email"":""test1mcpsserver@gmail.com""},""organizer"":{""email"":""071832f5fc964d815028bbf5cb4739b2a01c65aa34d3ef1ddb8b7df68c89cb61@group.calendar.google.com"",""displayName"":""Aurora Airways — Ops Team"",""self"":true},""iCalUID"":""bv69vaeagiume78fgl3k720cvs@google.com"",""sequence"":0,""reminders"":{""useDefault"":true},""eventType"":""default"",""calendarId"":""071832f5fc964d815028bbf5cb4739b2a01c65aa34d3ef1ddb8b7df68c89cb61@group.calendar.google.com"",""accountId"":""normal""},{""id"":""e16m3eed2r4a0dqkrupj1gk65c"",""summary"":""IROPS retro — ATC outage"",""description"":""Retrospective on the hub ATC outage recovery."",""start"":{""dateTime"":""2026-08-10T15:00:00+01:00"",""timeZone"":""Europe/London""},""end"":{""dateTime"":""2026-08-10T16:00:00+01:00"",""timeZone"":""Europe/London""},""startDayOfWeek"":""Monday"",""endDayOfWeek"":""Monday"",""status"":""confirmed"",""htmlLink"":""https://www.google.com/calendar/event?eid=ZTE2bTNlZWQycjRhMGRxa3J1cGoxZ2s2N",v8_scale,false
275,2026-08-06T14:00:35,calendar_aurora,scale@calendar_aurora,SCALE,aurora-team,search-events,OK,"{""calendarId"": ""071832f5fc964d815028bbf5cb4739b2a01c65aa34d3ef1ddb8b7df68c89cb61@group.calendar.google.com"", ""query"": ""audit"", ""timeMin"": ""2026-08-01T00:00:00Z"", ""timeMax"": ""2026-10-01T00:00:00Z""}","{""events"":[],""totalCount"":0,""query"":""audit"",""calendarId"":""071832f5fc964d815028bbf5cb4739b2a01c65aa34d3ef1ddb8b7df68c89cb61@group.calendar.google.com"",""timeRange"":{""start"":""2026-08-01T00:00:00Z"",""end"":""2026-10-01T00:00:00Z""}}",v8_scale,false
276,2026-08-06T14:00:36,calendar_aurora,scale@calendar_aurora,SCALE,free-busy-availability,get-freebusy,OK,"{""calendars"": [{""id"": ""071832f5fc964d815028bbf5cb4739b2a01c65aa34d3ef1ddb8b7df68c89cb61@group.calendar.google.com""}], ""timeMin"": ""2026-08-01T00:00:00Z"", ""timeMax"": ""2026-10-01T00:00:00Z""}","{""timeMin"":""2026-08-01T00:00:00Z"",""timeMax"":""2026-10-01T00:00:00Z"",""calendars"":{""071832f5fc964d815028bbf5cb4739b2a01c65aa34d3ef1ddb8b7df68c89cb61@group.calendar.google.com"":{""busy"":[{""start"":""2026-08-03T11:30:00+03:00"",""end"":""2026-08-03T12:00:00+03:00""},{""start"":""2026-08-10T17:00:00+03:00"",""end"":""2026-08-10T18:00:00+03:00""}]}}}",v8_scale,false
277,2026-08-06T14:00:37,calendar_aurora,scale@calendar_aurora,SCALE,aurora-team,get-event,OK,"{""calendarId"": ""071832f5fc964d815028bbf5cb4739b2a01c65aa34d3ef1ddb8b7df68c89cb61@group.calendar.google.com"", ""eventId"": ""bv69vaeagiume78fgl3k720cvs""}","{""event"":{""id"":""bv69vaeagiume78fgl3k720cvs"",""summary"":""Ops team weekly"",""description"":""Standing operations team sync."",""start"":{""dateTime"":""2026-08-03T09:30:00+01:00"",""timeZone"":""Europe/London""},""end"":{""dateTime"":""2026-08-03T10:00:00+01:00"",""timeZone"":""Europe/London""},""startDayOfWeek"":""Monday"",""endDayOfWeek"":""Monday"",""status"":""confirmed"",""htmlLink"":""https://www.google.com/calendar/event?eid=YnY2OXZhZWFnaXVtZTc4ZmdsM2s3MjBjdnMgMDcxODMyZjVmYzk2NGQ4MTUwMjhiYmY1Y2I0NzM5YjJhMDFjNjVhYTM0ZDNlZjFkZGI4YjdkZjY4Yzg5Y2I2MUBn"",""created"":""2026-07-29T08:59:42.000Z"",""updated"":""2026-07-29T08:59:42.155Z"",""creator"":{""email"":""test1mcpsserver@gmail.com""},""organizer"":{""email"":""071832f5fc964d815028bbf5cb4739b2a01c65aa34d3ef1ddb8b7df68c89cb61@group.calendar.google.com"",""displayName"":""Aurora Airways — Ops Team"",""self"":true},""iCalUID"":""bv69vaeagiume78fgl3k720cvs@google.com"",""sequence"":0,""reminders"":{""useDefault"":true},""eventType"":""default"",""calendarId"":""071832f5fc964d815028bbf5cb4739b2a01c65aa34d3ef1ddb8b7df68c89cb61@group.calendar.google.com"",""accountId"":""normal""}}",v8_scale,false
278,2026-08-06T14:00:38,calendar_aurora,scale@calendar_aurora,SCALE,aurora-team,get-event,OK,"{""calendarId"": ""071832f5fc964d815028bbf5cb4739b2a01c65aa34d3ef1ddb8b7df68c89cb61@group.calendar.google.com"", ""eventId"": ""e16m3eed2r4a0dqkrupj1gk65c""}","{""event"":{""id"":""e16m3eed2r4a0dqkrupj1gk65c"",""summary"":""IROPS retro — ATC outage"",""description"":""Retrospective on the hub ATC outage recovery."",""start"":{""dateTime"":""2026-08-10T15:00:00+01:00"",""timeZone"":""Europe/London""},""end"":{""dateTime"":""2026-08-10T16:00:00+01:00"",""timeZone"":""Europe/London""},""startDayOfWeek"":""Monday"",""endDayOfWeek"":""Monday"",""status"":""confirmed"",""htmlLink"":""https://www.google.com/calendar/event?eid=ZTE2bTNlZWQycjRhMGRxa3J1cGoxZ2s2NWMgMDcxODMyZjVmYzk2NGQ4MTUwMjhiYmY1Y2I0NzM5YjJhMDFjNjVhYTM0ZDNlZjFkZGI4YjdkZjY4Yzg5Y2I2MUBn"",""created"":""2026-07-29T08:59:42.000Z"",""updated"":""2026-07-29T08:59:42.725Z"",""creator"":{""email"":""test1mcpsserver@gmail.com""},""organizer"":{""email"":""071832f5fc964d815028bbf5cb4739b2a01c65aa34d3ef1ddb8b7df68c89cb61@group.calendar.google.com"",""displayName"":""Aurora Airways — Ops Team"",""self"":true},""iCalUID"":""e16m3eed2r4a0dqkrupj1gk65c@google.com"",""sequence"":0,""reminders"":{""useDefault"":true},""eventType"":""default"",""calendarId"":""071832f5fc964d815028bbf5cb4739b2a01c65aa34d3ef1ddb8b7df68c89cb61@group.calendar.google.com"",""accountId"":""normal""}}",v8_scale,false
279,2026-08-06T14:00:39,calendar_aurora,scale@calendar_aurora,SCALE,clock,get-current-time,OK,{},"{""currentTime"":""2026-08-06T14:20:45.032+03:00"",""timezone"":""Asia/Jerusalem"",""offset"":""+03:00"",""isDST"":false,""dayOfWeek"":""Thursday""}",v8_scale,false
280,2026-08-06T14:00:40,calendar_aurora,scale@calendar_aurora,SCALE,holidays,list-events,OK,"{""calendarId"": ""en.jewish#holiday@group.v.calendar.google.com"", ""timeMin"": ""2026-09-01T00:00:00Z"", ""timeMax"": ""2026-11-01T00:00:00Z""}","{""events"":[{""id"":""20260901_em0o99jg5jc0ulsjckmpiidmng"",""summary"":""First Day of School Year"",""description"":""Observance\nTo hide observances, go to Google Calendar Settings > Holidays in Israel"",""start"":{""date"":""2026-09-01""},""end"":{""date"":""2026-09-02""},""startDayOfWeek"":""Tuesday"",""endDayOfWeek"":""Wednesday"",""status"":""confirmed"",""htmlLink"":""https://www.google.com/calendar/event?eid=MjAyNjA5MDFfZW0wbzk5amc1amMwdWxzamNrbXBpaWRtbmcgZW4uamV3aXNoI2hvbGlkYXlAdg"",""created"":""2025-11-22T08:05:43.000Z"",""updated"":""2025-11-22T08:05:43.000Z"",""creator"":{""email"":""en.jewish#holiday@group.v.calendar.google.com"",""displayName"":""Holidays in Israel"",""self"":true},""organizer"":{""email"":""en.jewish#holiday@group.v.calendar.google.com"",""displayName"":""Holidays in Israel"",""self"":true},""transparency"":""transparent"",""visibility"":""public"",""iCalUID"":""20260901_em0o99jg5jc0ulsjckmpiidmng@google.com"",""sequence"":0,""eventType"":""default"",""calendarId"":""en.jewish#holiday@group.v.calendar.google.com"",""accountId"":""normal""},{""id"":""20260909_c43ohprsb0770ljdefume7dmk4"",""summary"":""Feast of Prophet Sabalan Eve"",""description"":""Observance\nTo hide observances, go to Google Calendar Settings > Holidays in Israel"",""start"":{""date"":""2026-09-09""},""end"":{""date"":""2026-09-10""},""startDayOfWeek"":""Wednesday"",""endDayOfWeek"":""Thursday"",""status"":""confirmed"",""htmlLink"":""https://www.google.com/calendar/event?eid=MjAyNjA5MDlfYzQzb2hwcnNiMDc3MGxqZGVmdW1lN2RtazQgZW4uamV3aXNoI2hvbGlkYXlAdg"",""created"":""2025-11-22T07:55:27.000Z"",""updated"":""2025-11-22T0",v8_scale,false
281,2026-08-06T14:00:41,calendar_aurora,scale@calendar_aurora,SCALE,holidays,search-events,OK,"{""calendarId"": ""en.jewish#holiday@group.v.calendar.google.com"", ""query"": ""meeting"", ""timeMin"": ""2026-09-01T00:00:00Z"", ""timeMax"": ""2026-11-01T00:00:00Z""}","{""events"":[],""totalCount"":0,""query"":""meeting"",""calendarId"":""en.jewish#holiday@group.v.calendar.google.com"",""timeRange"":{""start"":""2026-09-01T00:00:00Z"",""end"":""2026-11-01T00:00:00Z""}}",v8_scale,false
282,2026-08-06T14:00:42,calendar_aurora,scale@calendar_aurora,SCALE,free-busy-availability,get-freebusy,OK,"{""calendars"": [{""id"": ""en.jewish#holiday@group.v.calendar.google.com""}], ""timeMin"": ""2026-09-01T00:00:00Z"", ""timeMax"": ""2026-11-01T00:00:00Z""}","{""timeMin"":""2026-09-01T00:00:00Z"",""timeMax"":""2026-11-01T00:00:00Z"",""calendars"":{""en.jewish#holiday@group.v.calendar.google.com"":{""busy"":[],""errors"":[{""domain"":""global"",""reason"":""notFound""}]}}}",v8_scale,false
283,2026-08-06T14:00:43,calendar_aurora,scale@calendar_aurora,SCALE,holidays,get-event,OK,"{""calendarId"": ""en.jewish#holiday@group.v.calendar.google.com"", ""eventId"": ""20260901_em0o99jg5jc0ulsjckmpiidmng""}","{""event"":{""id"":""20260901_em0o99jg5jc0ulsjckmpiidmng"",""summary"":""First Day of School Year"",""description"":""Observance\nTo hide observances, go to Google Calendar Settings > Holidays in Israel"",""start"":{""date"":""2026-09-01""},""end"":{""date"":""2026-09-02""},""startDayOfWeek"":""Tuesday"",""endDayOfWeek"":""Wednesday"",""status"":""confirmed"",""htmlLink"":""https://www.google.com/calendar/event?eid=MjAyNjA5MDFfZW0wbzk5amc1amMwdWxzamNrbXBpaWRtbmcgZW4uamV3aXNoI2hvbGlkYXlAdg"",""created"":""2025-11-22T08:05:43.000Z"",""updated"":""2025-11-22T08:05:43.000Z"",""creator"":{""email"":""en.jewish#holiday@group.v.calendar.google.com"",""displayName"":""Holidays in Israel"",""self"":true},""organizer"":{""email"":""en.jewish#holiday@group.v.calendar.google.com"",""displayName"":""Holidays in Israel"",""self"":true},""transparency"":""transparent"",""visibility"":""public"",""iCalUID"":""20260901_em0o99jg5jc0ulsjckmpiidmng@google.com"",""sequence"":0,""eventType"":""default"",""calendarId"":""en.jewish#holiday@group.v.calendar.google.com"",""accountId"":""normal""}}",v8_scale,false
284,2026-08-06T14:00:44,calendar_aurora,scale@calendar_aurora,SCALE,holidays,get-event,OK,"{""calendarId"": ""en.jewish#holiday@group.v.calendar.google.com"", ""eventId"": ""20260909_c43ohprsb0770ljdefume7dmk4""}","{""event"":{""id"":""20260909_c43ohprsb0770ljdefume7dmk4"",""summary"":""Feast of Prophet Sabalan Eve"",""description"":""Observance\nTo hide observances, go to Google Calendar Settings > Holidays in Israel"",""start"":{""date"":""2026-09-09""},""end"":{""date"":""2026-09-10""},""startDayOfWeek"":""Wednesday"",""endDayOfWeek"":""Thursday"",""status"":""confirmed"",""htmlLink"":""https://www.google.com/calendar/event?eid=MjAyNjA5MDlfYzQzb2hwcnNiMDc3MGxqZGVmdW1lN2RtazQgZW4uamV3aXNoI2hvbGlkYXlAdg"",""created"":""2025-11-22T07:55:27.000Z"",""updated"":""2025-11-22T07:55:27.882Z"",""creator"":{""email"":""en.jewish#holiday@group.v.calendar.google.com"",""displayName"":""Holidays in Israel"",""self"":true},""organizer"":{""email"":""en.jewish#holiday@group.v.calendar.google.com"",""displayName"":""Holidays in Israel"",""self"":true},""transparency"":""transparent"",""visibility"":""public"",""iCalUID"":""20260909_c43ohprsb0770ljdefume7dmk4@google.com"",""sequence"":0,""eventType"":""default"",""calendarId"":""en.jewish#holiday@group.v.calendar.google.com"",""accountId"":""normal""}}",v8_scale,false
285,2026-08-06T14:00:45,calendar_aurora,scale@calendar_aurora,SCALE,clock,get-current-time,OK,{},"{""currentTime"":""2026-08-06T14:20:47.047+03:00"",""timezone"":""Asia/Jerusalem"",""offset"":""+03:00"",""isDST"":false,""dayOfWeek"":""Thursday""}",v8_scale,false
286,2026-08-06T14:00:46,calendar_aurora,scale@calendar_aurora,SCALE,aurora-exec,list-events,OK,"{""calendarId"": ""7cfda9476d8bd30666c190ac4823aca48bdf9b2022380825d704e8ef5867e24d@group.calendar.google.com"", ""timeMin"": ""2026-09-01T00:00:00Z"", ""timeMax"": ""2026-11-01T00:00:00Z""}","{""events"":[],""totalCount"":0}",v8_scale,false
287,2026-08-06T14:00:47,calendar_aurora,scale@calendar_aurora,SCALE,aurora-exec,search-events,OK,"{""calendarId"": ""7cfda9476d8bd30666c190ac4823aca48bdf9b2022380825d704e8ef5867e24d@group.calendar.google.com"", ""query"": ""meeting"", ""timeMin"": ""2026-09-01T00:00:00Z"", ""timeMax"": ""2026-11-01T00:00:00Z""}","{""events"":[],""totalCount"":0,""query"":""meeting"",""calendarId"":""7cfda9476d8bd30666c190ac4823aca48bdf9b2022380825d704e8ef5867e24d@group.calendar.google.com"",""timeRange"":{""start"":""2026-09-01T00:00:00Z"",""end"":""2026-11-01T00:00:00Z""}}",v8_scale,false
288,2026-08-06T14:00:48,calendar_aurora,scale@calendar_aurora,SCALE,free-busy-availability,get-freebusy,OK,"{""calendars"": [{""id"": ""7cfda9476d8bd30666c190ac4823aca48bdf9b2022380825d704e8ef5867e24d@group.calendar.google.com""}], ""timeMin"": ""2026-09-01T00:00:00Z"", ""timeMax"": ""2026-11-01T00:00:00Z""}","{""timeMin"":""2026-09-01T00:00:00Z"",""timeMax"":""2026-11-01T00:00:00Z"",""calendars"":{""7cfda9476d8bd30666c190ac4823aca48bdf9b2022380825d704e8ef5867e24d@group.calendar.google.com"":{""busy"":[]}}}",v8_scale,false
289,2026-08-06T14:00:49,calendar_aurora,scale@calendar_aurora,SCALE,clock,get-current-time,OK,{},"{""currentTime"":""2026-08-06T14:20:48.991+03:00"",""timezone"":""Asia/Jerusalem"",""offset"":""+03:00"",""isDST"":false,""dayOfWeek"":""Thursday""}",v8_scale,false
290,2026-08-06T14:00:50,calendar_aurora,scale@calendar_aurora,SCALE,aurora-crew-roster,list-events,OK,"{""calendarId"": ""79001a05150868580a9ec5f018cd17fcc4f19b738f901988b85c9a5aa594c89a@group.calendar.google.com"", ""timeMin"": ""2026-09-01T00:00:00Z"", ""timeMax"": ""2026-11-01T00:00:00Z""}","{""events"":[],""totalCount"":0}",v8_scale,false
291,2026-08-06T14:00:51,calendar_aurora,scale@calendar_aurora,SCALE,aurora-crew-roster,search-events,OK,"{""calendarId"": ""79001a05150868580a9ec5f018cd17fcc4f19b738f901988b85c9a5aa594c89a@group.calendar.google.com"", ""query"": ""meeting"", ""timeMin"": ""2026-09-01T00:00:00Z"", ""timeMax"": ""2026-11-01T00:00:00Z""}","{""events"":[],""totalCount"":0,""query"":""meeting"",""calendarId"":""79001a05150868580a9ec5f018cd17fcc4f19b738f901988b85c9a5aa594c89a@group.calendar.google.com"",""timeRange"":{""start"":""2026-09-01T00:00:00Z"",""end"":""2026-11-01T00:00:00Z""}}",v8_scale,false
292,2026-08-06T14:00:52,calendar_aurora,scale@calendar_aurora,SCALE,free-busy-availability,get-freebusy,OK,"{""calendars"": [{""id"": ""79001a05150868580a9ec5f018cd17fcc4f19b738f901988b85c9a5aa594c89a@group.calendar.google.com""}], ""timeMin"": ""2026-09-01T00:00:00Z"", ""timeMax"": ""2026-11-01T00:00:00Z""}","{""timeMin"":""2026-09-01T00:00:00Z"",""timeMax"":""2026-11-01T00:00:00Z"",""calendars"":{""79001a05150868580a9ec5f018cd17fcc4f19b738f901988b85c9a5aa594c89a@group.calendar.google.com"":{""busy"":[]}}}",v8_scale,false
293,2026-08-06T14:00:53,calendar_aurora,scale@calendar_aurora,SCALE,clock,get-current-time,OK,{},"{""currentTime"":""2026-08-06T14:20:51.307+03:00"",""timezone"":""Asia/Jerusalem"",""offset"":""+03:00"",""isDST"":false,""dayOfWeek"":""Thursday""}",v8_scale,false
294,2026-08-06T14:00:54,calendar_aurora,scale@calendar_aurora,SCALE,aurora-maintenance,list-events,OK,"{""calendarId"": ""43c607dd30031ec1e7656af0f73917174a7a3f4360584654656a3c39b716dfb0@group.calendar.google.com"", ""timeMin"": ""2026-09-01T00:00:00Z"", ""timeMax"": ""2026-11-01T00:00:00Z""}","{""events"":[],""totalCount"":0}",v8_scale,false
295,2026-08-06T14:00:55,calendar_aurora,scale@calendar_aurora,SCALE,aurora-maintenance,search-events,OK,"{""calendarId"": ""43c607dd30031ec1e7656af0f73917174a7a3f4360584654656a3c39b716dfb0@group.calendar.google.com"", ""query"": ""meeting"", ""timeMin"": ""2026-09-01T00:00:00Z"", ""timeMax"": ""2026-11-01T00:00:00Z""}","{""events"":[],""totalCount"":0,""query"":""meeting"",""calendarId"":""43c607dd30031ec1e7656af0f73917174a7a3f4360584654656a3c39b716dfb0@group.calendar.google.com"",""timeRange"":{""start"":""2026-09-01T00:00:00Z"",""end"":""2026-11-01T00:00:00Z""}}",v8_scale,false
296,2026-08-06T14:00:56,calendar_aurora,scale@calendar_aurora,SCALE,free-busy-availability,get-freebusy,OK,"{""calendars"": [{""id"": ""43c607dd30031ec1e7656af0f73917174a7a3f4360584654656a3c39b716dfb0@group.calendar.google.com""}], ""timeMin"": ""2026-09-01T00:00:00Z"", ""timeMax"": ""2026-11-01T00:00:00Z""}","{""timeMin"":""2026-09-01T00:00:00Z"",""timeMax"":""2026-11-01T00:00:00Z"",""calendars"":{""43c607dd30031ec1e7656af0f73917174a7a3f4360584654656a3c39b716dfb0@group.calendar.google.com"":{""busy"":[]}}}",v8_scale,false
297,2026-08-06T14:00:57,calendar_aurora,scale@calendar_aurora,SCALE,clock,get-current-time,OK,{},"{""currentTime"":""2026-08-06T14:20:53.487+03:00"",""timezone"":""Asia/Jerusalem"",""offset"":""+03:00"",""isDST"":false,""dayOfWeek"":""Thursday""}",v8_scale,false
298,2026-08-06T14:00:58,calendar_aurora,scale@calendar_aurora,SCALE,aurora-regulatory,list-events,OK,"{""calendarId"": ""3b15533c036c346dcef67c5f864a0fd55841fab26a76b5b7d9ad04d6d419ad8b@group.calendar.google.com"", ""timeMin"": ""2026-09-01T00:00:00Z"", ""timeMax"": ""2026-11-01T00:00:00Z""}","{""events"":[],""totalCount"":0}",v8_scale,false
299,2026-08-06T14:00:59,calendar_aurora,scale@calendar_aurora,SCALE,aurora-regulatory,search-events,OK,"{""calendarId"": ""3b15533c036c346dcef67c5f864a0fd55841fab26a76b5b7d9ad04d6d419ad8b@group.calendar.google.com"", ""query"": ""meeting"", ""timeMin"": ""2026-09-01T00:00:00Z"", ""timeMax"": ""2026-11-01T00:00:00Z""}","{""events"":[],""totalCount"":0,""query"":""meeting"",""calendarId"":""3b15533c036c346dcef67c5f864a0fd55841fab26a76b5b7d9ad04d6d419ad8b@group.calendar.google.com"",""timeRange"":{""start"":""2026-09-01T00:00:00Z"",""end"":""2026-11-01T00:00:00Z""}}",v8_scale,false
300,2026-08-06T14:00:00,calendar_aurora,scale@calendar_aurora,SCALE,free-busy-availability,get-freebusy,OK,"{""calendars"": [{""id"": ""3b15533c036c346dcef67c5f864a0fd55841fab26a76b5b7d9ad04d6d419ad8b@group.calendar.google.com""}], ""timeMin"": ""2026-09-01T00:00:00Z"", ""timeMax"": ""2026-11-01T00:00:00Z""}","{""timeMin"":""2026-09-01T00:00:00Z"",""timeMax"":""2026-11-01T00:00:00Z"",""calendars"":{""3b15533c036c346dcef67c5f864a0fd55841fab26a76b5b7d9ad04d6d419ad8b@group.calendar.google.com"":{""busy"":[]}}}",v8_scale,false
301,2026-08-06T14:00:01,calendar_aurora,scale@calendar_aurora,SCALE,clock,get-current-time,OK,{},"{""currentTime"":""2026-08-06T14:20:55.798+03:00"",""timezone"":""Asia/Jerusalem"",""offset"":""+03:00"",""isDST"":false,""dayOfWeek"":""Thursday""}",v8_scale,false
302,2026-08-06T14:00:02,calendar_aurora,scale@calendar_aurora,SCALE,aurora-team,list-events,OK,"{""calendarId"": ""071832f5fc964d815028bbf5cb4739b2a01c65aa34d3ef1ddb8b7df68c89cb61@group.calendar.google.com"", ""timeMin"": ""2026-09-01T00:00:00Z"", ""timeMax"": ""2026-11-01T00:00:00Z""}","{""events"":[],""totalCount"":0}",v8_scale,false
303,2026-08-06T14:00:03,calendar_aurora,scale@calendar_aurora,SCALE,aurora-team,search-events,OK,"{""calendarId"": ""071832f5fc964d815028bbf5cb4739b2a01c65aa34d3ef1ddb8b7df68c89cb61@group.calendar.google.com"", ""query"": ""meeting"", ""timeMin"": ""2026-09-01T00:00:00Z"", ""timeMax"": ""2026-11-01T00:00:00Z""}","{""events"":[],""totalCount"":0,""query"":""meeting"",""calendarId"":""071832f5fc964d815028bbf5cb4739b2a01c65aa34d3ef1ddb8b7df68c89cb61@group.calendar.google.com"",""timeRange"":{""start"":""2026-09-01T00:00:00Z"",""end"":""2026-11-01T00:00:00Z""}}",v8_scale,false
304,2026-08-06T14:00:04,calendar_aurora,scale@calendar_aurora,SCALE,free-busy-availability,get-freebusy,OK,"{""calendars"": [{""id"": ""071832f5fc964d815028bbf5cb4739b2a01c65aa34d3ef1ddb8b7df68c89cb61@group.calendar.google.com""}], ""timeMin"": ""2026-09-01T00:00:00Z"", ""timeMax"": ""2026-11-01T00:00:00Z""}","{""timeMin"":""2026-09-01T00:00:00Z"",""timeMax"":""2026-11-01T00:00:00Z"",""calendars"":{""071832f5fc964d815028bbf5cb4739b2a01c65aa34d3ef1ddb8b7df68c89cb61@group.calendar.google.com"":{""busy"":[]}}}",v8_scale,false
305,2026-08-06T14:00:05,calendar_aurora,scale@calendar_aurora,SCALE,clock,get-current-time,OK,{},"{""currentTime"":""2026-08-06T14:20:57.811+03:00"",""timezone"":""Asia/Jerusalem"",""offset"":""+03:00"",""isDST"":false,""dayOfWeek"":""Thursday""}",v8_scale,false
306,2026-08-06T14:00:06,calendar_aurora,scale@calendar_aurora,SCALE,holidays,list-events,OK,"{""calendarId"": ""en.jewish#holiday@group.v.calendar.google.com"", ""timeMin"": ""2026-10-01T00:00:00Z"", ""timeMax"": ""2026-12-01T00:00:00Z""}","{""events"":[{""id"":""20261001_gqd6ap52vlhn0vd7146ut1n15k"",""summary"":""Sukkot (Day 6)"",""description"":""Observance\nTo hide observances, go to Google Calendar Settings > Holidays in Israel"",""start"":{""date"":""2026-10-01""},""end"":{""date"":""2026-10-02""},""startDayOfWeek"":""Thursday"",""endDayOfWeek"":""Friday"",""status"":""confirmed"",""htmlLink"":""https://www.google.com/calendar/event?eid=MjAyNjEwMDFfZ3FkNmFwNTJ2bGhuMHZkNzE0NnV0MW4xNWsgZW4uamV3aXNoI2hvbGlkYXlAdg"",""created"":""2024-05-22T15:13:12.000Z"",""updated"":""2024-05-22T15:13:12.856Z"",""creator"":{""email"":""en.jewish#holiday@group.v.calendar.google.com"",""displayName"":""Holidays in Israel"",""self"":true},""organizer"":{""email"":""en.jewish#holiday@group.v.calendar.google.com"",""displayName"":""Holidays in Israel"",""self"":true},""transparency"":""transparent"",""visibility"":""public"",""iCalUID"":""20261001_gqd6ap52vlhn0vd7146ut1n15k@google.com"",""sequence"":0,""eventType"":""default"",""calendarId"":""en.jewish#holiday@group.v.calendar.google.com"",""accountId"":""normal""},{""id"":""20261002_9f0j9mlqqbia814sepjpun6dkk"",""summary"":""Sukkot (Day 7) / Hoshanah Rabah"",""description"":""Observance\nTo hide observances, go to Google Calendar Settings > Holidays in Israel"",""start"":{""date"":""2026-10-02""},""end"":{""date"":""2026-10-03""},""startDayOfWeek"":""Friday"",""endDayOfWeek"":""Saturday"",""status"":""confirmed"",""htmlLink"":""https://www.google.com/calendar/event?eid=MjAyNjEwMDJfOWYwajltbHFxYmlhODE0c2VwanB1bjZka2sgZW4uamV3aXNoI2hvbGlkYXlAdg"",""created"":""2024-05-22T15:12:04.000Z"",""updated"":""2024-05-22T15:12:04.237Z",v8_scale,false
307,2026-08-06T14:00:07,calendar_aurora,scale@calendar_aurora,SCALE,holidays,search-events,OK,"{""calendarId"": ""en.jewish#holiday@group.v.calendar.google.com"", ""query"": ""board"", ""timeMin"": ""2026-10-01T00:00:00Z"", ""timeMax"": ""2026-12-01T00:00:00Z""}","{""events"":[],""totalCount"":0,""query"":""board"",""calendarId"":""en.jewish#holiday@group.v.calendar.google.com"",""timeRange"":{""start"":""2026-10-01T00:00:00Z"",""end"":""2026-12-01T00:00:00Z""}}",v8_scale,false
308,2026-08-06T14:00:08,calendar_aurora,scale@calendar_aurora,SCALE,free-busy-availability,get-freebusy,OK,"{""calendars"": [{""id"": ""en.jewish#holiday@group.v.calendar.google.com""}], ""timeMin"": ""2026-10-01T00:00:00Z"", ""timeMax"": ""2026-12-01T00:00:00Z""}","{""timeMin"":""2026-10-01T00:00:00Z"",""timeMax"":""2026-12-01T00:00:00Z"",""calendars"":{""en.jewish#holiday@group.v.calendar.google.com"":{""busy"":[],""errors"":[{""domain"":""global"",""reason"":""notFound""}]}}}",v8_scale,false
309,2026-08-06T14:00:09,calendar_aurora,scale@calendar_aurora,SCALE,holidays,get-event,OK,"{""calendarId"": ""en.jewish#holiday@group.v.calendar.google.com"", ""eventId"": ""20261001_gqd6ap52vlhn0vd7146ut1n15k""}","{""event"":{""id"":""20261001_gqd6ap52vlhn0vd7146ut1n15k"",""summary"":""Sukkot (Day 6)"",""description"":""Observance\nTo hide observances, go to Google Calendar Settings > Holidays in Israel"",""start"":{""date"":""2026-10-01""},""end"":{""date"":""2026-10-02""},""startDayOfWeek"":""Thursday"",""endDayOfWeek"":""Friday"",""status"":""confirmed"",""htmlLink"":""https://www.google.com/calendar/event?eid=MjAyNjEwMDFfZ3FkNmFwNTJ2bGhuMHZkNzE0NnV0MW4xNWsgZW4uamV3aXNoI2hvbGlkYXlAdg"",""created"":""2024-05-22T15:13:12.000Z"",""updated"":""2024-05-22T15:13:12.856Z"",""creator"":{""email"":""en.jewish#holiday@group.v.calendar.google.com"",""displayName"":""Holidays in Israel"",""self"":true},""organizer"":{""email"":""en.jewish#holiday@group.v.calendar.google.com"",""displayName"":""Holidays in Israel"",""self"":true},""transparency"":""transparent"",""visibility"":""public"",""iCalUID"":""20261001_gqd6ap52vlhn0vd7146ut1n15k@google.com"",""sequence"":0,""eventType"":""default"",""calendarId"":""en.jewish#holiday@group.v.calendar.google.com"",""accountId"":""normal""}}",v8_scale,false
310,2026-08-06T14:00:10,calendar_aurora,scale@calendar_aurora,SCALE,holidays,get-event,OK,"{""calendarId"": ""en.jewish#holiday@group.v.calendar.google.com"", ""eventId"": ""20261002_9f0j9mlqqbia814sepjpun6dkk""}","{""event"":{""id"":""20261002_9f0j9mlqqbia814sepjpun6dkk"",""summary"":""Sukkot (Day 7) / Hoshanah Rabah"",""description"":""Observance\nTo hide observances, go to Google Calendar Settings > Holidays in Israel"",""start"":{""date"":""2026-10-02""},""end"":{""date"":""2026-10-03""},""startDayOfWeek"":""Friday"",""endDayOfWeek"":""Saturday"",""status"":""confirmed"",""htmlLink"":""https://www.google.com/calendar/event?eid=MjAyNjEwMDJfOWYwajltbHFxYmlhODE0c2VwanB1bjZka2sgZW4uamV3aXNoI2hvbGlkYXlAdg"",""created"":""2024-05-22T15:12:04.000Z"",""updated"":""2024-05-22T15:12:04.237Z"",""creator"":{""email"":""en.jewish#holiday@group.v.calendar.google.com"",""displayName"":""Holidays in Israel"",""self"":true},""organizer"":{""email"":""en.jewish#holiday@group.v.calendar.google.com"",""displayName"":""Holidays in Israel"",""self"":true},""transparency"":""transparent"",""visibility"":""public"",""iCalUID"":""20261002_9f0j9mlqqbia814sepjpun6dkk@google.com"",""sequence"":0,""eventType"":""default"",""calendarId"":""en.jewish#holiday@group.v.calendar.google.com"",""accountId"":""normal""}}",v8_scale,false
311,2026-08-06T14:00:11,calendar_aurora,scale@calendar_aurora,SCALE,clock,get-current-time,OK,{},"{""currentTime"":""2026-08-06T14:21:00.391+03:00"",""timezone"":""Asia/Jerusalem"",""offset"":""+03:00"",""isDST"":false,""dayOfWeek"":""Thursday""}",v8_scale,false
312,2026-08-06T14:00:12,calendar_aurora,scale@calendar_aurora,SCALE,aurora-exec,list-events,OK,"{""calendarId"": ""7cfda9476d8bd30666c190ac4823aca48bdf9b2022380825d704e8ef5867e24d@group.calendar.google.com"", ""timeMin"": ""2026-10-01T00:00:00Z"", ""timeMax"": ""2026-12-01T00:00:00Z""}","{""events"":[],""totalCount"":0}",v8_scale,false
313,2026-08-06T14:00:13,calendar_aurora,scale@calendar_aurora,SCALE,aurora-exec,search-events,OK,"{""calendarId"": ""7cfda9476d8bd30666c190ac4823aca48bdf9b2022380825d704e8ef5867e24d@group.calendar.google.com"", ""query"": ""board"", ""timeMin"": ""2026-10-01T00:00:00Z"", ""timeMax"": ""2026-12-01T00:00:00Z""}","{""events"":[],""totalCount"":0,""query"":""board"",""calendarId"":""7cfda9476d8bd30666c190ac4823aca48bdf9b2022380825d704e8ef5867e24d@group.calendar.google.com"",""timeRange"":{""start"":""2026-10-01T00:00:00Z"",""end"":""2026-12-01T00:00:00Z""}}",v8_scale,false
314,2026-08-06T14:00:14,calendar_aurora,scale@calendar_aurora,SCALE,free-busy-availability,get-freebusy,OK,"{""calendars"": [{""id"": ""7cfda9476d8bd30666c190ac4823aca48bdf9b2022380825d704e8ef5867e24d@group.calendar.google.com""}], ""timeMin"": ""2026-10-01T00:00:00Z"", ""timeMax"": ""2026-12-01T00:00:00Z""}","{""timeMin"":""2026-10-01T00:00:00Z"",""timeMax"":""2026-12-01T00:00:00Z"",""calendars"":{""7cfda9476d8bd30666c190ac4823aca48bdf9b2022380825d704e8ef5867e24d@group.calendar.google.com"":{""busy"":[]}}}",v8_scale,false
315,2026-08-06T14:00:15,calendar_aurora,scale@calendar_aurora,SCALE,clock,get-current-time,OK,{},"{""currentTime"":""2026-08-06T14:21:02.132+03:00"",""timezone"":""Asia/Jerusalem"",""offset"":""+03:00"",""isDST"":false,""dayOfWeek"":""Thursday""}",v8_scale,false
316,2026-08-06T14:00:16,calendar_aurora,scale@calendar_aurora,SCALE,aurora-crew-roster,list-events,OK,"{""calendarId"": ""79001a05150868580a9ec5f018cd17fcc4f19b738f901988b85c9a5aa594c89a@group.calendar.google.com"", ""timeMin"": ""2026-10-01T00:00:00Z"", ""timeMax"": ""2026-12-01T00:00:00Z""}","{""events"":[],""totalCount"":0}",v8_scale,false
317,2026-08-06T14:00:17,calendar_aurora,scale@calendar_aurora,SCALE,aurora-crew-roster,search-events,OK,"{""calendarId"": ""79001a05150868580a9ec5f018cd17fcc4f19b738f901988b85c9a5aa594c89a@group.calendar.google.com"", ""query"": ""board"", ""timeMin"": ""2026-10-01T00:00:00Z"", ""timeMax"": ""2026-12-01T00:00:00Z""}","{""events"":[],""totalCount"":0,""query"":""board"",""calendarId"":""79001a05150868580a9ec5f018cd17fcc4f19b738f901988b85c9a5aa594c89a@group.calendar.google.com"",""timeRange"":{""start"":""2026-10-01T00:00:00Z"",""end"":""2026-12-01T00:00:00Z""}}",v8_scale,false
318,2026-08-06T14:00:18,calendar_aurora,scale@calendar_aurora,SCALE,free-busy-availability,get-freebusy,OK,"{""calendars"": [{""id"": ""79001a05150868580a9ec5f018cd17fcc4f19b738f901988b85c9a5aa594c89a@group.calendar.google.com""}], ""timeMin"": ""2026-10-01T00:00:00Z"", ""timeMax"": ""2026-12-01T00:00:00Z""}","{""timeMin"":""2026-10-01T00:00:00Z"",""timeMax"":""2026-12-01T00:00:00Z"",""calendars"":{""79001a05150868580a9ec5f018cd17fcc4f19b738f901988b85c9a5aa594c89a@group.calendar.google.com"":{""busy"":[]}}}",v8_scale,false
319,2026-08-06T14:00:19,calendar_aurora,scale@calendar_aurora,SCALE,clock,get-current-time,OK,{},"{""currentTime"":""2026-08-06T14:21:04.411+03:00"",""timezone"":""Asia/Jerusalem"",""offset"":""+03:00"",""isDST"":false,""dayOfWeek"":""Thursday""}",v8_scale,false
320,2026-08-06T14:00:20,calendar_aurora,scale@calendar_aurora,SCALE,aurora-maintenance,list-events,OK,"{""calendarId"": ""43c607dd30031ec1e7656af0f73917174a7a3f4360584654656a3c39b716dfb0@group.calendar.google.com"", ""timeMin"": ""2026-10-01T00:00:00Z"", ""timeMax"": ""2026-12-01T00:00:00Z""}","{""events"":[],""totalCount"":0}",v8_scale,false
321,2026-08-06T14:00:21,calendar_aurora,scale@calendar_aurora,SCALE,aurora-maintenance,search-events,OK,"{""calendarId"": ""43c607dd30031ec1e7656af0f73917174a7a3f4360584654656a3c39b716dfb0@group.calendar.google.com"", ""query"": ""board"", ""timeMin"": ""2026-10-01T00:00:00Z"", ""timeMax"": ""2026-12-01T00:00:00Z""}","{""events"":[],""totalCount"":0,""query"":""board"",""calendarId"":""43c607dd30031ec1e7656af0f73917174a7a3f4360584654656a3c39b716dfb0@group.calendar.google.com"",""timeRange"":{""start"":""2026-10-01T00:00:00Z"",""end"":""2026-12-01T00:00:00Z""}}",v8_scale,false
322,2026-08-06T14:00:22,calendar_aurora,scale@calendar_aurora,SCALE,free-busy-availability,get-freebusy,OK,"{""calendars"": [{""id"": ""43c607dd30031ec1e7656af0f73917174a7a3f4360584654656a3c39b716dfb0@group.calendar.google.com""}], ""timeMin"": ""2026-10-01T00:00:00Z"", ""timeMax"": ""2026-12-01T00:00:00Z""}","{""timeMin"":""2026-10-01T00:00:00Z"",""timeMax"":""2026-12-01T00:00:00Z"",""calendars"":{""43c607dd30031ec1e7656af0f73917174a7a3f4360584654656a3c39b716dfb0@group.calendar.google.com"":{""busy"":[]}}}",v8_scale,false
323,2026-08-06T14:00:23,calendar_aurora,scale@calendar_aurora,SCALE,clock,get-current-time,OK,{},"{""currentTime"":""2026-08-06T14:21:06.595+03:00"",""timezone"":""Asia/Jerusalem"",""offset"":""+03:00"",""isDST"":false,""dayOfWeek"":""Thursday""}",v8_scale,false
324,2026-08-06T14:00:24,calendar_aurora,scale@calendar_aurora,SCALE,aurora-regulatory,list-events,OK,"{""calendarId"": ""3b15533c036c346dcef67c5f864a0fd55841fab26a76b5b7d9ad04d6d419ad8b@group.calendar.google.com"", ""timeMin"": ""2026-10-01T00:00:00Z"", ""timeMax"": ""2026-12-01T00:00:00Z""}","{""events"":[],""totalCount"":0}",v8_scale,false
325,2026-08-06T14:00:25,calendar_aurora,scale@calendar_aurora,SCALE,aurora-regulatory,search-events,OK,"{""calendarId"": ""3b15533c036c346dcef67c5f864a0fd55841fab26a76b5b7d9ad04d6d419ad8b@group.calendar.google.com"", ""query"": ""board"", ""timeMin"": ""2026-10-01T00:00:00Z"", ""timeMax"": ""2026-12-01T00:00:00Z""}","{""events"":[],""totalCount"":0,""query"":""board"",""calendarId"":""3b15533c036c346dcef67c5f864a0fd55841fab26a76b5b7d9ad04d6d419ad8b@group.calendar.google.com"",""timeRange"":{""start"":""2026-10-01T00:00:00Z"",""end"":""2026-12-01T00:00:00Z""}}",v8_scale,false
326,2026-08-06T14:00:26,calendar_aurora,scale@calendar_aurora,SCALE,free-busy-availability,get-freebusy,OK,"{""calendars"": [{""id"": ""3b15533c036c346dcef67c5f864a0fd55841fab26a76b5b7d9ad04d6d419ad8b@group.calendar.google.com""}], ""timeMin"": ""2026-10-01T00:00:00Z"", ""timeMax"": ""2026-12-01T00:00:00Z""}","{""timeMin"":""2026-10-01T00:00:00Z"",""timeMax"":""2026-12-01T00:00:00Z"",""calendars"":{""3b15533c036c346dcef67c5f864a0fd55841fab26a76b5b7d9ad04d6d419ad8b@group.calendar.google.com"":{""busy"":[]}}}",v8_scale,false
327,2026-08-06T14:00:27,calendar_aurora,scale@calendar_aurora,SCALE,clock,get-current-time,OK,{},"{""currentTime"":""2026-08-06T14:21:09.218+03:00"",""timezone"":""Asia/Jerusalem"",""offset"":""+03:00"",""isDST"":false,""dayOfWeek"":""Thursday""}",v8_scale,false
328,2026-08-06T14:00:28,calendar_aurora,scale@calendar_aurora,SCALE,aurora-team,list-events,OK,"{""calendarId"": ""071832f5fc964d815028bbf5cb4739b2a01c65aa34d3ef1ddb8b7df68c89cb61@group.calendar.google.com"", ""timeMin"": ""2026-10-01T00:00:00Z"", ""timeMax"": ""2026-12-01T00:00:00Z""}","{""events"":[],""totalCount"":0}",v8_scale,false
329,2026-08-06T14:00:29,calendar_aurora,scale@calendar_aurora,SCALE,aurora-team,search-events,OK,"{""calendarId"": ""071832f5fc964d815028bbf5cb4739b2a01c65aa34d3ef1ddb8b7df68c89cb61@group.calendar.google.com"", ""query"": ""board"", ""timeMin"": ""2026-10-01T00:00:00Z"", ""timeMax"": ""2026-12-01T00:00:00Z""}","{""events"":[],""totalCount"":0,""query"":""board"",""calendarId"":""071832f5fc964d815028bbf5cb4739b2a01c65aa34d3ef1ddb8b7df68c89cb61@group.calendar.google.com"",""timeRange"":{""start"":""2026-10-01T00:00:00Z"",""end"":""2026-12-01T00:00:00Z""}}",v8_scale,false
330,2026-08-06T14:00:30,calendar_aurora,scale@calendar_aurora,SCALE,free-busy-availability,get-freebusy,OK,"{""calendars"": [{""id"": ""071832f5fc964d815028bbf5cb4739b2a01c65aa34d3ef1ddb8b7df68c89cb61@group.calendar.google.com""}], ""timeMin"": ""2026-10-01T00:00:00Z"", ""timeMax"": ""2026-12-01T00:00:00Z""}","{""timeMin"":""2026-10-01T00:00:00Z"",""timeMax"":""2026-12-01T00:00:00Z"",""calendars"":{""071832f5fc964d815028bbf5cb4739b2a01c65aa34d3ef1ddb8b7df68c89cb61@group.calendar.google.com"":{""busy"":[]}}}",v8_scale,false
331,2026-08-06T14:00:31,calendar_aurora,scale@calendar_aurora,SCALE,clock,get-current-time,OK,{},"{""currentTime"":""2026-08-06T14:21:11.354+03:00"",""timezone"":""Asia/Jerusalem"",""offset"":""+03:00"",""isDST"":false,""dayOfWeek"":""Thursday""}",v8_scale,false
332,2026-08-06T14:00:32,calendar_aurora,scale@calendar_aurora,SCALE,holidays,list-events,OK,"{""calendarId"": ""en.jewish#holiday@group.v.calendar.google.com"", ""timeMin"": ""2026-11-01T00:00:00Z"", ""timeMax"": ""2027-01-01T00:00:00Z""}","{""events"":[{""id"":""20261109_kucc98lm7prd38em2ed5rbq6os"",""summary"":""Sigd"",""description"":""Observance\nTo hide observances, go to Google Calendar Settings > Holidays in Israel"",""start"":{""date"":""2026-11-09""},""end"":{""date"":""2026-11-10""},""startDayOfWeek"":""Monday"",""endDayOfWeek"":""Tuesday"",""status"":""confirmed"",""htmlLink"":""https://www.google.com/calendar/event?eid=MjAyNjExMDlfa3VjYzk4bG03cHJkMzhlbTJlZDVyYnE2b3MgZW4uamV3aXNoI2hvbGlkYXlAdg"",""created"":""2025-11-22T07:57:01.000Z"",""updated"":""2025-11-22T07:57:01.231Z"",""creator"":{""email"":""en.jewish#holiday@group.v.calendar.google.com"",""displayName"":""Holidays in Israel"",""self"":true},""organizer"":{""email"":""en.jewish#holiday@group.v.calendar.google.com"",""displayName"":""Holidays in Israel"",""self"":true},""transparency"":""transparent"",""visibility"":""public"",""iCalUID"":""20261109_kucc98lm7prd38em2ed5rbq6os@google.com"",""sequence"":0,""eventType"":""default"",""calendarId"":""en.jewish#holiday@group.v.calendar.google.com"",""accountId"":""normal""},{""id"":""20261205_tcmvfekc8tenfjnmfk5dl9nph4"",""summary"":""Hanukkah (Day 1)"",""description"":""Observance\nTo hide observances, go to Google Calendar Settings > Holidays in Israel"",""start"":{""date"":""2026-12-05""},""end"":{""date"":""2026-12-06""},""startDayOfWeek"":""Saturday"",""endDayOfWeek"":""Sunday"",""status"":""confirmed"",""htmlLink"":""https://www.google.com/calendar/event?eid=MjAyNjEyMDVfdGNtdmZla2M4dGVuZmpubWZrNWRsOW5waDQgZW4uamV3aXNoI2hvbGlkYXlAdg"",""created"":""2024-05-22T15:13:12.000Z"",""updated"":""2024-05-22T15:13:12.856Z"",""creator"":{""email"":""en.j",v8_scale,false
333,2026-08-06T14:00:33,calendar_aurora,scale@calendar_aurora,SCALE,holidays,search-events,OK,"{""calendarId"": ""en.jewish#holiday@group.v.calendar.google.com"", ""query"": ""update"", ""timeMin"": ""2026-11-01T00:00:00Z"", ""timeMax"": ""2027-01-01T00:00:00Z""}","{""events"":[],""totalCount"":0,""query"":""update"",""calendarId"":""en.jewish#holiday@group.v.calendar.google.com"",""timeRange"":{""start"":""2026-11-01T00:00:00Z"",""end"":""2027-01-01T00:00:00Z""}}",v8_scale,false
334,2026-08-06T14:00:34,calendar_aurora,scale@calendar_aurora,SCALE,free-busy-availability,get-freebusy,OK,"{""calendars"": [{""id"": ""en.jewish#holiday@group.v.calendar.google.com""}], ""timeMin"": ""2026-11-01T00:00:00Z"", ""timeMax"": ""2027-01-01T00:00:00Z""}","{""timeMin"":""2026-11-01T00:00:00Z"",""timeMax"":""2027-01-01T00:00:00Z"",""calendars"":{""en.jewish#holiday@group.v.calendar.google.com"":{""busy"":[],""errors"":[{""domain"":""global"",""reason"":""notFound""}]}}}",v8_scale,false
335,2026-08-06T14:00:35,calendar_aurora,scale@calendar_aurora,SCALE,holidays,get-event,OK,"{""calendarId"": ""en.jewish#holiday@group.v.calendar.google.com"", ""eventId"": ""20261109_kucc98lm7prd38em2ed5rbq6os""}","{""event"":{""id"":""20261109_kucc98lm7prd38em2ed5rbq6os"",""summary"":""Sigd"",""description"":""Observance\nTo hide observances, go to Google Calendar Settings > Holidays in Israel"",""start"":{""date"":""2026-11-09""},""end"":{""date"":""2026-11-10""},""startDayOfWeek"":""Monday"",""endDayOfWeek"":""Tuesday"",""status"":""confirmed"",""htmlLink"":""https://www.google.com/calendar/event?eid=MjAyNjExMDlfa3VjYzk4bG03cHJkMzhlbTJlZDVyYnE2b3MgZW4uamV3aXNoI2hvbGlkYXlAdg"",""created"":""2025-11-22T07:57:01.000Z"",""updated"":""2025-11-22T07:57:01.231Z"",""creator"":{""email"":""en.jewish#holiday@group.v.calendar.google.com"",""displayName"":""Holidays in Israel"",""self"":true},""organizer"":{""email"":""en.jewish#holiday@group.v.calendar.google.com"",""displayName"":""Holidays in Israel"",""self"":true},""transparency"":""transparent"",""visibility"":""public"",""iCalUID"":""20261109_kucc98lm7prd38em2ed5rbq6os@google.com"",""sequence"":0,""eventType"":""default"",""calendarId"":""en.jewish#holiday@group.v.calendar.google.com"",""accountId"":""normal""}}",v8_scale,false
336,2026-08-06T14:00:36,calendar_aurora,scale@calendar_aurora,SCALE,holidays,get-event,OK,"{""calendarId"": ""en.jewish#holiday@group.v.calendar.google.com"", ""eventId"": ""20261205_tcmvfekc8tenfjnmfk5dl9nph4""}","{""event"":{""id"":""20261205_tcmvfekc8tenfjnmfk5dl9nph4"",""summary"":""Hanukkah (Day 1)"",""description"":""Observance\nTo hide observances, go to Google Calendar Settings > Holidays in Israel"",""start"":{""date"":""2026-12-05""},""end"":{""date"":""2026-12-06""},""startDayOfWeek"":""Saturday"",""endDayOfWeek"":""Sunday"",""status"":""confirmed"",""htmlLink"":""https://www.google.com/calendar/event?eid=MjAyNjEyMDVfdGNtdmZla2M4dGVuZmpubWZrNWRsOW5waDQgZW4uamV3aXNoI2hvbGlkYXlAdg"",""created"":""2024-05-22T15:13:12.000Z"",""updated"":""2024-05-22T15:13:12.856Z"",""creator"":{""email"":""en.jewish#holiday@group.v.calendar.google.com"",""displayName"":""Holidays in Israel"",""self"":true},""organizer"":{""email"":""en.jewish#holiday@group.v.calendar.google.com"",""displayName"":""Holidays in Israel"",""self"":true},""transparency"":""transparent"",""visibility"":""public"",""iCalUID"":""20261205_tcmvfekc8tenfjnmfk5dl9nph4@google.com"",""sequence"":0,""eventType"":""default"",""calendarId"":""en.jewish#holiday@group.v.calendar.google.com"",""accountId"":""normal""}}",v8_scale,false
337,2026-08-06T14:00:37,calendar_aurora,scale@calendar_aurora,SCALE,clock,get-current-time,OK,{},"{""currentTime"":""2026-08-06T14:21:14.112+03:00"",""timezone"":""Asia/Jerusalem"",""offset"":""+03:00"",""isDST"":false,""dayOfWeek"":""Thursday""}",v8_scale,false
338,2026-08-06T14:00:38,calendar_aurora,scale@calendar_aurora,CLEANUP,event-records,delete-event,OK,"{""calendarId"": ""071832f5fc964d815028bbf5cb4739b2a01c65aa34d3ef1ddb8b7df68c89cb61@group.calendar.google.com"", ""eventId"": ""0tnkrslrhn56n5pm9b76fqcmco"", ""sendUpdates"": ""none""}","{""success"":true,""eventId"":""0tnkrslrhn56n5pm9b76fqcmco"",""calendarId"":""071832f5fc964d815028bbf5cb4739b2a01c65aa34d3ef1ddb8b7df68c89cb61@group.calendar.google.com"",""message"":""Event deleted successfully""}",v8_scale,false
339,2026-08-06T14:00:39,calendar_aurora,scale@calendar_aurora,CLEANUP,event-records,delete-event,OK,"{""calendarId"": ""071832f5fc964d815028bbf5cb4739b2a01c65aa34d3ef1ddb8b7df68c89cb61@group.calendar.google.com"", ""eventId"": ""5c4vi180j8dpp8aostp89dv98c"", ""sendUpdates"": ""none""}","{""success"":true,""eventId"":""5c4vi180j8dpp8aostp89dv98c"",""calendarId"":""071832f5fc964d815028bbf5cb4739b2a01c65aa34d3ef1ddb8b7df68c89cb61@group.calendar.google.com"",""message"":""Event deleted successfully""}",v8_scale,false
340,2026-08-06T14:00:40,github_helios,scale@github_helios,SCALE,repository-catalog,search_repositories,OK,"{""query"": ""user:To2004"", ""perPage"": 100}","{
  ""total_count"": 17,
  ""incomplete_results"": false,
  ""items"": [
    {
      ""id"": 831018991,
      ""node_id"": ""R_kgDOMYhX7w"",
      ""name"": ""group21"",
      ""full_name"": ""To2004/group21"",
      ""private"": false,
      ""owner"": {
        ""login"": ""To2004"",
        ""id"": 151865316,
        ""node_id"": ""U_kgDOCQ1H5A"",
        ""avatar_url"": ""https://avatars.githubusercontent.com/u/151865316?v=4"",
        ""url"": ""https://api.github.com/users/To2004"",
        ""html_url"": ""https://github.com/To2004"",
        ""type"": ""User""
      },
      ""html_url"": ""https://github.com/To2004/group21"",
      ""description"": null,
      ""fork"": false,
      ""url"": ""https://api.github.com/repos/To2004/group21"",
      ""created_at"": ""2024-07-19T13:25:13Z"",
      ""updated_at"": ""2025-05-26T06:43:19Z"",
      ""pushed_at"": ""2024-07-19T13:49:56Z"",
      ""git_url"": ""git://github.com/To2004/group21.git"",
      ""ssh_url"": ""git@github.com:To2004/group21.git"",
      ""clone_url"": ""https://github.com/To2004/group21.git"",
      ""default_branch"": ""main""
    },
    {
      ""id"": 863400348,
      ""node_id"": ""R_kgDOM3ZxnA"",
      ""name"": ""workreddit"",
      ""full_name"": ""To2004/workreddit"",
      ""private"": false,
      ""owner"": {
        ""login"": ""To2004"",
        ""id"": 151865316,
        ""node_id"": ""U_kgDOCQ1H5A"",
        ""avatar_url"": ""https://avatars.githubusercontent.com/u/151865316?v=4"",
        ""url"": ""https://api.github.com/users/To2004"",
        ""html_url"": ""https://github.com/To2004"",
        ""type"": ""User""
  ",v8_scale,false
341,2026-08-06T14:00:41,github_helios,scale@github_helios,SCALE,platform-user-directory,search_users,OK,"{""q"": ""user:To2004""}","{
  ""total_count"": 1,
  ""incomplete_results"": false,
  ""items"": [
    {
      ""login"": ""To2004"",
      ""id"": 151865316,
      ""node_id"": ""U_kgDOCQ1H5A"",
      ""avatar_url"": ""https://avatars.githubusercontent.com/u/151865316?v=4"",
      ""gravatar_id"": """",
      ""url"": ""https://api.github.com/users/To2004"",
      ""html_url"": ""https://github.com/To2004"",
      ""followers_url"": ""https://api.github.com/users/To2004/followers"",
      ""following_url"": ""https://api.github.com/users/To2004/following{/other_user}"",
      ""gists_url"": ""https://api.github.com/users/To2004/gists{/gist_id}"",
      ""starred_url"": ""https://api.github.com/users/To2004/starred{/owner}{/repo}"",
      ""subscriptions_url"": ""https://api.github.com/users/To2004/subscriptions"",
      ""organizations_url"": ""https://api.github.com/users/To2004/orgs"",
      ""repos_url"": ""https://api.github.com/users/To2004/repos"",
      ""events_url"": ""https://api.github.com/users/To2004/events{/privacy}"",
      ""received_events_url"": ""https://api.github.com/users/To2004/received_events"",
      ""type"": ""User"",
      ""user_view_type"": ""public"",
      ""site_admin"": false,
      ""score"": 1
    }
  ]
}",v8_scale,false
342,2026-08-06T14:00:42,github_helios,scale@github_helios,SCALE,branch-heads,create_branch,OK,"{""owner"": ""To2004"", ""repo"": ""helios-market-bidding-engine"", ""branch"": ""scale/2026-08-06-helios-m"", ""from_branch"": ""main""}","{
  ""ref"": ""refs/heads/scale/2026-08-06-helios-m"",
  ""node_id"": ""REF_kwDOTm9Su9oAJHJlZnMvaGVhZHMvc2NhbGUvMjAyNi0wOC0wNi1oZWxpb3MtbQ"",
  ""url"": ""https://api.github.com/repos/To2004/helios-market-bidding-engine/git/refs/heads/scale/2026-08-06-helios-m"",
  ""object"": {
    ""sha"": ""a613e0fc87d5a8a8497ed30b562b87a6eaef761f"",
    ""type"": ""commit"",
    ""url"": ""https://api.github.com/repos/To2004/helios-market-bidding-engine/git/commits/a613e0fc87d5a8a8497ed30b562b87a6eaef761f""
  }
}",v8_scale,false
343,2026-08-06T14:00:43,github_helios,scale@github_helios,SCALE,repository-contents,create_or_update_file,OK,"{""owner"": ""To2004"", ""repo"": ""helios-market-bidding-engine"", ""branch"": ""scale/2026-08-06-helios-m"", ""path"": ""scale-2026-08-06.md"", ""message"": ""[mcp-v8-scale] write"", ""content"": ""[mcp-v8-scale]\n""}","{
  ""content"": {
    ""name"": ""scale-2026-08-06.md"",
    ""path"": ""scale-2026-08-06.md"",
    ""sha"": ""ca5f323e964e66f2308a25f5ab94f6fb836018d9"",
    ""size"": 15,
    ""url"": ""https://api.github.com/repos/To2004/helios-market-bidding-engine/contents/scale-2026-08-06.md?ref=scale/2026-08-06-helios-m"",
    ""html_url"": ""https://github.com/To2004/helios-market-bidding-engine/blob/scale/2026-08-06-helios-m/scale-2026-08-06.md"",
    ""git_url"": ""https://api.github.com/repos/To2004/helios-market-bidding-engine/git/blobs/ca5f323e964e66f2308a25f5ab94f6fb836018d9"",
    ""download_url"": ""https://raw.githubusercontent.com/To2004/helios-market-bidding-engine/scale/2026-08-06-helios-m/scale-2026-08-06.md?token=BEGUPZHR3TLR3KWT7H4BXYLKORXG6"",
    ""type"": ""file"",
    ""_links"": {
      ""self"": ""https://api.github.com/repos/To2004/helios-market-bidding-engine/contents/scale-2026-08-06.md?ref=scale/2026-08-06-helios-m"",
      ""git"": ""https://api.github.com/repos/To2004/helios-market-bidding-engine/git/blobs/ca5f323e964e66f2308a25f5ab94f6fb836018d9"",
      ""html"": ""https://github.com/To2004/helios-market-bidding-engine/blob/scale/2026-08-06-helios-m/scale-2026-08-06.md""
    }
  },
  ""commit"": {
    ""sha"": ""7f45e22ec744b1962422d216237ab96562e76592"",
    ""node_id"": ""C_kwDOTm9Su9oAKDdmNDVlMjJlYzc0NGIxOTYyNDIyZDIxNjIzN2FiOTY1NjJlNzY1OTI"",
    ""url"": ""https://api.github.com/repos/To2004/helios-market-bidding-engine/git/commits/7f45e22ec744b1962422d216237ab96562e76592"",
    ""html_url"": ""https://github.com/To2",v8_scale,false
344,2026-08-06T14:00:44,github_helios,scale@github_helios,SCALE,repository-contents,push_files,OK,"{""owner"": ""To2004"", ""repo"": ""helios-market-bidding-engine"", ""branch"": ""scale/2026-08-06-helios-m"", ""message"": ""[mcp-v8-scale] push"", ""files"": [{""path"": ""scale-2026-08-06-b.md"", ""content"": ""[mcp-v8-scale]\n""}]}","{
  ""ref"": ""refs/heads/scale/2026-08-06-helios-m"",
  ""node_id"": ""REF_kwDOTm9Su9oAJHJlZnMvaGVhZHMvc2NhbGUvMjAyNi0wOC0wNi1oZWxpb3MtbQ"",
  ""url"": ""https://api.github.com/repos/To2004/helios-market-bidding-engine/git/refs/heads/scale/2026-08-06-helios-m"",
  ""object"": {
    ""sha"": ""324cbc66b177e7b22ebaa8f2c6a23c7dde7fc4b2"",
    ""type"": ""commit"",
    ""url"": ""https://api.github.com/repos/To2004/helios-market-bidding-engine/git/commits/324cbc66b177e7b22ebaa8f2c6a23c7dde7fc4b2""
  }
}",v8_scale,false
345,2026-08-06T14:00:45,github_helios,scale@github_helios,SCALE,pull-request-records,create_pull_request,OK,"{""owner"": ""To2004"", ""repo"": ""helios-market-bidding-engine"", ""title"": ""[mcp-v8-scale] PR"", ""head"": ""scale/2026-08-06-helios-m"", ""base"": ""main"", ""body"": ""[mcp-v8-scale]""}","{
  ""url"": ""https://api.github.com/repos/To2004/helios-market-bidding-engine/pulls/9"",
  ""id"": 4220410304,
  ""node_id"": ""PR_kwDOTm9Su877jlnA"",
  ""html_url"": ""https://github.com/To2004/helios-market-bidding-engine/pull/9"",
  ""diff_url"": ""https://github.com/To2004/helios-market-bidding-engine/pull/9.diff"",
  ""patch_url"": ""https://github.com/To2004/helios-market-bidding-engine/pull/9.patch"",
  ""issue_url"": ""https://api.github.com/repos/To2004/helios-market-bidding-engine/issues/9"",
  ""number"": 9,
  ""state"": ""open"",
  ""locked"": false,
  ""title"": ""[mcp-v8-scale] PR"",
  ""user"": {
    ""login"": ""To2004"",
    ""id"": 151865316,
    ""avatar_url"": ""https://avatars.githubusercontent.com/u/151865316?v=4"",
    ""url"": ""https://api.github.com/users/To2004"",
    ""html_url"": ""https://github.com/To2004""
  },
  ""body"": ""[mcp-v8-scale]"",
  ""created_at"": ""2026-08-06T11:21:26Z"",
  ""updated_at"": ""2026-08-06T11:21:26Z"",
  ""closed_at"": null,
  ""merged_at"": null,
  ""merge_commit_sha"": null,
  ""assignee"": null,
  ""assignees"": [],
  ""requested_reviewers"": [],
  ""labels"": [],
  ""head"": {
    ""label"": ""To2004:scale/2026-08-06-helios-m"",
    ""ref"": ""scale/2026-08-06-helios-m"",
    ""sha"": ""324cbc66b177e7b22ebaa8f2c6a23c7dde7fc4b2"",
    ""user"": {
      ""login"": ""To2004"",
      ""id"": 151865316,
      ""avatar_url"": ""https://avatars.githubusercontent.com/u/151865316?v=4"",
      ""url"": ""https://api.github.com/users/To2004"",
      ""html_url"": ""https://github.com/To2004""
    },
    ""repo"": {
      ""id"": 1315918523,
 ",v8_scale,false
346,2026-08-06T14:00:46,github_helios,scale@github_helios,SCALE,helios-market-bidding-engine,get_pull_request,OK,"{""owner"": ""To2004"", ""repo"": ""helios-market-bidding-engine"", ""pull_number"": 9}","{
  ""url"": ""https://api.github.com/repos/To2004/helios-market-bidding-engine/pulls/9"",
  ""id"": 4220410304,
  ""node_id"": ""PR_kwDOTm9Su877jlnA"",
  ""html_url"": ""https://github.com/To2004/helios-market-bidding-engine/pull/9"",
  ""diff_url"": ""https://github.com/To2004/helios-market-bidding-engine/pull/9.diff"",
  ""patch_url"": ""https://github.com/To2004/helios-market-bidding-engine/pull/9.patch"",
  ""issue_url"": ""https://api.github.com/repos/To2004/helios-market-bidding-engine/issues/9"",
  ""number"": 9,
  ""state"": ""open"",
  ""locked"": false,
  ""title"": ""[mcp-v8-scale] PR"",
  ""user"": {
    ""login"": ""To2004"",
    ""id"": 151865316,
    ""avatar_url"": ""https://avatars.githubusercontent.com/u/151865316?v=4"",
    ""url"": ""https://api.github.com/users/To2004"",
    ""html_url"": ""https://github.com/To2004""
  },
  ""body"": ""[mcp-v8-scale]"",
  ""created_at"": ""2026-08-06T11:21:26Z"",
  ""updated_at"": ""2026-08-06T11:21:26Z"",
  ""closed_at"": null,
  ""merged_at"": null,
  ""merge_commit_sha"": ""57df812cb84b4ffe3baf1e1edb36146c0bac1628"",
  ""assignee"": null,
  ""assignees"": [],
  ""requested_reviewers"": [],
  ""labels"": [],
  ""head"": {
    ""label"": ""To2004:scale/2026-08-06-helios-m"",
    ""ref"": ""scale/2026-08-06-helios-m"",
    ""sha"": ""324cbc66b177e7b22ebaa8f2c6a23c7dde7fc4b2"",
    ""user"": {
      ""login"": ""To2004"",
      ""id"": 151865316,
      ""avatar_url"": ""https://avatars.githubusercontent.com/u/151865316?v=4"",
      ""url"": ""https://api.github.com/users/To2004"",
      ""html_url"": ""https://github.com/To2004""
    },
 ",v8_scale,false
347,2026-08-06T14:00:47,github_helios,scale@github_helios,SCALE,pull-requests-and-reviews,create_pull_request_review,OK,"{""owner"": ""To2004"", ""repo"": ""helios-market-bidding-engine"", ""pull_number"": 9, ""event"": ""COMMENT"", ""body"": ""[mcp-v8-scale] review""}","{
  ""id"": 4874072936,
  ""node_id"": ""PRR_kwDOTm9Su88AAAABIoRzaA"",
  ""user"": {
    ""login"": ""To2004"",
    ""id"": 151865316,
    ""avatar_url"": ""https://avatars.githubusercontent.com/u/151865316?v=4"",
    ""url"": ""https://api.github.com/users/To2004"",
    ""html_url"": ""https://github.com/To2004""
  },
  ""body"": ""[mcp-v8-scale] review"",
  ""state"": ""COMMENTED"",
  ""html_url"": ""https://github.com/To2004/helios-market-bidding-engine/pull/9#pullrequestreview-4874072936"",
  ""pull_request_url"": ""https://api.github.com/repos/To2004/helios-market-bidding-engine/pulls/9"",
  ""commit_id"": ""324cbc66b177e7b22ebaa8f2c6a23c7dde7fc4b2"",
  ""submitted_at"": ""2026-08-06T11:21:28Z"",
  ""author_association"": ""OWNER""
}",v8_scale,false
348,2026-08-06T14:00:48,github_helios,scale@github_helios,SCALE,branch-heads,update_pull_request_branch,ERROR,"{""owner"": ""To2004"", ""repo"": ""helios-market-bidding-engine"", ""pull_number"": 9, ""expected_head_sha"": ""324cbc66b177e7b22ebaa8f2c6a23c7dde7fc4b2""}","{""code"": -32603, ""message"": ""Validation Error: There are no new commits on the base branch.\nDetails: {\""message\"":\""There are no new commits on the base branch.\"",\""documentation_url\"":\""https://docs.github.com/rest/pulls/pulls#update-a-pull-request-branch\"",\""status\"":\""422\""}""}",v8_scale,false
349,2026-08-06T14:00:49,github_helios,scale@github_helios,SCALE,branch-heads,merge_pull_request,OK,"{""owner"": ""To2004"", ""repo"": ""helios-market-bidding-engine"", ""pull_number"": 9, ""commit_title"": ""[mcp-v8-scale] merge"", ""merge_method"": ""squash""}","{
  ""sha"": ""de6466f86a81a1520eba6aeb7a5d2bc33b52d7d9"",
  ""merged"": true,
  ""message"": ""Pull Request successfully merged""
}",v8_scale,false
350,2026-08-06T14:00:50,github_helios,scale@github_helios,SCALE,issue-records,create_issue,OK,"{""owner"": ""To2004"", ""repo"": ""helios-market-bidding-engine"", ""title"": ""[mcp-v8-scale] issue"", ""body"": ""[mcp-v8-scale]""}","{
  ""url"": ""https://api.github.com/repos/To2004/helios-market-bidding-engine/issues/10"",
  ""repository_url"": ""https://api.github.com/repos/To2004/helios-market-bidding-engine"",
  ""labels_url"": ""https://api.github.com/repos/To2004/helios-market-bidding-engine/issues/10/labels{/name}"",
  ""comments_url"": ""https://api.github.com/repos/To2004/helios-market-bidding-engine/issues/10/comments"",
  ""events_url"": ""https://api.github.com/repos/To2004/helios-market-bidding-engine/issues/10/events"",
  ""html_url"": ""https://github.com/To2004/helios-market-bidding-engine/issues/10"",
  ""id"": 5080617833,
  ""node_id"": ""I_kwDOTm9Su88AAAABLtQTaQ"",
  ""number"": 10,
  ""title"": ""[mcp-v8-scale] issue"",
  ""user"": {
    ""login"": ""To2004"",
    ""id"": 151865316,
    ""node_id"": ""U_kgDOCQ1H5A"",
    ""avatar_url"": ""https://avatars.githubusercontent.com/u/151865316?v=4"",
    ""gravatar_id"": """",
    ""url"": ""https://api.github.com/users/To2004"",
    ""html_url"": ""https://github.com/To2004"",
    ""followers_url"": ""https://api.github.com/users/To2004/followers"",
    ""following_url"": ""https://api.github.com/users/To2004/following{/other_user}"",
    ""gists_url"": ""https://api.github.com/users/To2004/gists{/gist_id}"",
    ""starred_url"": ""https://api.github.com/users/To2004/starred{/owner}{/repo}"",
    ""subscriptions_url"": ""https://api.github.com/users/To2004/subscriptions"",
    ""organizations_url"": ""https://api.github.com/users/To2004/orgs"",
    ""repos_url"": ""https://api.github.com/users/To2004/repos"",
    ""events_url"": ""h",v8_scale,false
351,2026-08-06T14:00:51,github_helios,scale@github_helios,SCALE,issues-and-comments,add_issue_comment,OK,"{""owner"": ""To2004"", ""repo"": ""helios-market-bidding-engine"", ""issue_number"": 10, ""body"": ""[mcp-v8-scale] comment""}","{
  ""url"": ""https://api.github.com/repos/To2004/helios-market-bidding-engine/issues/comments/5203992614"",
  ""html_url"": ""https://github.com/To2004/helios-market-bidding-engine/issues/10#issuecomment-5203992614"",
  ""issue_url"": ""https://api.github.com/repos/To2004/helios-market-bidding-engine/issues/10"",
  ""id"": 5203992614,
  ""node_id"": ""IC_kwDOTm9Su88AAAABNi6gJg"",
  ""user"": {
    ""login"": ""To2004"",
    ""id"": 151865316,
    ""node_id"": ""U_kgDOCQ1H5A"",
    ""avatar_url"": ""https://avatars.githubusercontent.com/u/151865316?v=4"",
    ""gravatar_id"": """",
    ""url"": ""https://api.github.com/users/To2004"",
    ""html_url"": ""https://github.com/To2004"",
    ""followers_url"": ""https://api.github.com/users/To2004/followers"",
    ""following_url"": ""https://api.github.com/users/To2004/following{/other_user}"",
    ""gists_url"": ""https://api.github.com/users/To2004/gists{/gist_id}"",
    ""starred_url"": ""https://api.github.com/users/To2004/starred{/owner}{/repo}"",
    ""subscriptions_url"": ""https://api.github.com/users/To2004/subscriptions"",
    ""organizations_url"": ""https://api.github.com/users/To2004/orgs"",
    ""repos_url"": ""https://api.github.com/users/To2004/repos"",
    ""events_url"": ""https://api.github.com/users/To2004/events{/privacy}"",
    ""received_events_url"": ""https://api.github.com/users/To2004/received_events"",
    ""type"": ""User"",
    ""user_view_type"": ""public"",
    ""site_admin"": false
  },
  ""created_at"": ""2026-08-06T11:21:32Z"",
  ""updated_at"": ""2026-08-06T11:21:32Z"",
  ""author_association",v8_scale,false
352,2026-08-06T14:00:52,github_helios,scale@github_helios,SCALE,issue-records,update_issue,OK,"{""owner"": ""To2004"", ""repo"": ""helios-market-bidding-engine"", ""issue_number"": 10, ""labels"": [""triage""]}","{
  ""url"": ""https://api.github.com/repos/To2004/helios-market-bidding-engine/issues/10"",
  ""repository_url"": ""https://api.github.com/repos/To2004/helios-market-bidding-engine"",
  ""labels_url"": ""https://api.github.com/repos/To2004/helios-market-bidding-engine/issues/10/labels{/name}"",
  ""comments_url"": ""https://api.github.com/repos/To2004/helios-market-bidding-engine/issues/10/comments"",
  ""events_url"": ""https://api.github.com/repos/To2004/helios-market-bidding-engine/issues/10/events"",
  ""html_url"": ""https://github.com/To2004/helios-market-bidding-engine/issues/10"",
  ""id"": 5080617833,
  ""node_id"": ""I_kwDOTm9Su88AAAABLtQTaQ"",
  ""number"": 10,
  ""title"": ""[mcp-v8-scale] issue"",
  ""user"": {
    ""login"": ""To2004"",
    ""id"": 151865316,
    ""node_id"": ""U_kgDOCQ1H5A"",
    ""avatar_url"": ""https://avatars.githubusercontent.com/u/151865316?v=4"",
    ""gravatar_id"": """",
    ""url"": ""https://api.github.com/users/To2004"",
    ""html_url"": ""https://github.com/To2004"",
    ""followers_url"": ""https://api.github.com/users/To2004/followers"",
    ""following_url"": ""https://api.github.com/users/To2004/following{/other_user}"",
    ""gists_url"": ""https://api.github.com/users/To2004/gists{/gist_id}"",
    ""starred_url"": ""https://api.github.com/users/To2004/starred{/owner}{/repo}"",
    ""subscriptions_url"": ""https://api.github.com/users/To2004/subscriptions"",
    ""organizations_url"": ""https://api.github.com/users/To2004/orgs"",
    ""repos_url"": ""https://api.github.com/users/To2004/repos"",
    ""events_url"": ""h",v8_scale,false
353,2026-08-06T14:00:53,github_helios,scale@github_helios,SCALE,branch-heads,create_branch,OK,"{""owner"": ""To2004"", ""repo"": ""helios-scada-gateway"", ""branch"": ""scale/2026-08-06-helios-s"", ""from_branch"": ""main""}","{
  ""ref"": ""refs/heads/scale/2026-08-06-helios-s"",
  ""node_id"": ""REF_kwDOTm9SOtoAJHJlZnMvaGVhZHMvc2NhbGUvMjAyNi0wOC0wNi1oZWxpb3Mtcw"",
  ""url"": ""https://api.github.com/repos/To2004/helios-scada-gateway/git/refs/heads/scale/2026-08-06-helios-s"",
  ""object"": {
    ""sha"": ""4884c7ec5dab7812f2dc1dbc5cebcc25b6ea2018"",
    ""type"": ""commit"",
    ""url"": ""https://api.github.com/repos/To2004/helios-scada-gateway/git/commits/4884c7ec5dab7812f2dc1dbc5cebcc25b6ea2018""
  }
}",v8_scale,false
354,2026-08-06T14:00:54,github_helios,scale@github_helios,SCALE,repository-contents,create_or_update_file,OK,"{""owner"": ""To2004"", ""repo"": ""helios-scada-gateway"", ""branch"": ""scale/2026-08-06-helios-s"", ""path"": ""scale-2026-08-06.md"", ""message"": ""[mcp-v8-scale] write"", ""content"": ""[mcp-v8-scale]\n""}","{
  ""content"": {
    ""name"": ""scale-2026-08-06.md"",
    ""path"": ""scale-2026-08-06.md"",
    ""sha"": ""ca5f323e964e66f2308a25f5ab94f6fb836018d9"",
    ""size"": 15,
    ""url"": ""https://api.github.com/repos/To2004/helios-scada-gateway/contents/scale-2026-08-06.md?ref=scale/2026-08-06-helios-s"",
    ""html_url"": ""https://github.com/To2004/helios-scada-gateway/blob/scale/2026-08-06-helios-s/scale-2026-08-06.md"",
    ""git_url"": ""https://api.github.com/repos/To2004/helios-scada-gateway/git/blobs/ca5f323e964e66f2308a25f5ab94f6fb836018d9"",
    ""download_url"": ""https://raw.githubusercontent.com/To2004/helios-scada-gateway/scale/2026-08-06-helios-s/scale-2026-08-06.md?token=BEGUPZBPQWAM3OCOYKVMRZTKORXIC"",
    ""type"": ""file"",
    ""_links"": {
      ""self"": ""https://api.github.com/repos/To2004/helios-scada-gateway/contents/scale-2026-08-06.md?ref=scale/2026-08-06-helios-s"",
      ""git"": ""https://api.github.com/repos/To2004/helios-scada-gateway/git/blobs/ca5f323e964e66f2308a25f5ab94f6fb836018d9"",
      ""html"": ""https://github.com/To2004/helios-scada-gateway/blob/scale/2026-08-06-helios-s/scale-2026-08-06.md""
    }
  },
  ""commit"": {
    ""sha"": ""1b45ce8dae7e21050953db28178c46684744592c"",
    ""node_id"": ""C_kwDOTm9SOtoAKDFiNDVjZThkYWU3ZTIxMDUwOTUzZGIyODE3OGM0NjY4NDc0NDU5MmM"",
    ""url"": ""https://api.github.com/repos/To2004/helios-scada-gateway/git/commits/1b45ce8dae7e21050953db28178c46684744592c"",
    ""html_url"": ""https://github.com/To2004/helios-scada-gateway/commit/1b45ce8dae7e21050953db28178c4668",v8_scale,false
355,2026-08-06T14:00:55,github_helios,scale@github_helios,SCALE,repository-contents,push_files,OK,"{""owner"": ""To2004"", ""repo"": ""helios-scada-gateway"", ""branch"": ""scale/2026-08-06-helios-s"", ""message"": ""[mcp-v8-scale] push"", ""files"": [{""path"": ""scale-2026-08-06-b.md"", ""content"": ""[mcp-v8-scale]\n""}]}","{
  ""ref"": ""refs/heads/scale/2026-08-06-helios-s"",
  ""node_id"": ""REF_kwDOTm9SOtoAJHJlZnMvaGVhZHMvc2NhbGUvMjAyNi0wOC0wNi1oZWxpb3Mtcw"",
  ""url"": ""https://api.github.com/repos/To2004/helios-scada-gateway/git/refs/heads/scale/2026-08-06-helios-s"",
  ""object"": {
    ""sha"": ""4b967d94d9fd069f599b129ddc216a2998d96601"",
    ""type"": ""commit"",
    ""url"": ""https://api.github.com/repos/To2004/helios-scada-gateway/git/commits/4b967d94d9fd069f599b129ddc216a2998d96601""
  }
}",v8_scale,false
356,2026-08-06T14:00:56,github_helios,scale@github_helios,SCALE,pull-request-records,create_pull_request,OK,"{""owner"": ""To2004"", ""repo"": ""helios-scada-gateway"", ""title"": ""[mcp-v8-scale] PR"", ""head"": ""scale/2026-08-06-helios-s"", ""base"": ""main"", ""body"": ""[mcp-v8-scale]""}","{
  ""url"": ""https://api.github.com/repos/To2004/helios-scada-gateway/pulls/31"",
  ""id"": 4220412217,
  ""node_id"": ""PR_kwDOTm9SOs77jmE5"",
  ""html_url"": ""https://github.com/To2004/helios-scada-gateway/pull/31"",
  ""diff_url"": ""https://github.com/To2004/helios-scada-gateway/pull/31.diff"",
  ""patch_url"": ""https://github.com/To2004/helios-scada-gateway/pull/31.patch"",
  ""issue_url"": ""https://api.github.com/repos/To2004/helios-scada-gateway/issues/31"",
  ""number"": 31,
  ""state"": ""open"",
  ""locked"": false,
  ""title"": ""[mcp-v8-scale] PR"",
  ""user"": {
    ""login"": ""To2004"",
    ""id"": 151865316,
    ""avatar_url"": ""https://avatars.githubusercontent.com/u/151865316?v=4"",
    ""url"": ""https://api.github.com/users/To2004"",
    ""html_url"": ""https://github.com/To2004""
  },
  ""body"": ""[mcp-v8-scale]"",
  ""created_at"": ""2026-08-06T11:21:43Z"",
  ""updated_at"": ""2026-08-06T11:21:43Z"",
  ""closed_at"": null,
  ""merged_at"": null,
  ""merge_commit_sha"": null,
  ""assignee"": null,
  ""assignees"": [],
  ""requested_reviewers"": [],
  ""labels"": [],
  ""head"": {
    ""label"": ""To2004:scale/2026-08-06-helios-s"",
    ""ref"": ""scale/2026-08-06-helios-s"",
    ""sha"": ""4b967d94d9fd069f599b129ddc216a2998d96601"",
    ""user"": {
      ""login"": ""To2004"",
      ""id"": 151865316,
      ""avatar_url"": ""https://avatars.githubusercontent.com/u/151865316?v=4"",
      ""url"": ""https://api.github.com/users/To2004"",
      ""html_url"": ""https://github.com/To2004""
    },
    ""repo"": {
      ""id"": 1315918394,
      ""node_id"": ""R_kgDOTm9SOg"",
  ",v8_scale,false
357,2026-08-06T14:00:57,github_helios,scale@github_helios,SCALE,helios-scada-gateway,get_pull_request,OK,"{""owner"": ""To2004"", ""repo"": ""helios-scada-gateway"", ""pull_number"": 31}","{
  ""url"": ""https://api.github.com/repos/To2004/helios-scada-gateway/pulls/31"",
  ""id"": 4220412217,
  ""node_id"": ""PR_kwDOTm9SOs77jmE5"",
  ""html_url"": ""https://github.com/To2004/helios-scada-gateway/pull/31"",
  ""diff_url"": ""https://github.com/To2004/helios-scada-gateway/pull/31.diff"",
  ""patch_url"": ""https://github.com/To2004/helios-scada-gateway/pull/31.patch"",
  ""issue_url"": ""https://api.github.com/repos/To2004/helios-scada-gateway/issues/31"",
  ""number"": 31,
  ""state"": ""open"",
  ""locked"": false,
  ""title"": ""[mcp-v8-scale] PR"",
  ""user"": {
    ""login"": ""To2004"",
    ""id"": 151865316,
    ""avatar_url"": ""https://avatars.githubusercontent.com/u/151865316?v=4"",
    ""url"": ""https://api.github.com/users/To2004"",
    ""html_url"": ""https://github.com/To2004""
  },
  ""body"": ""[mcp-v8-scale]"",
  ""created_at"": ""2026-08-06T11:21:43Z"",
  ""updated_at"": ""2026-08-06T11:21:43Z"",
  ""closed_at"": null,
  ""merged_at"": null,
  ""merge_commit_sha"": ""d2a83b22b7df234646b342433de8dec06d017a11"",
  ""assignee"": null,
  ""assignees"": [],
  ""requested_reviewers"": [],
  ""labels"": [],
  ""head"": {
    ""label"": ""To2004:scale/2026-08-06-helios-s"",
    ""ref"": ""scale/2026-08-06-helios-s"",
    ""sha"": ""4b967d94d9fd069f599b129ddc216a2998d96601"",
    ""user"": {
      ""login"": ""To2004"",
      ""id"": 151865316,
      ""avatar_url"": ""https://avatars.githubusercontent.com/u/151865316?v=4"",
      ""url"": ""https://api.github.com/users/To2004"",
      ""html_url"": ""https://github.com/To2004""
    },
    ""repo"": {
      ""id"": 131591839",v8_scale,false
358,2026-08-06T14:00:58,github_helios,scale@github_helios,SCALE,pull-requests-and-reviews,create_pull_request_review,OK,"{""owner"": ""To2004"", ""repo"": ""helios-scada-gateway"", ""pull_number"": 31, ""event"": ""COMMENT"", ""body"": ""[mcp-v8-scale] review""}","{
  ""id"": 4874074979,
  ""node_id"": ""PRR_kwDOTm9SOs8AAAABIoR7Yw"",
  ""user"": {
    ""login"": ""To2004"",
    ""id"": 151865316,
    ""avatar_url"": ""https://avatars.githubusercontent.com/u/151865316?v=4"",
    ""url"": ""https://api.github.com/users/To2004"",
    ""html_url"": ""https://github.com/To2004""
  },
  ""body"": ""[mcp-v8-scale] review"",
  ""state"": ""COMMENTED"",
  ""html_url"": ""https://github.com/To2004/helios-scada-gateway/pull/31#pullrequestreview-4874074979"",
  ""pull_request_url"": ""https://api.github.com/repos/To2004/helios-scada-gateway/pulls/31"",
  ""commit_id"": ""4b967d94d9fd069f599b129ddc216a2998d96601"",
  ""submitted_at"": ""2026-08-06T11:21:46Z"",
  ""author_association"": ""OWNER""
}",v8_scale,false
359,2026-08-06T14:00:59,github_helios,scale@github_helios,SCALE,branch-heads,update_pull_request_branch,ERROR,"{""owner"": ""To2004"", ""repo"": ""helios-scada-gateway"", ""pull_number"": 31, ""expected_head_sha"": ""4b967d94d9fd069f599b129ddc216a2998d96601""}","{""code"": -32603, ""message"": ""Validation Error: There are no new commits on the base branch.\nDetails: {\""message\"":\""There are no new commits on the base branch.\"",\""documentation_url\"":\""https://docs.github.com/rest/pulls/pulls#update-a-pull-request-branch\"",\""status\"":\""422\""}""}",v8_scale,false
360,2026-08-06T14:00:00,github_helios,scale@github_helios,SCALE,branch-heads,merge_pull_request,OK,"{""owner"": ""To2004"", ""repo"": ""helios-scada-gateway"", ""pull_number"": 31, ""commit_title"": ""[mcp-v8-scale] merge"", ""merge_method"": ""squash""}","{
  ""sha"": ""b89e8936b791dc3b8d8b6967569996075dcb933d"",
  ""merged"": true,
  ""message"": ""Pull Request successfully merged""
}",v8_scale,false
361,2026-08-06T14:00:01,github_helios,scale@github_helios,SCALE,issue-records,create_issue,OK,"{""owner"": ""To2004"", ""repo"": ""helios-scada-gateway"", ""title"": ""[mcp-v8-scale] issue"", ""body"": ""[mcp-v8-scale]""}","{
  ""url"": ""https://api.github.com/repos/To2004/helios-scada-gateway/issues/32"",
  ""repository_url"": ""https://api.github.com/repos/To2004/helios-scada-gateway"",
  ""labels_url"": ""https://api.github.com/repos/To2004/helios-scada-gateway/issues/32/labels{/name}"",
  ""comments_url"": ""https://api.github.com/repos/To2004/helios-scada-gateway/issues/32/comments"",
  ""events_url"": ""https://api.github.com/repos/To2004/helios-scada-gateway/issues/32/events"",
  ""html_url"": ""https://github.com/To2004/helios-scada-gateway/issues/32"",
  ""id"": 5080620170,
  ""node_id"": ""I_kwDOTm9SOs8AAAABLtQcig"",
  ""number"": 32,
  ""title"": ""[mcp-v8-scale] issue"",
  ""user"": {
    ""login"": ""To2004"",
    ""id"": 151865316,
    ""node_id"": ""U_kgDOCQ1H5A"",
    ""avatar_url"": ""https://avatars.githubusercontent.com/u/151865316?v=4"",
    ""gravatar_id"": """",
    ""url"": ""https://api.github.com/users/To2004"",
    ""html_url"": ""https://github.com/To2004"",
    ""followers_url"": ""https://api.github.com/users/To2004/followers"",
    ""following_url"": ""https://api.github.com/users/To2004/following{/other_user}"",
    ""gists_url"": ""https://api.github.com/users/To2004/gists{/gist_id}"",
    ""starred_url"": ""https://api.github.com/users/To2004/starred{/owner}{/repo}"",
    ""subscriptions_url"": ""https://api.github.com/users/To2004/subscriptions"",
    ""organizations_url"": ""https://api.github.com/users/To2004/orgs"",
    ""repos_url"": ""https://api.github.com/users/To2004/repos"",
    ""events_url"": ""https://api.github.com/users/To2004/events{/priva",v8_scale,false
362,2026-08-06T14:00:02,github_helios,scale@github_helios,SCALE,issues-and-comments,add_issue_comment,OK,"{""owner"": ""To2004"", ""repo"": ""helios-scada-gateway"", ""issue_number"": 32, ""body"": ""[mcp-v8-scale] comment""}","{
  ""url"": ""https://api.github.com/repos/To2004/helios-scada-gateway/issues/comments/5203996074"",
  ""html_url"": ""https://github.com/To2004/helios-scada-gateway/issues/32#issuecomment-5203996074"",
  ""issue_url"": ""https://api.github.com/repos/To2004/helios-scada-gateway/issues/32"",
  ""id"": 5203996074,
  ""node_id"": ""IC_kwDOTm9SOs8AAAABNi6tqg"",
  ""user"": {
    ""login"": ""To2004"",
    ""id"": 151865316,
    ""node_id"": ""U_kgDOCQ1H5A"",
    ""avatar_url"": ""https://avatars.githubusercontent.com/u/151865316?v=4"",
    ""gravatar_id"": """",
    ""url"": ""https://api.github.com/users/To2004"",
    ""html_url"": ""https://github.com/To2004"",
    ""followers_url"": ""https://api.github.com/users/To2004/followers"",
    ""following_url"": ""https://api.github.com/users/To2004/following{/other_user}"",
    ""gists_url"": ""https://api.github.com/users/To2004/gists{/gist_id}"",
    ""starred_url"": ""https://api.github.com/users/To2004/starred{/owner}{/repo}"",
    ""subscriptions_url"": ""https://api.github.com/users/To2004/subscriptions"",
    ""organizations_url"": ""https://api.github.com/users/To2004/orgs"",
    ""repos_url"": ""https://api.github.com/users/To2004/repos"",
    ""events_url"": ""https://api.github.com/users/To2004/events{/privacy}"",
    ""received_events_url"": ""https://api.github.com/users/To2004/received_events"",
    ""type"": ""User"",
    ""user_view_type"": ""public"",
    ""site_admin"": false
  },
  ""created_at"": ""2026-08-06T11:21:50Z"",
  ""updated_at"": ""2026-08-06T11:21:50Z"",
  ""author_association"": ""OWNER"",
  ""body"": ""[",v8_scale,false
363,2026-08-06T14:00:03,github_helios,scale@github_helios,SCALE,issue-records,update_issue,OK,"{""owner"": ""To2004"", ""repo"": ""helios-scada-gateway"", ""issue_number"": 32, ""labels"": [""triage""]}","{
  ""url"": ""https://api.github.com/repos/To2004/helios-scada-gateway/issues/32"",
  ""repository_url"": ""https://api.github.com/repos/To2004/helios-scada-gateway"",
  ""labels_url"": ""https://api.github.com/repos/To2004/helios-scada-gateway/issues/32/labels{/name}"",
  ""comments_url"": ""https://api.github.com/repos/To2004/helios-scada-gateway/issues/32/comments"",
  ""events_url"": ""https://api.github.com/repos/To2004/helios-scada-gateway/issues/32/events"",
  ""html_url"": ""https://github.com/To2004/helios-scada-gateway/issues/32"",
  ""id"": 5080620170,
  ""node_id"": ""I_kwDOTm9SOs8AAAABLtQcig"",
  ""number"": 32,
  ""title"": ""[mcp-v8-scale] issue"",
  ""user"": {
    ""login"": ""To2004"",
    ""id"": 151865316,
    ""node_id"": ""U_kgDOCQ1H5A"",
    ""avatar_url"": ""https://avatars.githubusercontent.com/u/151865316?v=4"",
    ""gravatar_id"": """",
    ""url"": ""https://api.github.com/users/To2004"",
    ""html_url"": ""https://github.com/To2004"",
    ""followers_url"": ""https://api.github.com/users/To2004/followers"",
    ""following_url"": ""https://api.github.com/users/To2004/following{/other_user}"",
    ""gists_url"": ""https://api.github.com/users/To2004/gists{/gist_id}"",
    ""starred_url"": ""https://api.github.com/users/To2004/starred{/owner}{/repo}"",
    ""subscriptions_url"": ""https://api.github.com/users/To2004/subscriptions"",
    ""organizations_url"": ""https://api.github.com/users/To2004/orgs"",
    ""repos_url"": ""https://api.github.com/users/To2004/repos"",
    ""events_url"": ""https://api.github.com/users/To2004/events{/priva",v8_scale,false
364,2026-08-06T14:00:04,github_helios,scale@github_helios,SCALE,branch-heads,create_branch,OK,"{""owner"": ""To2004"", ""repo"": ""helios-public-site"", ""branch"": ""scale/2026-08-06-helios-p"", ""from_branch"": ""main""}","{
  ""ref"": ""refs/heads/scale/2026-08-06-helios-p"",
  ""node_id"": ""REF_kwDOTm9TQtoAJHJlZnMvaGVhZHMvc2NhbGUvMjAyNi0wOC0wNi1oZWxpb3MtcA"",
  ""url"": ""https://api.github.com/repos/To2004/helios-public-site/git/refs/heads/scale/2026-08-06-helios-p"",
  ""object"": {
    ""sha"": ""c042ca0ce26e1bd7c51220c7f4c9dc48d74f3898"",
    ""type"": ""commit"",
    ""url"": ""https://api.github.com/repos/To2004/helios-public-site/git/commits/c042ca0ce26e1bd7c51220c7f4c9dc48d74f3898""
  }
}",v8_scale,false
365,2026-08-06T14:00:05,github_helios,scale@github_helios,SCALE,repository-contents,create_or_update_file,OK,"{""owner"": ""To2004"", ""repo"": ""helios-public-site"", ""branch"": ""scale/2026-08-06-helios-p"", ""path"": ""scale-2026-08-06.md"", ""message"": ""[mcp-v8-scale] write"", ""content"": ""[mcp-v8-scale]\n""}","{
  ""content"": {
    ""name"": ""scale-2026-08-06.md"",
    ""path"": ""scale-2026-08-06.md"",
    ""sha"": ""ca5f323e964e66f2308a25f5ab94f6fb836018d9"",
    ""size"": 15,
    ""url"": ""https://api.github.com/repos/To2004/helios-public-site/contents/scale-2026-08-06.md?ref=scale/2026-08-06-helios-p"",
    ""html_url"": ""https://github.com/To2004/helios-public-site/blob/scale/2026-08-06-helios-p/scale-2026-08-06.md"",
    ""git_url"": ""https://api.github.com/repos/To2004/helios-public-site/git/blobs/ca5f323e964e66f2308a25f5ab94f6fb836018d9"",
    ""download_url"": ""https://raw.githubusercontent.com/To2004/helios-public-site/scale/2026-08-06-helios-p/scale-2026-08-06.md?token=BEGUPZFPOC62LHOSGLGPBYLKORXJE"",
    ""type"": ""file"",
    ""_links"": {
      ""self"": ""https://api.github.com/repos/To2004/helios-public-site/contents/scale-2026-08-06.md?ref=scale/2026-08-06-helios-p"",
      ""git"": ""https://api.github.com/repos/To2004/helios-public-site/git/blobs/ca5f323e964e66f2308a25f5ab94f6fb836018d9"",
      ""html"": ""https://github.com/To2004/helios-public-site/blob/scale/2026-08-06-helios-p/scale-2026-08-06.md""
    }
  },
  ""commit"": {
    ""sha"": ""89794b2478911e88f12e05afcfa823fd8d9c9f49"",
    ""node_id"": ""C_kwDOTm9TQtoAKDg5Nzk0YjI0Nzg5MTFlODhmMTJlMDVhZmNmYTgyM2ZkOGQ5YzlmNDk"",
    ""url"": ""https://api.github.com/repos/To2004/helios-public-site/git/commits/89794b2478911e88f12e05afcfa823fd8d9c9f49"",
    ""html_url"": ""https://github.com/To2004/helios-public-site/commit/89794b2478911e88f12e05afcfa823fd8d9c9f49"",
    ""au",v8_scale,false
366,2026-08-06T14:00:06,github_helios,scale@github_helios,SCALE,repository-contents,push_files,OK,"{""owner"": ""To2004"", ""repo"": ""helios-public-site"", ""branch"": ""scale/2026-08-06-helios-p"", ""message"": ""[mcp-v8-scale] push"", ""files"": [{""path"": ""scale-2026-08-06-b.md"", ""content"": ""[mcp-v8-scale]\n""}]}","{
  ""ref"": ""refs/heads/scale/2026-08-06-helios-p"",
  ""node_id"": ""REF_kwDOTm9TQtoAJHJlZnMvaGVhZHMvc2NhbGUvMjAyNi0wOC0wNi1oZWxpb3MtcA"",
  ""url"": ""https://api.github.com/repos/To2004/helios-public-site/git/refs/heads/scale/2026-08-06-helios-p"",
  ""object"": {
    ""sha"": ""0fc14ba5813ad2e9328d5eea13c28a9005648ffa"",
    ""type"": ""commit"",
    ""url"": ""https://api.github.com/repos/To2004/helios-public-site/git/commits/0fc14ba5813ad2e9328d5eea13c28a9005648ffa""
  }
}",v8_scale,false
367,2026-08-06T14:00:07,github_helios,scale@github_helios,SCALE,pull-request-records,create_pull_request,OK,"{""owner"": ""To2004"", ""repo"": ""helios-public-site"", ""title"": ""[mcp-v8-scale] PR"", ""head"": ""scale/2026-08-06-helios-p"", ""base"": ""main"", ""body"": ""[mcp-v8-scale]""}","{
  ""url"": ""https://api.github.com/repos/To2004/helios-public-site/pulls/28"",
  ""id"": 4220414121,
  ""node_id"": ""PR_kwDOTm9TQs77jmip"",
  ""html_url"": ""https://github.com/To2004/helios-public-site/pull/28"",
  ""diff_url"": ""https://github.com/To2004/helios-public-site/pull/28.diff"",
  ""patch_url"": ""https://github.com/To2004/helios-public-site/pull/28.patch"",
  ""issue_url"": ""https://api.github.com/repos/To2004/helios-public-site/issues/28"",
  ""number"": 28,
  ""state"": ""open"",
  ""locked"": false,
  ""title"": ""[mcp-v8-scale] PR"",
  ""user"": {
    ""login"": ""To2004"",
    ""id"": 151865316,
    ""avatar_url"": ""https://avatars.githubusercontent.com/u/151865316?v=4"",
    ""url"": ""https://api.github.com/users/To2004"",
    ""html_url"": ""https://github.com/To2004""
  },
  ""body"": ""[mcp-v8-scale]"",
  ""created_at"": ""2026-08-06T11:22:01Z"",
  ""updated_at"": ""2026-08-06T11:22:01Z"",
  ""closed_at"": null,
  ""merged_at"": null,
  ""merge_commit_sha"": null,
  ""assignee"": null,
  ""assignees"": [],
  ""requested_reviewers"": [],
  ""labels"": [],
  ""head"": {
    ""label"": ""To2004:scale/2026-08-06-helios-p"",
    ""ref"": ""scale/2026-08-06-helios-p"",
    ""sha"": ""0fc14ba5813ad2e9328d5eea13c28a9005648ffa"",
    ""user"": {
      ""login"": ""To2004"",
      ""id"": 151865316,
      ""avatar_url"": ""https://avatars.githubusercontent.com/u/151865316?v=4"",
      ""url"": ""https://api.github.com/users/To2004"",
      ""html_url"": ""https://github.com/To2004""
    },
    ""repo"": {
      ""id"": 1315918658,
      ""node_id"": ""R_kgDOTm9TQg"",
      ""name""",v8_scale,false
368,2026-08-06T14:00:08,github_helios,scale@github_helios,SCALE,helios-public-site,get_pull_request,OK,"{""owner"": ""To2004"", ""repo"": ""helios-public-site"", ""pull_number"": 28}","{
  ""url"": ""https://api.github.com/repos/To2004/helios-public-site/pulls/28"",
  ""id"": 4220414121,
  ""node_id"": ""PR_kwDOTm9TQs77jmip"",
  ""html_url"": ""https://github.com/To2004/helios-public-site/pull/28"",
  ""diff_url"": ""https://github.com/To2004/helios-public-site/pull/28.diff"",
  ""patch_url"": ""https://github.com/To2004/helios-public-site/pull/28.patch"",
  ""issue_url"": ""https://api.github.com/repos/To2004/helios-public-site/issues/28"",
  ""number"": 28,
  ""state"": ""open"",
  ""locked"": false,
  ""title"": ""[mcp-v8-scale] PR"",
  ""user"": {
    ""login"": ""To2004"",
    ""id"": 151865316,
    ""avatar_url"": ""https://avatars.githubusercontent.com/u/151865316?v=4"",
    ""url"": ""https://api.github.com/users/To2004"",
    ""html_url"": ""https://github.com/To2004""
  },
  ""body"": ""[mcp-v8-scale]"",
  ""created_at"": ""2026-08-06T11:22:01Z"",
  ""updated_at"": ""2026-08-06T11:22:01Z"",
  ""closed_at"": null,
  ""merged_at"": null,
  ""merge_commit_sha"": ""be05a2adc81b9782811b4f9d81b9e62bd105c5ee"",
  ""assignee"": null,
  ""assignees"": [],
  ""requested_reviewers"": [],
  ""labels"": [],
  ""head"": {
    ""label"": ""To2004:scale/2026-08-06-helios-p"",
    ""ref"": ""scale/2026-08-06-helios-p"",
    ""sha"": ""0fc14ba5813ad2e9328d5eea13c28a9005648ffa"",
    ""user"": {
      ""login"": ""To2004"",
      ""id"": 151865316,
      ""avatar_url"": ""https://avatars.githubusercontent.com/u/151865316?v=4"",
      ""url"": ""https://api.github.com/users/To2004"",
      ""html_url"": ""https://github.com/To2004""
    },
    ""repo"": {
      ""id"": 1315918658,
      """,v8_scale,false
369,2026-08-06T14:00:09,github_helios,scale@github_helios,SCALE,pull-requests-and-reviews,create_pull_request_review,OK,"{""owner"": ""To2004"", ""repo"": ""helios-public-site"", ""pull_number"": 28, ""event"": ""COMMENT"", ""body"": ""[mcp-v8-scale] review""}","{
  ""id"": 4874076940,
  ""node_id"": ""PRR_kwDOTm9TQs8AAAABIoSDDA"",
  ""user"": {
    ""login"": ""To2004"",
    ""id"": 151865316,
    ""avatar_url"": ""https://avatars.githubusercontent.com/u/151865316?v=4"",
    ""url"": ""https://api.github.com/users/To2004"",
    ""html_url"": ""https://github.com/To2004""
  },
  ""body"": ""[mcp-v8-scale] review"",
  ""state"": ""COMMENTED"",
  ""html_url"": ""https://github.com/To2004/helios-public-site/pull/28#pullrequestreview-4874076940"",
  ""pull_request_url"": ""https://api.github.com/repos/To2004/helios-public-site/pulls/28"",
  ""commit_id"": ""0fc14ba5813ad2e9328d5eea13c28a9005648ffa"",
  ""submitted_at"": ""2026-08-06T11:22:04Z"",
  ""author_association"": ""OWNER""
}",v8_scale,false
370,2026-08-06T14:00:10,github_helios,scale@github_helios,SCALE,branch-heads,update_pull_request_branch,ERROR,"{""owner"": ""To2004"", ""repo"": ""helios-public-site"", ""pull_number"": 28, ""expected_head_sha"": ""0fc14ba5813ad2e9328d5eea13c28a9005648ffa""}","{""code"": -32603, ""message"": ""Validation Error: There are no new commits on the base branch.\nDetails: {\""message\"":\""There are no new commits on the base branch.\"",\""documentation_url\"":\""https://docs.github.com/rest/pulls/pulls#update-a-pull-request-branch\"",\""status\"":\""422\""}""}",v8_scale,false
371,2026-08-06T14:00:11,github_helios,scale@github_helios,SCALE,branch-heads,merge_pull_request,OK,"{""owner"": ""To2004"", ""repo"": ""helios-public-site"", ""pull_number"": 28, ""commit_title"": ""[mcp-v8-scale] merge"", ""merge_method"": ""squash""}","{
  ""sha"": ""0cd6cdfa89494329a071b4349d61162e6caeb594"",
  ""merged"": true,
  ""message"": ""Pull Request successfully merged""
}",v8_scale,false
372,2026-08-06T14:00:12,github_helios,scale@github_helios,SCALE,issue-records,create_issue,OK,"{""owner"": ""To2004"", ""repo"": ""helios-public-site"", ""title"": ""[mcp-v8-scale] issue"", ""body"": ""[mcp-v8-scale]""}","{
  ""url"": ""https://api.github.com/repos/To2004/helios-public-site/issues/29"",
  ""repository_url"": ""https://api.github.com/repos/To2004/helios-public-site"",
  ""labels_url"": ""https://api.github.com/repos/To2004/helios-public-site/issues/29/labels{/name}"",
  ""comments_url"": ""https://api.github.com/repos/To2004/helios-public-site/issues/29/comments"",
  ""events_url"": ""https://api.github.com/repos/To2004/helios-public-site/issues/29/events"",
  ""html_url"": ""https://github.com/To2004/helios-public-site/issues/29"",
  ""id"": 5080622301,
  ""node_id"": ""I_kwDOTm9TQs8AAAABLtQk3Q"",
  ""number"": 29,
  ""title"": ""[mcp-v8-scale] issue"",
  ""user"": {
    ""login"": ""To2004"",
    ""id"": 151865316,
    ""node_id"": ""U_kgDOCQ1H5A"",
    ""avatar_url"": ""https://avatars.githubusercontent.com/u/151865316?v=4"",
    ""gravatar_id"": """",
    ""url"": ""https://api.github.com/users/To2004"",
    ""html_url"": ""https://github.com/To2004"",
    ""followers_url"": ""https://api.github.com/users/To2004/followers"",
    ""following_url"": ""https://api.github.com/users/To2004/following{/other_user}"",
    ""gists_url"": ""https://api.github.com/users/To2004/gists{/gist_id}"",
    ""starred_url"": ""https://api.github.com/users/To2004/starred{/owner}{/repo}"",
    ""subscriptions_url"": ""https://api.github.com/users/To2004/subscriptions"",
    ""organizations_url"": ""https://api.github.com/users/To2004/orgs"",
    ""repos_url"": ""https://api.github.com/users/To2004/repos"",
    ""events_url"": ""https://api.github.com/users/To2004/events{/privacy}"",
    ""r",v8_scale,false
373,2026-08-06T14:00:13,github_helios,scale@github_helios,SCALE,issues-and-comments,add_issue_comment,OK,"{""owner"": ""To2004"", ""repo"": ""helios-public-site"", ""issue_number"": 29, ""body"": ""[mcp-v8-scale] comment""}","{
  ""url"": ""https://api.github.com/repos/To2004/helios-public-site/issues/comments/5203998919"",
  ""html_url"": ""https://github.com/To2004/helios-public-site/issues/29#issuecomment-5203998919"",
  ""issue_url"": ""https://api.github.com/repos/To2004/helios-public-site/issues/29"",
  ""id"": 5203998919,
  ""node_id"": ""IC_kwDOTm9TQs8AAAABNi64xw"",
  ""user"": {
    ""login"": ""To2004"",
    ""id"": 151865316,
    ""node_id"": ""U_kgDOCQ1H5A"",
    ""avatar_url"": ""https://avatars.githubusercontent.com/u/151865316?v=4"",
    ""gravatar_id"": """",
    ""url"": ""https://api.github.com/users/To2004"",
    ""html_url"": ""https://github.com/To2004"",
    ""followers_url"": ""https://api.github.com/users/To2004/followers"",
    ""following_url"": ""https://api.github.com/users/To2004/following{/other_user}"",
    ""gists_url"": ""https://api.github.com/users/To2004/gists{/gist_id}"",
    ""starred_url"": ""https://api.github.com/users/To2004/starred{/owner}{/repo}"",
    ""subscriptions_url"": ""https://api.github.com/users/To2004/subscriptions"",
    ""organizations_url"": ""https://api.github.com/users/To2004/orgs"",
    ""repos_url"": ""https://api.github.com/users/To2004/repos"",
    ""events_url"": ""https://api.github.com/users/To2004/events{/privacy}"",
    ""received_events_url"": ""https://api.github.com/users/To2004/received_events"",
    ""type"": ""User"",
    ""user_view_type"": ""public"",
    ""site_admin"": false
  },
  ""created_at"": ""2026-08-06T11:22:08Z"",
  ""updated_at"": ""2026-08-06T11:22:08Z"",
  ""author_association"": ""OWNER"",
  ""body"": ""[mcp-v8",v8_scale,false
374,2026-08-06T14:00:14,github_helios,scale@github_helios,SCALE,issue-records,update_issue,OK,"{""owner"": ""To2004"", ""repo"": ""helios-public-site"", ""issue_number"": 29, ""labels"": [""triage""]}","{
  ""url"": ""https://api.github.com/repos/To2004/helios-public-site/issues/29"",
  ""repository_url"": ""https://api.github.com/repos/To2004/helios-public-site"",
  ""labels_url"": ""https://api.github.com/repos/To2004/helios-public-site/issues/29/labels{/name}"",
  ""comments_url"": ""https://api.github.com/repos/To2004/helios-public-site/issues/29/comments"",
  ""events_url"": ""https://api.github.com/repos/To2004/helios-public-site/issues/29/events"",
  ""html_url"": ""https://github.com/To2004/helios-public-site/issues/29"",
  ""id"": 5080622301,
  ""node_id"": ""I_kwDOTm9TQs8AAAABLtQk3Q"",
  ""number"": 29,
  ""title"": ""[mcp-v8-scale] issue"",
  ""user"": {
    ""login"": ""To2004"",
    ""id"": 151865316,
    ""node_id"": ""U_kgDOCQ1H5A"",
    ""avatar_url"": ""https://avatars.githubusercontent.com/u/151865316?v=4"",
    ""gravatar_id"": """",
    ""url"": ""https://api.github.com/users/To2004"",
    ""html_url"": ""https://github.com/To2004"",
    ""followers_url"": ""https://api.github.com/users/To2004/followers"",
    ""following_url"": ""https://api.github.com/users/To2004/following{/other_user}"",
    ""gists_url"": ""https://api.github.com/users/To2004/gists{/gist_id}"",
    ""starred_url"": ""https://api.github.com/users/To2004/starred{/owner}{/repo}"",
    ""subscriptions_url"": ""https://api.github.com/users/To2004/subscriptions"",
    ""organizations_url"": ""https://api.github.com/users/To2004/orgs"",
    ""repos_url"": ""https://api.github.com/users/To2004/repos"",
    ""events_url"": ""https://api.github.com/users/To2004/events{/privacy}"",
    ""r",v8_scale,false
375,2026-08-06T14:00:15,github_helios,scale@github_helios,SCALE,branch-heads,create_branch,OK,"{""owner"": ""To2004"", ""repo"": ""helios-grid-infra-config"", ""branch"": ""scale/2026-08-06-helios-g"", ""from_branch"": ""main""}","{
  ""ref"": ""refs/heads/scale/2026-08-06-helios-g"",
  ""node_id"": ""REF_kwDOTm9SgNoAJHJlZnMvaGVhZHMvc2NhbGUvMjAyNi0wOC0wNi1oZWxpb3MtZw"",
  ""url"": ""https://api.github.com/repos/To2004/helios-grid-infra-config/git/refs/heads/scale/2026-08-06-helios-g"",
  ""object"": {
    ""sha"": ""cdb06fc7397f0faed390ec0ba2b3c81b23c19f72"",
    ""type"": ""commit"",
    ""url"": ""https://api.github.com/repos/To2004/helios-grid-infra-config/git/commits/cdb06fc7397f0faed390ec0ba2b3c81b23c19f72""
  }
}",v8_scale,false
376,2026-08-06T14:00:16,github_helios,scale@github_helios,SCALE,repository-contents,create_or_update_file,OK,"{""owner"": ""To2004"", ""repo"": ""helios-grid-infra-config"", ""branch"": ""scale/2026-08-06-helios-g"", ""path"": ""scale-2026-08-06.md"", ""message"": ""[mcp-v8-scale] write"", ""content"": ""[mcp-v8-scale]\n""}","{
  ""content"": {
    ""name"": ""scale-2026-08-06.md"",
    ""path"": ""scale-2026-08-06.md"",
    ""sha"": ""ca5f323e964e66f2308a25f5ab94f6fb836018d9"",
    ""size"": 15,
    ""url"": ""https://api.github.com/repos/To2004/helios-grid-infra-config/contents/scale-2026-08-06.md?ref=scale/2026-08-06-helios-g"",
    ""html_url"": ""https://github.com/To2004/helios-grid-infra-config/blob/scale/2026-08-06-helios-g/scale-2026-08-06.md"",
    ""git_url"": ""https://api.github.com/repos/To2004/helios-grid-infra-config/git/blobs/ca5f323e964e66f2308a25f5ab94f6fb836018d9"",
    ""download_url"": ""https://raw.githubusercontent.com/To2004/helios-grid-infra-config/scale/2026-08-06-helios-g/scale-2026-08-06.md?token=BEGUPZCQ24CH2Y3J5EF6WB3KORXKI"",
    ""type"": ""file"",
    ""_links"": {
      ""self"": ""https://api.github.com/repos/To2004/helios-grid-infra-config/contents/scale-2026-08-06.md?ref=scale/2026-08-06-helios-g"",
      ""git"": ""https://api.github.com/repos/To2004/helios-grid-infra-config/git/blobs/ca5f323e964e66f2308a25f5ab94f6fb836018d9"",
      ""html"": ""https://github.com/To2004/helios-grid-infra-config/blob/scale/2026-08-06-helios-g/scale-2026-08-06.md""
    }
  },
  ""commit"": {
    ""sha"": ""4178ca4c4274eb87caeed034e5f15ed3e67660d8"",
    ""node_id"": ""C_kwDOTm9SgNoAKDQxNzhjYTRjNDI3NGViODdjYWVlZDAzNGU1ZjE1ZWQzZTY3NjYwZDg"",
    ""url"": ""https://api.github.com/repos/To2004/helios-grid-infra-config/git/commits/4178ca4c4274eb87caeed034e5f15ed3e67660d8"",
    ""html_url"": ""https://github.com/To2004/helios-grid-infra-config/com",v8_scale,false
377,2026-08-06T14:00:17,github_helios,scale@github_helios,SCALE,repository-contents,push_files,OK,"{""owner"": ""To2004"", ""repo"": ""helios-grid-infra-config"", ""branch"": ""scale/2026-08-06-helios-g"", ""message"": ""[mcp-v8-scale] push"", ""files"": [{""path"": ""scale-2026-08-06-b.md"", ""content"": ""[mcp-v8-scale]\n""}]}","{
  ""ref"": ""refs/heads/scale/2026-08-06-helios-g"",
  ""node_id"": ""REF_kwDOTm9SgNoAJHJlZnMvaGVhZHMvc2NhbGUvMjAyNi0wOC0wNi1oZWxpb3MtZw"",
  ""url"": ""https://api.github.com/repos/To2004/helios-grid-infra-config/git/refs/heads/scale/2026-08-06-helios-g"",
  ""object"": {
    ""sha"": ""266aa3c953ff7d097872c306d96a30b9f0950033"",
    ""type"": ""commit"",
    ""url"": ""https://api.github.com/repos/To2004/helios-grid-infra-config/git/commits/266aa3c953ff7d097872c306d96a30b9f0950033""
  }
}",v8_scale,false
378,2026-08-06T14:00:18,github_helios,scale@github_helios,SCALE,pull-request-records,create_pull_request,OK,"{""owner"": ""To2004"", ""repo"": ""helios-grid-infra-config"", ""title"": ""[mcp-v8-scale] PR"", ""head"": ""scale/2026-08-06-helios-g"", ""base"": ""main"", ""body"": ""[mcp-v8-scale]""}","{
  ""url"": ""https://api.github.com/repos/To2004/helios-grid-infra-config/pulls/34"",
  ""id"": 4220415956,
  ""node_id"": ""PR_kwDOTm9SgM77jm_U"",
  ""html_url"": ""https://github.com/To2004/helios-grid-infra-config/pull/34"",
  ""diff_url"": ""https://github.com/To2004/helios-grid-infra-config/pull/34.diff"",
  ""patch_url"": ""https://github.com/To2004/helios-grid-infra-config/pull/34.patch"",
  ""issue_url"": ""https://api.github.com/repos/To2004/helios-grid-infra-config/issues/34"",
  ""number"": 34,
  ""state"": ""open"",
  ""locked"": false,
  ""title"": ""[mcp-v8-scale] PR"",
  ""user"": {
    ""login"": ""To2004"",
    ""id"": 151865316,
    ""avatar_url"": ""https://avatars.githubusercontent.com/u/151865316?v=4"",
    ""url"": ""https://api.github.com/users/To2004"",
    ""html_url"": ""https://github.com/To2004""
  },
  ""body"": ""[mcp-v8-scale]"",
  ""created_at"": ""2026-08-06T11:22:19Z"",
  ""updated_at"": ""2026-08-06T11:22:19Z"",
  ""closed_at"": null,
  ""merged_at"": null,
  ""merge_commit_sha"": null,
  ""assignee"": null,
  ""assignees"": [],
  ""requested_reviewers"": [],
  ""labels"": [],
  ""head"": {
    ""label"": ""To2004:scale/2026-08-06-helios-g"",
    ""ref"": ""scale/2026-08-06-helios-g"",
    ""sha"": ""266aa3c953ff7d097872c306d96a30b9f0950033"",
    ""user"": {
      ""login"": ""To2004"",
      ""id"": 151865316,
      ""avatar_url"": ""https://avatars.githubusercontent.com/u/151865316?v=4"",
      ""url"": ""https://api.github.com/users/To2004"",
      ""html_url"": ""https://github.com/To2004""
    },
    ""repo"": {
      ""id"": 1315918464,
      ""node_id""",v8_scale,false
379,2026-08-06T14:00:19,github_helios,scale@github_helios,SCALE,helios-grid-infra-config,get_pull_request,OK,"{""owner"": ""To2004"", ""repo"": ""helios-grid-infra-config"", ""pull_number"": 34}","{
  ""url"": ""https://api.github.com/repos/To2004/helios-grid-infra-config/pulls/34"",
  ""id"": 4220415956,
  ""node_id"": ""PR_kwDOTm9SgM77jm_U"",
  ""html_url"": ""https://github.com/To2004/helios-grid-infra-config/pull/34"",
  ""diff_url"": ""https://github.com/To2004/helios-grid-infra-config/pull/34.diff"",
  ""patch_url"": ""https://github.com/To2004/helios-grid-infra-config/pull/34.patch"",
  ""issue_url"": ""https://api.github.com/repos/To2004/helios-grid-infra-config/issues/34"",
  ""number"": 34,
  ""state"": ""open"",
  ""locked"": false,
  ""title"": ""[mcp-v8-scale] PR"",
  ""user"": {
    ""login"": ""To2004"",
    ""id"": 151865316,
    ""avatar_url"": ""https://avatars.githubusercontent.com/u/151865316?v=4"",
    ""url"": ""https://api.github.com/users/To2004"",
    ""html_url"": ""https://github.com/To2004""
  },
  ""body"": ""[mcp-v8-scale]"",
  ""created_at"": ""2026-08-06T11:22:19Z"",
  ""updated_at"": ""2026-08-06T11:22:19Z"",
  ""closed_at"": null,
  ""merged_at"": null,
  ""merge_commit_sha"": ""2fd4d3e8c0f798dbdfb1753ba4653e7fa7c900b0"",
  ""assignee"": null,
  ""assignees"": [],
  ""requested_reviewers"": [],
  ""labels"": [],
  ""head"": {
    ""label"": ""To2004:scale/2026-08-06-helios-g"",
    ""ref"": ""scale/2026-08-06-helios-g"",
    ""sha"": ""266aa3c953ff7d097872c306d96a30b9f0950033"",
    ""user"": {
      ""login"": ""To2004"",
      ""id"": 151865316,
      ""avatar_url"": ""https://avatars.githubusercontent.com/u/151865316?v=4"",
      ""url"": ""https://api.github.com/users/To2004"",
      ""html_url"": ""https://github.com/To2004""
    },
    ""repo"": {
 ",v8_scale,false
380,2026-08-06T14:00:20,github_helios,scale@github_helios,SCALE,pull-requests-and-reviews,create_pull_request_review,OK,"{""owner"": ""To2004"", ""repo"": ""helios-grid-infra-config"", ""pull_number"": 34, ""event"": ""COMMENT"", ""body"": ""[mcp-v8-scale] review""}","{
  ""id"": 4874078782,
  ""node_id"": ""PRR_kwDOTm9SgM8AAAABIoSKPg"",
  ""user"": {
    ""login"": ""To2004"",
    ""id"": 151865316,
    ""avatar_url"": ""https://avatars.githubusercontent.com/u/151865316?v=4"",
    ""url"": ""https://api.github.com/users/To2004"",
    ""html_url"": ""https://github.com/To2004""
  },
  ""body"": ""[mcp-v8-scale] review"",
  ""state"": ""COMMENTED"",
  ""html_url"": ""https://github.com/To2004/helios-grid-infra-config/pull/34#pullrequestreview-4874078782"",
  ""pull_request_url"": ""https://api.github.com/repos/To2004/helios-grid-infra-config/pulls/34"",
  ""commit_id"": ""266aa3c953ff7d097872c306d96a30b9f0950033"",
  ""submitted_at"": ""2026-08-06T11:22:21Z"",
  ""author_association"": ""OWNER""
}",v8_scale,false
381,2026-08-06T14:00:21,github_helios,scale@github_helios,SCALE,branch-heads,update_pull_request_branch,ERROR,"{""owner"": ""To2004"", ""repo"": ""helios-grid-infra-config"", ""pull_number"": 34, ""expected_head_sha"": ""266aa3c953ff7d097872c306d96a30b9f0950033""}","{""code"": -32603, ""message"": ""Validation Error: There are no new commits on the base branch.\nDetails: {\""message\"":\""There are no new commits on the base branch.\"",\""documentation_url\"":\""https://docs.github.com/rest/pulls/pulls#update-a-pull-request-branch\"",\""status\"":\""422\""}""}",v8_scale,false
382,2026-08-06T14:00:22,github_helios,scale@github_helios,SCALE,branch-heads,merge_pull_request,OK,"{""owner"": ""To2004"", ""repo"": ""helios-grid-infra-config"", ""pull_number"": 34, ""commit_title"": ""[mcp-v8-scale] merge"", ""merge_method"": ""squash""}","{
  ""sha"": ""ea48d68a58a08157b4b39ddde081b6eda4a32deb"",
  ""merged"": true,
  ""message"": ""Pull Request successfully merged""
}",v8_scale,false
383,2026-08-06T14:00:23,github_helios,scale@github_helios,SCALE,issue-records,create_issue,OK,"{""owner"": ""To2004"", ""repo"": ""helios-grid-infra-config"", ""title"": ""[mcp-v8-scale] issue"", ""body"": ""[mcp-v8-scale]""}","{
  ""url"": ""https://api.github.com/repos/To2004/helios-grid-infra-config/issues/35"",
  ""repository_url"": ""https://api.github.com/repos/To2004/helios-grid-infra-config"",
  ""labels_url"": ""https://api.github.com/repos/To2004/helios-grid-infra-config/issues/35/labels{/name}"",
  ""comments_url"": ""https://api.github.com/repos/To2004/helios-grid-infra-config/issues/35/comments"",
  ""events_url"": ""https://api.github.com/repos/To2004/helios-grid-infra-config/issues/35/events"",
  ""html_url"": ""https://github.com/To2004/helios-grid-infra-config/issues/35"",
  ""id"": 5080624438,
  ""node_id"": ""I_kwDOTm9SgM8AAAABLtQtNg"",
  ""number"": 35,
  ""title"": ""[mcp-v8-scale] issue"",
  ""user"": {
    ""login"": ""To2004"",
    ""id"": 151865316,
    ""node_id"": ""U_kgDOCQ1H5A"",
    ""avatar_url"": ""https://avatars.githubusercontent.com/u/151865316?v=4"",
    ""gravatar_id"": """",
    ""url"": ""https://api.github.com/users/To2004"",
    ""html_url"": ""https://github.com/To2004"",
    ""followers_url"": ""https://api.github.com/users/To2004/followers"",
    ""following_url"": ""https://api.github.com/users/To2004/following{/other_user}"",
    ""gists_url"": ""https://api.github.com/users/To2004/gists{/gist_id}"",
    ""starred_url"": ""https://api.github.com/users/To2004/starred{/owner}{/repo}"",
    ""subscriptions_url"": ""https://api.github.com/users/To2004/subscriptions"",
    ""organizations_url"": ""https://api.github.com/users/To2004/orgs"",
    ""repos_url"": ""https://api.github.com/users/To2004/repos"",
    ""events_url"": ""https://api.github.com/us",v8_scale,false
384,2026-08-06T14:00:24,github_helios,scale@github_helios,SCALE,issues-and-comments,add_issue_comment,OK,"{""owner"": ""To2004"", ""repo"": ""helios-grid-infra-config"", ""issue_number"": 35, ""body"": ""[mcp-v8-scale] comment""}","{
  ""url"": ""https://api.github.com/repos/To2004/helios-grid-infra-config/issues/comments/5204001687"",
  ""html_url"": ""https://github.com/To2004/helios-grid-infra-config/issues/35#issuecomment-5204001687"",
  ""issue_url"": ""https://api.github.com/repos/To2004/helios-grid-infra-config/issues/35"",
  ""id"": 5204001687,
  ""node_id"": ""IC_kwDOTm9SgM8AAAABNi7Dlw"",
  ""user"": {
    ""login"": ""To2004"",
    ""id"": 151865316,
    ""node_id"": ""U_kgDOCQ1H5A"",
    ""avatar_url"": ""https://avatars.githubusercontent.com/u/151865316?v=4"",
    ""gravatar_id"": """",
    ""url"": ""https://api.github.com/users/To2004"",
    ""html_url"": ""https://github.com/To2004"",
    ""followers_url"": ""https://api.github.com/users/To2004/followers"",
    ""following_url"": ""https://api.github.com/users/To2004/following{/other_user}"",
    ""gists_url"": ""https://api.github.com/users/To2004/gists{/gist_id}"",
    ""starred_url"": ""https://api.github.com/users/To2004/starred{/owner}{/repo}"",
    ""subscriptions_url"": ""https://api.github.com/users/To2004/subscriptions"",
    ""organizations_url"": ""https://api.github.com/users/To2004/orgs"",
    ""repos_url"": ""https://api.github.com/users/To2004/repos"",
    ""events_url"": ""https://api.github.com/users/To2004/events{/privacy}"",
    ""received_events_url"": ""https://api.github.com/users/To2004/received_events"",
    ""type"": ""User"",
    ""user_view_type"": ""public"",
    ""site_admin"": false
  },
  ""created_at"": ""2026-08-06T11:22:25Z"",
  ""updated_at"": ""2026-08-06T11:22:25Z"",
  ""author_association"": ""OWNER"",
",v8_scale,false
385,2026-08-06T14:00:25,github_helios,scale@github_helios,SCALE,issue-records,update_issue,OK,"{""owner"": ""To2004"", ""repo"": ""helios-grid-infra-config"", ""issue_number"": 35, ""labels"": [""triage""]}","{
  ""url"": ""https://api.github.com/repos/To2004/helios-grid-infra-config/issues/35"",
  ""repository_url"": ""https://api.github.com/repos/To2004/helios-grid-infra-config"",
  ""labels_url"": ""https://api.github.com/repos/To2004/helios-grid-infra-config/issues/35/labels{/name}"",
  ""comments_url"": ""https://api.github.com/repos/To2004/helios-grid-infra-config/issues/35/comments"",
  ""events_url"": ""https://api.github.com/repos/To2004/helios-grid-infra-config/issues/35/events"",
  ""html_url"": ""https://github.com/To2004/helios-grid-infra-config/issues/35"",
  ""id"": 5080624438,
  ""node_id"": ""I_kwDOTm9SgM8AAAABLtQtNg"",
  ""number"": 35,
  ""title"": ""[mcp-v8-scale] issue"",
  ""user"": {
    ""login"": ""To2004"",
    ""id"": 151865316,
    ""node_id"": ""U_kgDOCQ1H5A"",
    ""avatar_url"": ""https://avatars.githubusercontent.com/u/151865316?v=4"",
    ""gravatar_id"": """",
    ""url"": ""https://api.github.com/users/To2004"",
    ""html_url"": ""https://github.com/To2004"",
    ""followers_url"": ""https://api.github.com/users/To2004/followers"",
    ""following_url"": ""https://api.github.com/users/To2004/following{/other_user}"",
    ""gists_url"": ""https://api.github.com/users/To2004/gists{/gist_id}"",
    ""starred_url"": ""https://api.github.com/users/To2004/starred{/owner}{/repo}"",
    ""subscriptions_url"": ""https://api.github.com/users/To2004/subscriptions"",
    ""organizations_url"": ""https://api.github.com/users/To2004/orgs"",
    ""repos_url"": ""https://api.github.com/users/To2004/repos"",
    ""events_url"": ""https://api.github.com/us",v8_scale,false
386,2026-08-06T14:00:26,github_helios,scale@github_helios,SCALE,branch-heads,create_branch,OK,"{""owner"": ""To2004"", ""repo"": ""helios-ot-runbooks"", ""branch"": ""scale/2026-08-06-helios-o"", ""from_branch"": ""main""}","{
  ""ref"": ""refs/heads/scale/2026-08-06-helios-o"",
  ""node_id"": ""REF_kwDOTm9S9doAJHJlZnMvaGVhZHMvc2NhbGUvMjAyNi0wOC0wNi1oZWxpb3Mtbw"",
  ""url"": ""https://api.github.com/repos/To2004/helios-ot-runbooks/git/refs/heads/scale/2026-08-06-helios-o"",
  ""object"": {
    ""sha"": ""f910bef8e06b9ae9150312901f38a541a8add88e"",
    ""type"": ""commit"",
    ""url"": ""https://api.github.com/repos/To2004/helios-ot-runbooks/git/commits/f910bef8e06b9ae9150312901f38a541a8add88e""
  }
}",v8_scale,false
387,2026-08-06T14:00:27,github_helios,scale@github_helios,SCALE,repository-contents,create_or_update_file,OK,"{""owner"": ""To2004"", ""repo"": ""helios-ot-runbooks"", ""branch"": ""scale/2026-08-06-helios-o"", ""path"": ""scale-2026-08-06.md"", ""message"": ""[mcp-v8-scale] write"", ""content"": ""[mcp-v8-scale]\n""}","{
  ""content"": {
    ""name"": ""scale-2026-08-06.md"",
    ""path"": ""scale-2026-08-06.md"",
    ""sha"": ""ca5f323e964e66f2308a25f5ab94f6fb836018d9"",
    ""size"": 15,
    ""url"": ""https://api.github.com/repos/To2004/helios-ot-runbooks/contents/scale-2026-08-06.md?ref=scale/2026-08-06-helios-o"",
    ""html_url"": ""https://github.com/To2004/helios-ot-runbooks/blob/scale/2026-08-06-helios-o/scale-2026-08-06.md"",
    ""git_url"": ""https://api.github.com/repos/To2004/helios-ot-runbooks/git/blobs/ca5f323e964e66f2308a25f5ab94f6fb836018d9"",
    ""download_url"": ""https://raw.githubusercontent.com/To2004/helios-ot-runbooks/scale/2026-08-06-helios-o/scale-2026-08-06.md?token=BEGUPZHZ7YLIZCT2YNOKDBTKORXLM"",
    ""type"": ""file"",
    ""_links"": {
      ""self"": ""https://api.github.com/repos/To2004/helios-ot-runbooks/contents/scale-2026-08-06.md?ref=scale/2026-08-06-helios-o"",
      ""git"": ""https://api.github.com/repos/To2004/helios-ot-runbooks/git/blobs/ca5f323e964e66f2308a25f5ab94f6fb836018d9"",
      ""html"": ""https://github.com/To2004/helios-ot-runbooks/blob/scale/2026-08-06-helios-o/scale-2026-08-06.md""
    }
  },
  ""commit"": {
    ""sha"": ""2c79855b8ca611291503fa291f2ac787c32fced0"",
    ""node_id"": ""C_kwDOTm9S9doAKDJjNzk4NTViOGNhNjExMjkxNTAzZmEyOTFmMmFjNzg3YzMyZmNlZDA"",
    ""url"": ""https://api.github.com/repos/To2004/helios-ot-runbooks/git/commits/2c79855b8ca611291503fa291f2ac787c32fced0"",
    ""html_url"": ""https://github.com/To2004/helios-ot-runbooks/commit/2c79855b8ca611291503fa291f2ac787c32fced0"",
    ""au",v8_scale,false
388,2026-08-06T14:00:28,github_helios,scale@github_helios,SCALE,repository-contents,push_files,OK,"{""owner"": ""To2004"", ""repo"": ""helios-ot-runbooks"", ""branch"": ""scale/2026-08-06-helios-o"", ""message"": ""[mcp-v8-scale] push"", ""files"": [{""path"": ""scale-2026-08-06-b.md"", ""content"": ""[mcp-v8-scale]\n""}]}","{
  ""ref"": ""refs/heads/scale/2026-08-06-helios-o"",
  ""node_id"": ""REF_kwDOTm9S9doAJHJlZnMvaGVhZHMvc2NhbGUvMjAyNi0wOC0wNi1oZWxpb3Mtbw"",
  ""url"": ""https://api.github.com/repos/To2004/helios-ot-runbooks/git/refs/heads/scale/2026-08-06-helios-o"",
  ""object"": {
    ""sha"": ""3781be7127b208d4ec3f298b16a559d21f92c855"",
    ""type"": ""commit"",
    ""url"": ""https://api.github.com/repos/To2004/helios-ot-runbooks/git/commits/3781be7127b208d4ec3f298b16a559d21f92c855""
  }
}",v8_scale,false
389,2026-08-06T14:00:29,github_helios,scale@github_helios,SCALE,pull-request-records,create_pull_request,OK,"{""owner"": ""To2004"", ""repo"": ""helios-ot-runbooks"", ""title"": ""[mcp-v8-scale] PR"", ""head"": ""scale/2026-08-06-helios-o"", ""base"": ""main"", ""body"": ""[mcp-v8-scale]""}","{
  ""url"": ""https://api.github.com/repos/To2004/helios-ot-runbooks/pulls/9"",
  ""id"": 4220417739,
  ""node_id"": ""PR_kwDOTm9S9c77jnbL"",
  ""html_url"": ""https://github.com/To2004/helios-ot-runbooks/pull/9"",
  ""diff_url"": ""https://github.com/To2004/helios-ot-runbooks/pull/9.diff"",
  ""patch_url"": ""https://github.com/To2004/helios-ot-runbooks/pull/9.patch"",
  ""issue_url"": ""https://api.github.com/repos/To2004/helios-ot-runbooks/issues/9"",
  ""number"": 9,
  ""state"": ""open"",
  ""locked"": false,
  ""title"": ""[mcp-v8-scale] PR"",
  ""user"": {
    ""login"": ""To2004"",
    ""id"": 151865316,
    ""avatar_url"": ""https://avatars.githubusercontent.com/u/151865316?v=4"",
    ""url"": ""https://api.github.com/users/To2004"",
    ""html_url"": ""https://github.com/To2004""
  },
  ""body"": ""[mcp-v8-scale]"",
  ""created_at"": ""2026-08-06T11:22:37Z"",
  ""updated_at"": ""2026-08-06T11:22:37Z"",
  ""closed_at"": null,
  ""merged_at"": null,
  ""merge_commit_sha"": null,
  ""assignee"": null,
  ""assignees"": [],
  ""requested_reviewers"": [],
  ""labels"": [],
  ""head"": {
    ""label"": ""To2004:scale/2026-08-06-helios-o"",
    ""ref"": ""scale/2026-08-06-helios-o"",
    ""sha"": ""3781be7127b208d4ec3f298b16a559d21f92c855"",
    ""user"": {
      ""login"": ""To2004"",
      ""id"": 151865316,
      ""avatar_url"": ""https://avatars.githubusercontent.com/u/151865316?v=4"",
      ""url"": ""https://api.github.com/users/To2004"",
      ""html_url"": ""https://github.com/To2004""
    },
    ""repo"": {
      ""id"": 1315918581,
      ""node_id"": ""R_kgDOTm9S9Q"",
      ""name"": ""hel",v8_scale,false
390,2026-08-06T14:00:30,github_helios,scale@github_helios,SCALE,helios-ot-runbooks,get_pull_request,OK,"{""owner"": ""To2004"", ""repo"": ""helios-ot-runbooks"", ""pull_number"": 9}","{
  ""url"": ""https://api.github.com/repos/To2004/helios-ot-runbooks/pulls/9"",
  ""id"": 4220417739,
  ""node_id"": ""PR_kwDOTm9S9c77jnbL"",
  ""html_url"": ""https://github.com/To2004/helios-ot-runbooks/pull/9"",
  ""diff_url"": ""https://github.com/To2004/helios-ot-runbooks/pull/9.diff"",
  ""patch_url"": ""https://github.com/To2004/helios-ot-runbooks/pull/9.patch"",
  ""issue_url"": ""https://api.github.com/repos/To2004/helios-ot-runbooks/issues/9"",
  ""number"": 9,
  ""state"": ""open"",
  ""locked"": false,
  ""title"": ""[mcp-v8-scale] PR"",
  ""user"": {
    ""login"": ""To2004"",
    ""id"": 151865316,
    ""avatar_url"": ""https://avatars.githubusercontent.com/u/151865316?v=4"",
    ""url"": ""https://api.github.com/users/To2004"",
    ""html_url"": ""https://github.com/To2004""
  },
  ""body"": ""[mcp-v8-scale]"",
  ""created_at"": ""2026-08-06T11:22:37Z"",
  ""updated_at"": ""2026-08-06T11:22:37Z"",
  ""closed_at"": null,
  ""merged_at"": null,
  ""merge_commit_sha"": ""fd443bd8170f5bf2a92784e12bb0a73ba4bf93b1"",
  ""assignee"": null,
  ""assignees"": [],
  ""requested_reviewers"": [],
  ""labels"": [],
  ""head"": {
    ""label"": ""To2004:scale/2026-08-06-helios-o"",
    ""ref"": ""scale/2026-08-06-helios-o"",
    ""sha"": ""3781be7127b208d4ec3f298b16a559d21f92c855"",
    ""user"": {
      ""login"": ""To2004"",
      ""id"": 151865316,
      ""avatar_url"": ""https://avatars.githubusercontent.com/u/151865316?v=4"",
      ""url"": ""https://api.github.com/users/To2004"",
      ""html_url"": ""https://github.com/To2004""
    },
    ""repo"": {
      ""id"": 1315918581,
      ""node_i",v8_scale,false
391,2026-08-06T14:00:31,github_helios,scale@github_helios,SCALE,pull-requests-and-reviews,create_pull_request_review,OK,"{""owner"": ""To2004"", ""repo"": ""helios-ot-runbooks"", ""pull_number"": 9, ""event"": ""COMMENT"", ""body"": ""[mcp-v8-scale] review""}","{
  ""id"": 4874080625,
  ""node_id"": ""PRR_kwDOTm9S9c8AAAABIoSRcQ"",
  ""user"": {
    ""login"": ""To2004"",
    ""id"": 151865316,
    ""avatar_url"": ""https://avatars.githubusercontent.com/u/151865316?v=4"",
    ""url"": ""https://api.github.com/users/To2004"",
    ""html_url"": ""https://github.com/To2004""
  },
  ""body"": ""[mcp-v8-scale] review"",
  ""state"": ""COMMENTED"",
  ""html_url"": ""https://github.com/To2004/helios-ot-runbooks/pull/9#pullrequestreview-4874080625"",
  ""pull_request_url"": ""https://api.github.com/repos/To2004/helios-ot-runbooks/pulls/9"",
  ""commit_id"": ""3781be7127b208d4ec3f298b16a559d21f92c855"",
  ""submitted_at"": ""2026-08-06T11:22:39Z"",
  ""author_association"": ""OWNER""
}",v8_scale,false
392,2026-08-06T14:00:32,github_helios,scale@github_helios,SCALE,branch-heads,update_pull_request_branch,ERROR,"{""owner"": ""To2004"", ""repo"": ""helios-ot-runbooks"", ""pull_number"": 9, ""expected_head_sha"": ""3781be7127b208d4ec3f298b16a559d21f92c855""}","{""code"": -32603, ""message"": ""Validation Error: There are no new commits on the base branch.\nDetails: {\""message\"":\""There are no new commits on the base branch.\"",\""documentation_url\"":\""https://docs.github.com/rest/pulls/pulls#update-a-pull-request-branch\"",\""status\"":\""422\""}""}",v8_scale,false
393,2026-08-06T14:00:33,github_helios,scale@github_helios,SCALE,branch-heads,merge_pull_request,OK,"{""owner"": ""To2004"", ""repo"": ""helios-ot-runbooks"", ""pull_number"": 9, ""commit_title"": ""[mcp-v8-scale] merge"", ""merge_method"": ""squash""}","{
  ""sha"": ""e42c69e9d9561173cbe35c803d1e6504e2bb9524"",
  ""merged"": true,
  ""message"": ""Pull Request successfully merged""
}",v8_scale,false
394,2026-08-06T14:00:34,github_helios,scale@github_helios,SCALE,issue-records,create_issue,OK,"{""owner"": ""To2004"", ""repo"": ""helios-ot-runbooks"", ""title"": ""[mcp-v8-scale] issue"", ""body"": ""[mcp-v8-scale]""}","{
  ""url"": ""https://api.github.com/repos/To2004/helios-ot-runbooks/issues/10"",
  ""repository_url"": ""https://api.github.com/repos/To2004/helios-ot-runbooks"",
  ""labels_url"": ""https://api.github.com/repos/To2004/helios-ot-runbooks/issues/10/labels{/name}"",
  ""comments_url"": ""https://api.github.com/repos/To2004/helios-ot-runbooks/issues/10/comments"",
  ""events_url"": ""https://api.github.com/repos/To2004/helios-ot-runbooks/issues/10/events"",
  ""html_url"": ""https://github.com/To2004/helios-ot-runbooks/issues/10"",
  ""id"": 5080626479,
  ""node_id"": ""I_kwDOTm9S9c8AAAABLtQ1Lw"",
  ""number"": 10,
  ""title"": ""[mcp-v8-scale] issue"",
  ""user"": {
    ""login"": ""To2004"",
    ""id"": 151865316,
    ""node_id"": ""U_kgDOCQ1H5A"",
    ""avatar_url"": ""https://avatars.githubusercontent.com/u/151865316?v=4"",
    ""gravatar_id"": """",
    ""url"": ""https://api.github.com/users/To2004"",
    ""html_url"": ""https://github.com/To2004"",
    ""followers_url"": ""https://api.github.com/users/To2004/followers"",
    ""following_url"": ""https://api.github.com/users/To2004/following{/other_user}"",
    ""gists_url"": ""https://api.github.com/users/To2004/gists{/gist_id}"",
    ""starred_url"": ""https://api.github.com/users/To2004/starred{/owner}{/repo}"",
    ""subscriptions_url"": ""https://api.github.com/users/To2004/subscriptions"",
    ""organizations_url"": ""https://api.github.com/users/To2004/orgs"",
    ""repos_url"": ""https://api.github.com/users/To2004/repos"",
    ""events_url"": ""https://api.github.com/users/To2004/events{/privacy}"",
    ""r",v8_scale,false
395,2026-08-06T14:00:35,github_helios,scale@github_helios,SCALE,issues-and-comments,add_issue_comment,OK,"{""owner"": ""To2004"", ""repo"": ""helios-ot-runbooks"", ""issue_number"": 10, ""body"": ""[mcp-v8-scale] comment""}","{
  ""url"": ""https://api.github.com/repos/To2004/helios-ot-runbooks/issues/comments/5204004450"",
  ""html_url"": ""https://github.com/To2004/helios-ot-runbooks/issues/10#issuecomment-5204004450"",
  ""issue_url"": ""https://api.github.com/repos/To2004/helios-ot-runbooks/issues/10"",
  ""id"": 5204004450,
  ""node_id"": ""IC_kwDOTm9S9c8AAAABNi7OYg"",
  ""user"": {
    ""login"": ""To2004"",
    ""id"": 151865316,
    ""node_id"": ""U_kgDOCQ1H5A"",
    ""avatar_url"": ""https://avatars.githubusercontent.com/u/151865316?v=4"",
    ""gravatar_id"": """",
    ""url"": ""https://api.github.com/users/To2004"",
    ""html_url"": ""https://github.com/To2004"",
    ""followers_url"": ""https://api.github.com/users/To2004/followers"",
    ""following_url"": ""https://api.github.com/users/To2004/following{/other_user}"",
    ""gists_url"": ""https://api.github.com/users/To2004/gists{/gist_id}"",
    ""starred_url"": ""https://api.github.com/users/To2004/starred{/owner}{/repo}"",
    ""subscriptions_url"": ""https://api.github.com/users/To2004/subscriptions"",
    ""organizations_url"": ""https://api.github.com/users/To2004/orgs"",
    ""repos_url"": ""https://api.github.com/users/To2004/repos"",
    ""events_url"": ""https://api.github.com/users/To2004/events{/privacy}"",
    ""received_events_url"": ""https://api.github.com/users/To2004/received_events"",
    ""type"": ""User"",
    ""user_view_type"": ""public"",
    ""site_admin"": false
  },
  ""created_at"": ""2026-08-06T11:22:43Z"",
  ""updated_at"": ""2026-08-06T11:22:43Z"",
  ""author_association"": ""OWNER"",
  ""body"": ""[mcp-v8",v8_scale,false
396,2026-08-06T14:00:36,github_helios,scale@github_helios,SCALE,issue-records,update_issue,OK,"{""owner"": ""To2004"", ""repo"": ""helios-ot-runbooks"", ""issue_number"": 10, ""labels"": [""triage""]}","{
  ""url"": ""https://api.github.com/repos/To2004/helios-ot-runbooks/issues/10"",
  ""repository_url"": ""https://api.github.com/repos/To2004/helios-ot-runbooks"",
  ""labels_url"": ""https://api.github.com/repos/To2004/helios-ot-runbooks/issues/10/labels{/name}"",
  ""comments_url"": ""https://api.github.com/repos/To2004/helios-ot-runbooks/issues/10/comments"",
  ""events_url"": ""https://api.github.com/repos/To2004/helios-ot-runbooks/issues/10/events"",
  ""html_url"": ""https://github.com/To2004/helios-ot-runbooks/issues/10"",
  ""id"": 5080626479,
  ""node_id"": ""I_kwDOTm9S9c8AAAABLtQ1Lw"",
  ""number"": 10,
  ""title"": ""[mcp-v8-scale] issue"",
  ""user"": {
    ""login"": ""To2004"",
    ""id"": 151865316,
    ""node_id"": ""U_kgDOCQ1H5A"",
    ""avatar_url"": ""https://avatars.githubusercontent.com/u/151865316?v=4"",
    ""gravatar_id"": """",
    ""url"": ""https://api.github.com/users/To2004"",
    ""html_url"": ""https://github.com/To2004"",
    ""followers_url"": ""https://api.github.com/users/To2004/followers"",
    ""following_url"": ""https://api.github.com/users/To2004/following{/other_user}"",
    ""gists_url"": ""https://api.github.com/users/To2004/gists{/gist_id}"",
    ""starred_url"": ""https://api.github.com/users/To2004/starred{/owner}{/repo}"",
    ""subscriptions_url"": ""https://api.github.com/users/To2004/subscriptions"",
    ""organizations_url"": ""https://api.github.com/users/To2004/orgs"",
    ""repos_url"": ""https://api.github.com/users/To2004/repos"",
    ""events_url"": ""https://api.github.com/users/To2004/events{/privacy}"",
    ""r",v8_scale,false
397,2026-08-06T14:00:37,github_helios,scale@github_helios,SCALE,repository-records,create_repository,OK,"{""name"": ""scale-probe-2026-08-06"", ""private"": true, ""description"": ""[mcp-v8-scale] temp""}","{
  ""id"": 1325139946,
  ""node_id"": ""R_kgDOTvwH6g"",
  ""name"": ""scale-probe-2026-08-06"",
  ""full_name"": ""To2004/scale-probe-2026-08-06"",
  ""private"": true,
  ""owner"": {
    ""login"": ""To2004"",
    ""id"": 151865316,
    ""node_id"": ""U_kgDOCQ1H5A"",
    ""avatar_url"": ""https://avatars.githubusercontent.com/u/151865316?v=4"",
    ""url"": ""https://api.github.com/users/To2004"",
    ""html_url"": ""https://github.com/To2004"",
    ""type"": ""User""
  },
  ""html_url"": ""https://github.com/To2004/scale-probe-2026-08-06"",
  ""description"": ""[mcp-v8-scale] temp"",
  ""fork"": false,
  ""url"": ""https://api.github.com/repos/To2004/scale-probe-2026-08-06"",
  ""created_at"": ""2026-08-06T11:22:49Z"",
  ""updated_at"": ""2026-08-06T11:22:49Z"",
  ""pushed_at"": ""2026-08-06T11:22:49Z"",
  ""git_url"": ""git://github.com/To2004/scale-probe-2026-08-06.git"",
  ""ssh_url"": ""git@github.com:To2004/scale-probe-2026-08-06.git"",
  ""clone_url"": ""https://github.com/To2004/scale-probe-2026-08-06.git"",
  ""default_branch"": ""main""
}",v8_scale,false
398,2026-08-06T14:00:38,github_helios,scale@github_helios,SCALE,org-external-copies,fork_repository,ERROR,"{""owner"": ""To2004"", ""repo"": ""helios-public-site""}","{""code"": -32603, ""message"": ""Invalid input: [{\""code\"":\""invalid_type\"",\""expected\"":\""object\"",\""received\"":\""undefined\"",\""path\"":[\""parent\""],\""message\"":\""Required\""},{\""code\"":\""invalid_type\"",\""expected\"":\""object\"",\""received\"":\""undefined\"",\""path\"":[\""source\""],\""message\"":\""Required\""}]""}",v8_scale,false
399,2026-08-06T14:00:39,github_helios,scale@github_helios,SCALE,helios-market-bidding-engine,get_file_contents,OK,"{""owner"": ""To2004"", ""repo"": ""helios-market-bidding-engine"", ""path"": ""README.md""}","{
  ""name"": ""README.md"",
  ""path"": ""README.md"",
  ""sha"": ""84c80adaf93c06a8651d11d911f9c4ebdac211c0"",
  ""size"": 124,
  ""url"": ""https://api.github.com/repos/To2004/helios-market-bidding-engine/contents/README.md?ref=main"",
  ""html_url"": ""https://github.com/To2004/helios-market-bidding-engine/blob/main/README.md"",
  ""git_url"": ""https://api.github.com/repos/To2004/helios-market-bidding-engine/git/blobs/84c80adaf93c06a8651d11d911f9c4ebdac211c0"",
  ""download_url"": ""https://raw.githubusercontent.com/To2004/helios-market-bidding-engine/main/README.md?token=BEGUPZCWTOC3I5BSI4HEWKDKORXMRAA"",
  ""type"": ""file"",
  ""content"": ""# helios-market-bidding-engine\n\nDay-ahead and intraday bidding strategy code. The strategy parameters are market-sensitive.\n"",
  ""encoding"": ""base64"",
  ""_links"": {
    ""self"": ""https://api.github.com/repos/To2004/helios-market-bidding-engine/contents/README.md?ref=main"",
    ""git"": ""https://api.github.com/repos/To2004/helios-market-bidding-engine/git/blobs/84c80adaf93c06a8651d11d911f9c4ebdac211c0"",
    ""html"": ""https://github.com/To2004/helios-market-bidding-engine/blob/main/README.md""
  }
}",v8_scale,false
400,2026-08-06T14:00:40,github_helios,scale@github_helios,SCALE,helios-market-bidding-engine,list_commits,OK,"{""owner"": ""To2004"", ""repo"": ""helios-market-bidding-engine""}","[
  {
    ""sha"": ""a613e0fc87d5a8a8497ed30b562b87a6eaef761f"",
    ""node_id"": ""C_kwDOTm9Su9oAKGE2MTNlMGZjODdkNWE4YTg0OTdlZDMwYjU2MmI4N2E2ZWFlZjc2MWY"",
    ""commit"": {
      ""author"": {
        ""name"": ""To2004"",
        ""email"": ""151865316+To2004@users.noreply.github.com"",
        ""date"": ""2026-07-29T09:02:45Z""
      },
      ""committer"": {
        ""name"": ""To2004"",
        ""email"": ""151865316+To2004@users.noreply.github.com"",
        ""date"": ""2026-07-29T09:02:45Z""
      },
      ""message"": ""Add strategy/ramp.md"",
      ""tree"": {
        ""sha"": ""752431b140170d3578b05a95aeb8886445c10180"",
        ""url"": ""https://api.github.com/repos/To2004/helios-market-bidding-engine/git/trees/752431b140170d3578b05a95aeb8886445c10180""
      },
      ""url"": ""https://api.github.com/repos/To2004/helios-market-bidding-engine/git/commits/a613e0fc87d5a8a8497ed30b562b87a6eaef761f"",
      ""comment_count"": 0,
      ""verification"": {
        ""verified"": false,
        ""reason"": ""unsigned"",
        ""signature"": null,
        ""payload"": null,
        ""verified_at"": null
      }
    },
    ""url"": ""https://api.github.com/repos/To2004/helios-market-bidding-engine/commits/a613e0fc87d5a8a8497ed30b562b87a6eaef761f"",
    ""html_url"": ""https://github.com/To2004/helios-market-bidding-engine/commit/a613e0fc87d5a8a8497ed30b562b87a6eaef761f"",
    ""comments_url"": ""https://api.github.com/repos/To2004/helios-market-bidding-engine/commits/a613e0fc87d5a8a8497ed30b562b87a6eaef761f/comments"",
    ""author"": {
      ""login"": ""To",v8_scale,false
401,2026-08-06T14:00:41,github_helios,scale@github_helios,SCALE,helios-market-bidding-engine,list_issues,OK,"{""owner"": ""To2004"", ""repo"": ""helios-market-bidding-engine"", ""state"": ""all""}","[
  {
    ""url"": ""https://api.github.com/repos/To2004/helios-market-bidding-engine/issues/10"",
    ""repository_url"": ""https://api.github.com/repos/To2004/helios-market-bidding-engine"",
    ""labels_url"": ""https://api.github.com/repos/To2004/helios-market-bidding-engine/issues/10/labels{/name}"",
    ""comments_url"": ""https://api.github.com/repos/To2004/helios-market-bidding-engine/issues/10/comments"",
    ""events_url"": ""https://api.github.com/repos/To2004/helios-market-bidding-engine/issues/10/events"",
    ""html_url"": ""https://github.com/To2004/helios-market-bidding-engine/issues/10"",
    ""id"": 5080617833,
    ""node_id"": ""I_kwDOTm9Su88AAAABLtQTaQ"",
    ""number"": 10,
    ""title"": ""[mcp-v8-scale] issue"",
    ""user"": {
      ""login"": ""To2004"",
      ""id"": 151865316,
      ""node_id"": ""U_kgDOCQ1H5A"",
      ""avatar_url"": ""https://avatars.githubusercontent.com/u/151865316?v=4"",
      ""gravatar_id"": """",
      ""url"": ""https://api.github.com/users/To2004"",
      ""html_url"": ""https://github.com/To2004"",
      ""followers_url"": ""https://api.github.com/users/To2004/followers"",
      ""following_url"": ""https://api.github.com/users/To2004/following{/other_user}"",
      ""gists_url"": ""https://api.github.com/users/To2004/gists{/gist_id}"",
      ""starred_url"": ""https://api.github.com/users/To2004/starred{/owner}{/repo}"",
      ""subscriptions_url"": ""https://api.github.com/users/To2004/subscriptions"",
      ""organizations_url"": ""https://api.github.com/users/To2004/orgs"",
      ""repos_url"": ""https://ap",v8_scale,false
402,2026-08-06T14:00:42,github_helios,scale@github_helios,SCALE,helios-market-bidding-engine,get_issue,OK,"{""owner"": ""To2004"", ""repo"": ""helios-market-bidding-engine"", ""issue_number"": 10}","{
  ""url"": ""https://api.github.com/repos/To2004/helios-market-bidding-engine/issues/10"",
  ""repository_url"": ""https://api.github.com/repos/To2004/helios-market-bidding-engine"",
  ""labels_url"": ""https://api.github.com/repos/To2004/helios-market-bidding-engine/issues/10/labels{/name}"",
  ""comments_url"": ""https://api.github.com/repos/To2004/helios-market-bidding-engine/issues/10/comments"",
  ""events_url"": ""https://api.github.com/repos/To2004/helios-market-bidding-engine/issues/10/events"",
  ""html_url"": ""https://github.com/To2004/helios-market-bidding-engine/issues/10"",
  ""id"": 5080617833,
  ""node_id"": ""I_kwDOTm9Su88AAAABLtQTaQ"",
  ""number"": 10,
  ""title"": ""[mcp-v8-scale] issue"",
  ""user"": {
    ""login"": ""To2004"",
    ""id"": 151865316,
    ""node_id"": ""U_kgDOCQ1H5A"",
    ""avatar_url"": ""https://avatars.githubusercontent.com/u/151865316?v=4"",
    ""gravatar_id"": """",
    ""url"": ""https://api.github.com/users/To2004"",
    ""html_url"": ""https://github.com/To2004"",
    ""followers_url"": ""https://api.github.com/users/To2004/followers"",
    ""following_url"": ""https://api.github.com/users/To2004/following{/other_user}"",
    ""gists_url"": ""https://api.github.com/users/To2004/gists{/gist_id}"",
    ""starred_url"": ""https://api.github.com/users/To2004/starred{/owner}{/repo}"",
    ""subscriptions_url"": ""https://api.github.com/users/To2004/subscriptions"",
    ""organizations_url"": ""https://api.github.com/users/To2004/orgs"",
    ""repos_url"": ""https://api.github.com/users/To2004/repos"",
    ""events_url"": ""h",v8_scale,false
403,2026-08-06T14:00:43,github_helios,scale@github_helios,SCALE,helios-market-bidding-engine,get_issue,OK,"{""owner"": ""To2004"", ""repo"": ""helios-market-bidding-engine"", ""issue_number"": 9}","{
  ""url"": ""https://api.github.com/repos/To2004/helios-market-bidding-engine/issues/9"",
  ""repository_url"": ""https://api.github.com/repos/To2004/helios-market-bidding-engine"",
  ""labels_url"": ""https://api.github.com/repos/To2004/helios-market-bidding-engine/issues/9/labels{/name}"",
  ""comments_url"": ""https://api.github.com/repos/To2004/helios-market-bidding-engine/issues/9/comments"",
  ""events_url"": ""https://api.github.com/repos/To2004/helios-market-bidding-engine/issues/9/events"",
  ""html_url"": ""https://github.com/To2004/helios-market-bidding-engine/pull/9"",
  ""id"": 5080617206,
  ""node_id"": ""PR_kwDOTm9Su877jlnA"",
  ""number"": 9,
  ""title"": ""[mcp-v8-scale] PR"",
  ""user"": {
    ""login"": ""To2004"",
    ""id"": 151865316,
    ""node_id"": ""U_kgDOCQ1H5A"",
    ""avatar_url"": ""https://avatars.githubusercontent.com/u/151865316?v=4"",
    ""gravatar_id"": """",
    ""url"": ""https://api.github.com/users/To2004"",
    ""html_url"": ""https://github.com/To2004"",
    ""followers_url"": ""https://api.github.com/users/To2004/followers"",
    ""following_url"": ""https://api.github.com/users/To2004/following{/other_user}"",
    ""gists_url"": ""https://api.github.com/users/To2004/gists{/gist_id}"",
    ""starred_url"": ""https://api.github.com/users/To2004/starred{/owner}{/repo}"",
    ""subscriptions_url"": ""https://api.github.com/users/To2004/subscriptions"",
    ""organizations_url"": ""https://api.github.com/users/To2004/orgs"",
    ""repos_url"": ""https://api.github.com/users/To2004/repos"",
    ""events_url"": ""https://api.githu",v8_scale,false
404,2026-08-06T14:00:44,github_helios,scale@github_helios,SCALE,helios-market-bidding-engine,list_pull_requests,OK,"{""owner"": ""To2004"", ""repo"": ""helios-market-bidding-engine"", ""state"": ""all""}","[
  {
    ""url"": ""https://api.github.com/repos/To2004/helios-market-bidding-engine/pulls/9"",
    ""id"": 4220410304,
    ""node_id"": ""PR_kwDOTm9Su877jlnA"",
    ""html_url"": ""https://github.com/To2004/helios-market-bidding-engine/pull/9"",
    ""diff_url"": ""https://github.com/To2004/helios-market-bidding-engine/pull/9.diff"",
    ""patch_url"": ""https://github.com/To2004/helios-market-bidding-engine/pull/9.patch"",
    ""issue_url"": ""https://api.github.com/repos/To2004/helios-market-bidding-engine/issues/9"",
    ""number"": 9,
    ""state"": ""closed"",
    ""locked"": false,
    ""title"": ""[mcp-v8-scale] PR"",
    ""user"": {
      ""login"": ""To2004"",
      ""id"": 151865316,
      ""avatar_url"": ""https://avatars.githubusercontent.com/u/151865316?v=4"",
      ""url"": ""https://api.github.com/users/To2004"",
      ""html_url"": ""https://github.com/To2004""
    },
    ""body"": ""[mcp-v8-scale]"",
    ""created_at"": ""2026-08-06T11:21:26Z"",
    ""updated_at"": ""2026-08-06T11:21:36Z"",
    ""closed_at"": ""2026-08-06T11:21:31Z"",
    ""merged_at"": ""2026-08-06T11:21:31Z"",
    ""merge_commit_sha"": ""de6466f86a81a1520eba6aeb7a5d2bc33b52d7d9"",
    ""assignee"": null,
    ""assignees"": [],
    ""requested_reviewers"": [],
    ""labels"": [],
    ""head"": {
      ""label"": ""To2004:scale/2026-08-06-helios-m"",
      ""ref"": ""scale/2026-08-06-helios-m"",
      ""sha"": ""324cbc66b177e7b22ebaa8f2c6a23c7dde7fc4b2"",
      ""user"": {
        ""login"": ""To2004"",
        ""id"": 151865316,
        ""avatar_url"": ""https://avatars.githubusercontent.com/u/15186531",v8_scale,false
405,2026-08-06T14:00:45,github_helios,scale@github_helios,SCALE,helios-market-bidding-engine,get_pull_request,OK,"{""owner"": ""To2004"", ""repo"": ""helios-market-bidding-engine"", ""pull_number"": 9}","{
  ""url"": ""https://api.github.com/repos/To2004/helios-market-bidding-engine/pulls/9"",
  ""id"": 4220410304,
  ""node_id"": ""PR_kwDOTm9Su877jlnA"",
  ""html_url"": ""https://github.com/To2004/helios-market-bidding-engine/pull/9"",
  ""diff_url"": ""https://github.com/To2004/helios-market-bidding-engine/pull/9.diff"",
  ""patch_url"": ""https://github.com/To2004/helios-market-bidding-engine/pull/9.patch"",
  ""issue_url"": ""https://api.github.com/repos/To2004/helios-market-bidding-engine/issues/9"",
  ""number"": 9,
  ""state"": ""closed"",
  ""locked"": false,
  ""title"": ""[mcp-v8-scale] PR"",
  ""user"": {
    ""login"": ""To2004"",
    ""id"": 151865316,
    ""avatar_url"": ""https://avatars.githubusercontent.com/u/151865316?v=4"",
    ""url"": ""https://api.github.com/users/To2004"",
    ""html_url"": ""https://github.com/To2004""
  },
  ""body"": ""[mcp-v8-scale]"",
  ""created_at"": ""2026-08-06T11:21:26Z"",
  ""updated_at"": ""2026-08-06T11:21:36Z"",
  ""closed_at"": ""2026-08-06T11:21:31Z"",
  ""merged_at"": ""2026-08-06T11:21:31Z"",
  ""merge_commit_sha"": ""de6466f86a81a1520eba6aeb7a5d2bc33b52d7d9"",
  ""assignee"": null,
  ""assignees"": [],
  ""requested_reviewers"": [],
  ""labels"": [],
  ""head"": {
    ""label"": ""To2004:scale/2026-08-06-helios-m"",
    ""ref"": ""scale/2026-08-06-helios-m"",
    ""sha"": ""324cbc66b177e7b22ebaa8f2c6a23c7dde7fc4b2"",
    ""user"": {
      ""login"": ""To2004"",
      ""id"": 151865316,
      ""avatar_url"": ""https://avatars.githubusercontent.com/u/151865316?v=4"",
      ""url"": ""https://api.github.com/users/To2004"",
      ""html_url""",v8_scale,false
406,2026-08-06T14:00:46,github_helios,scale@github_helios,SCALE,helios-market-bidding-engine,get_pull_request_files,OK,"{""owner"": ""To2004"", ""repo"": ""helios-market-bidding-engine"", ""pull_number"": 9}","[
  {
    ""sha"": ""ca5f323e964e66f2308a25f5ab94f6fb836018d9"",
    ""filename"": ""scale-2026-08-06-b.md"",
    ""status"": ""added"",
    ""additions"": 1,
    ""deletions"": 0,
    ""changes"": 1,
    ""blob_url"": ""https://github.com/To2004/helios-market-bidding-engine/blob/324cbc66b177e7b22ebaa8f2c6a23c7dde7fc4b2/scale-2026-08-06-b.md"",
    ""raw_url"": ""https://github.com/To2004/helios-market-bidding-engine/raw/324cbc66b177e7b22ebaa8f2c6a23c7dde7fc4b2/scale-2026-08-06-b.md"",
    ""contents_url"": ""https://api.github.com/repos/To2004/helios-market-bidding-engine/contents/scale-2026-08-06-b.md?ref=324cbc66b177e7b22ebaa8f2c6a23c7dde7fc4b2"",
    ""patch"": ""@@ -0,0 +1 @@\n+[mcp-v8-scale]""
  },
  {
    ""sha"": ""ca5f323e964e66f2308a25f5ab94f6fb836018d9"",
    ""filename"": ""scale-2026-08-06.md"",
    ""status"": ""added"",
    ""additions"": 1,
    ""deletions"": 0,
    ""changes"": 1,
    ""blob_url"": ""https://github.com/To2004/helios-market-bidding-engine/blob/324cbc66b177e7b22ebaa8f2c6a23c7dde7fc4b2/scale-2026-08-06.md"",
    ""raw_url"": ""https://github.com/To2004/helios-market-bidding-engine/raw/324cbc66b177e7b22ebaa8f2c6a23c7dde7fc4b2/scale-2026-08-06.md"",
    ""contents_url"": ""https://api.github.com/repos/To2004/helios-market-bidding-engine/contents/scale-2026-08-06.md?ref=324cbc66b177e7b22ebaa8f2c6a23c7dde7fc4b2"",
    ""patch"": ""@@ -0,0 +1 @@\n+[mcp-v8-scale]""
  }
]",v8_scale,false
407,2026-08-06T14:00:47,github_helios,scale@github_helios,SCALE,helios-market-bidding-engine,get_pull_request_status,OK,"{""owner"": ""To2004"", ""repo"": ""helios-market-bidding-engine"", ""pull_number"": 9}","{
  ""state"": ""pending"",
  ""statuses"": [],
  ""sha"": ""324cbc66b177e7b22ebaa8f2c6a23c7dde7fc4b2"",
  ""total_count"": 0
}",v8_scale,false
408,2026-08-06T14:00:48,github_helios,scale@github_helios,SCALE,helios-market-bidding-engine,get_pull_request_comments,OK,"{""owner"": ""To2004"", ""repo"": ""helios-market-bidding-engine"", ""pull_number"": 9}",[],v8_scale,false
409,2026-08-06T14:00:49,github_helios,scale@github_helios,SCALE,helios-market-bidding-engine,get_pull_request_reviews,OK,"{""owner"": ""To2004"", ""repo"": ""helios-market-bidding-engine"", ""pull_number"": 9}","[
  {
    ""id"": 4874072936,
    ""node_id"": ""PRR_kwDOTm9Su88AAAABIoRzaA"",
    ""user"": {
      ""login"": ""To2004"",
      ""id"": 151865316,
      ""avatar_url"": ""https://avatars.githubusercontent.com/u/151865316?v=4"",
      ""url"": ""https://api.github.com/users/To2004"",
      ""html_url"": ""https://github.com/To2004""
    },
    ""body"": ""[mcp-v8-scale] review"",
    ""state"": ""COMMENTED"",
    ""html_url"": ""https://github.com/To2004/helios-market-bidding-engine/pull/9#pullrequestreview-4874072936"",
    ""pull_request_url"": ""https://api.github.com/repos/To2004/helios-market-bidding-engine/pulls/9"",
    ""commit_id"": ""324cbc66b177e7b22ebaa8f2c6a23c7dde7fc4b2"",
    ""submitted_at"": ""2026-08-06T11:21:28Z"",
    ""author_association"": ""OWNER""
  }
]",v8_scale,false
410,2026-08-06T14:00:50,github_helios,scale@github_helios,SCALE,code-records,search_code,OK,"{""q"": ""repo:To2004/helios-market-bidding-engine review""}","{
  ""total_count"": 0,
  ""incomplete_results"": false,
  ""items"": []
}",v8_scale,false
411,2026-08-06T14:00:51,github_helios,scale@github_helios,SCALE,helios-scada-gateway,get_file_contents,OK,"{""owner"": ""To2004"", ""repo"": ""helios-scada-gateway"", ""path"": ""README.md""}","{
  ""name"": ""README.md"",
  ""path"": ""README.md"",
  ""sha"": ""aa474c8de7c3844706c223a210447c93abc62044"",
  ""size"": 157,
  ""url"": ""https://api.github.com/repos/To2004/helios-scada-gateway/contents/README.md?ref=main"",
  ""html_url"": ""https://github.com/To2004/helios-scada-gateway/blob/main/README.md"",
  ""git_url"": ""https://api.github.com/repos/To2004/helios-scada-gateway/git/blobs/aa474c8de7c3844706c223a210447c93abc62044"",
  ""download_url"": ""https://raw.githubusercontent.com/To2004/helios-scada-gateway/main/README.md?token=BEGUPZAS6U5MHDDX4YLBSWLKORXM5AA"",
  ""type"": ""file"",
  ""content"": ""# helios-scada-gateway\n\nProtocol gateway fronting the transmission SCADA estate. Code here sits on the control-room path and is a NERC CIP BES cyber system.\n"",
  ""encoding"": ""base64"",
  ""_links"": {
    ""self"": ""https://api.github.com/repos/To2004/helios-scada-gateway/contents/README.md?ref=main"",
    ""git"": ""https://api.github.com/repos/To2004/helios-scada-gateway/git/blobs/aa474c8de7c3844706c223a210447c93abc62044"",
    ""html"": ""https://github.com/To2004/helios-scada-gateway/blob/main/README.md""
  }
}",v8_scale,false
412,2026-08-06T14:00:52,github_helios,scale@github_helios,SCALE,helios-scada-gateway,list_commits,OK,"{""owner"": ""To2004"", ""repo"": ""helios-scada-gateway""}","[
  {
    ""sha"": ""4884c7ec5dab7812f2dc1dbc5cebcc25b6ea2018"",
    ""node_id"": ""C_kwDOTm9SOtoAKDQ4ODRjN2VjNWRhYjc4MTJmMmRjMWRiYzVjZWJjYzI1YjZlYTIwMTg"",
    ""commit"": {
      ""author"": {
        ""name"": ""To2004"",
        ""email"": ""151865316+To2004@users.noreply.github.com"",
        ""date"": ""2026-08-03T10:17:09Z""
      },
      ""committer"": {
        ""name"": ""To2004"",
        ""email"": ""151865316+To2004@users.noreply.github.com"",
        ""date"": ""2026-08-03T10:17:09Z""
      },
      ""message"": ""[mcp-scale-corpus] cleanup"",
      ""tree"": {
        ""sha"": ""90e1ebb47af419858a49cd8c592679579c95f642"",
        ""url"": ""https://api.github.com/repos/To2004/helios-scada-gateway/git/trees/90e1ebb47af419858a49cd8c592679579c95f642""
      },
      ""url"": ""https://api.github.com/repos/To2004/helios-scada-gateway/git/commits/4884c7ec5dab7812f2dc1dbc5cebcc25b6ea2018"",
      ""comment_count"": 0,
      ""verification"": {
        ""verified"": false,
        ""reason"": ""unsigned"",
        ""signature"": null,
        ""payload"": null,
        ""verified_at"": null
      }
    },
    ""url"": ""https://api.github.com/repos/To2004/helios-scada-gateway/commits/4884c7ec5dab7812f2dc1dbc5cebcc25b6ea2018"",
    ""html_url"": ""https://github.com/To2004/helios-scada-gateway/commit/4884c7ec5dab7812f2dc1dbc5cebcc25b6ea2018"",
    ""comments_url"": ""https://api.github.com/repos/To2004/helios-scada-gateway/commits/4884c7ec5dab7812f2dc1dbc5cebcc25b6ea2018/comments"",
    ""author"": {
      ""login"": ""To2004"",
      ""id"": 151865316,
    ",v8_scale,false
413,2026-08-06T14:00:53,github_helios,scale@github_helios,SCALE,helios-scada-gateway,list_issues,OK,"{""owner"": ""To2004"", ""repo"": ""helios-scada-gateway"", ""state"": ""all""}","[
  {
    ""url"": ""https://api.github.com/repos/To2004/helios-scada-gateway/issues/32"",
    ""repository_url"": ""https://api.github.com/repos/To2004/helios-scada-gateway"",
    ""labels_url"": ""https://api.github.com/repos/To2004/helios-scada-gateway/issues/32/labels{/name}"",
    ""comments_url"": ""https://api.github.com/repos/To2004/helios-scada-gateway/issues/32/comments"",
    ""events_url"": ""https://api.github.com/repos/To2004/helios-scada-gateway/issues/32/events"",
    ""html_url"": ""https://github.com/To2004/helios-scada-gateway/issues/32"",
    ""id"": 5080620170,
    ""node_id"": ""I_kwDOTm9SOs8AAAABLtQcig"",
    ""number"": 32,
    ""title"": ""[mcp-v8-scale] issue"",
    ""user"": {
      ""login"": ""To2004"",
      ""id"": 151865316,
      ""node_id"": ""U_kgDOCQ1H5A"",
      ""avatar_url"": ""https://avatars.githubusercontent.com/u/151865316?v=4"",
      ""gravatar_id"": """",
      ""url"": ""https://api.github.com/users/To2004"",
      ""html_url"": ""https://github.com/To2004"",
      ""followers_url"": ""https://api.github.com/users/To2004/followers"",
      ""following_url"": ""https://api.github.com/users/To2004/following{/other_user}"",
      ""gists_url"": ""https://api.github.com/users/To2004/gists{/gist_id}"",
      ""starred_url"": ""https://api.github.com/users/To2004/starred{/owner}{/repo}"",
      ""subscriptions_url"": ""https://api.github.com/users/To2004/subscriptions"",
      ""organizations_url"": ""https://api.github.com/users/To2004/orgs"",
      ""repos_url"": ""https://api.github.com/users/To2004/repos"",
      ""events_",v8_scale,false
414,2026-08-06T14:00:54,github_helios,scale@github_helios,SCALE,helios-scada-gateway,get_issue,OK,"{""owner"": ""To2004"", ""repo"": ""helios-scada-gateway"", ""issue_number"": 32}","{
  ""url"": ""https://api.github.com/repos/To2004/helios-scada-gateway/issues/32"",
  ""repository_url"": ""https://api.github.com/repos/To2004/helios-scada-gateway"",
  ""labels_url"": ""https://api.github.com/repos/To2004/helios-scada-gateway/issues/32/labels{/name}"",
  ""comments_url"": ""https://api.github.com/repos/To2004/helios-scada-gateway/issues/32/comments"",
  ""events_url"": ""https://api.github.com/repos/To2004/helios-scada-gateway/issues/32/events"",
  ""html_url"": ""https://github.com/To2004/helios-scada-gateway/issues/32"",
  ""id"": 5080620170,
  ""node_id"": ""I_kwDOTm9SOs8AAAABLtQcig"",
  ""number"": 32,
  ""title"": ""[mcp-v8-scale] issue"",
  ""user"": {
    ""login"": ""To2004"",
    ""id"": 151865316,
    ""node_id"": ""U_kgDOCQ1H5A"",
    ""avatar_url"": ""https://avatars.githubusercontent.com/u/151865316?v=4"",
    ""gravatar_id"": """",
    ""url"": ""https://api.github.com/users/To2004"",
    ""html_url"": ""https://github.com/To2004"",
    ""followers_url"": ""https://api.github.com/users/To2004/followers"",
    ""following_url"": ""https://api.github.com/users/To2004/following{/other_user}"",
    ""gists_url"": ""https://api.github.com/users/To2004/gists{/gist_id}"",
    ""starred_url"": ""https://api.github.com/users/To2004/starred{/owner}{/repo}"",
    ""subscriptions_url"": ""https://api.github.com/users/To2004/subscriptions"",
    ""organizations_url"": ""https://api.github.com/users/To2004/orgs"",
    ""repos_url"": ""https://api.github.com/users/To2004/repos"",
    ""events_url"": ""https://api.github.com/users/To2004/events{/priva",v8_scale,false
415,2026-08-06T14:00:55,github_helios,scale@github_helios,SCALE,helios-scada-gateway,get_issue,OK,"{""owner"": ""To2004"", ""repo"": ""helios-scada-gateway"", ""issue_number"": 31}","{
  ""url"": ""https://api.github.com/repos/To2004/helios-scada-gateway/issues/31"",
  ""repository_url"": ""https://api.github.com/repos/To2004/helios-scada-gateway"",
  ""labels_url"": ""https://api.github.com/repos/To2004/helios-scada-gateway/issues/31/labels{/name}"",
  ""comments_url"": ""https://api.github.com/repos/To2004/helios-scada-gateway/issues/31/comments"",
  ""events_url"": ""https://api.github.com/repos/To2004/helios-scada-gateway/issues/31/events"",
  ""html_url"": ""https://github.com/To2004/helios-scada-gateway/pull/31"",
  ""id"": 5080619411,
  ""node_id"": ""PR_kwDOTm9SOs77jmE5"",
  ""number"": 31,
  ""title"": ""[mcp-v8-scale] PR"",
  ""user"": {
    ""login"": ""To2004"",
    ""id"": 151865316,
    ""node_id"": ""U_kgDOCQ1H5A"",
    ""avatar_url"": ""https://avatars.githubusercontent.com/u/151865316?v=4"",
    ""gravatar_id"": """",
    ""url"": ""https://api.github.com/users/To2004"",
    ""html_url"": ""https://github.com/To2004"",
    ""followers_url"": ""https://api.github.com/users/To2004/followers"",
    ""following_url"": ""https://api.github.com/users/To2004/following{/other_user}"",
    ""gists_url"": ""https://api.github.com/users/To2004/gists{/gist_id}"",
    ""starred_url"": ""https://api.github.com/users/To2004/starred{/owner}{/repo}"",
    ""subscriptions_url"": ""https://api.github.com/users/To2004/subscriptions"",
    ""organizations_url"": ""https://api.github.com/users/To2004/orgs"",
    ""repos_url"": ""https://api.github.com/users/To2004/repos"",
    ""events_url"": ""https://api.github.com/users/To2004/events{/privacy}"",
    ",v8_scale,false
416,2026-08-06T14:00:56,github_helios,scale@github_helios,SCALE,helios-scada-gateway,list_pull_requests,OK,"{""owner"": ""To2004"", ""repo"": ""helios-scada-gateway"", ""state"": ""all""}","[
  {
    ""url"": ""https://api.github.com/repos/To2004/helios-scada-gateway/pulls/31"",
    ""id"": 4220412217,
    ""node_id"": ""PR_kwDOTm9SOs77jmE5"",
    ""html_url"": ""https://github.com/To2004/helios-scada-gateway/pull/31"",
    ""diff_url"": ""https://github.com/To2004/helios-scada-gateway/pull/31.diff"",
    ""patch_url"": ""https://github.com/To2004/helios-scada-gateway/pull/31.patch"",
    ""issue_url"": ""https://api.github.com/repos/To2004/helios-scada-gateway/issues/31"",
    ""number"": 31,
    ""state"": ""closed"",
    ""locked"": false,
    ""title"": ""[mcp-v8-scale] PR"",
    ""user"": {
      ""login"": ""To2004"",
      ""id"": 151865316,
      ""avatar_url"": ""https://avatars.githubusercontent.com/u/151865316?v=4"",
      ""url"": ""https://api.github.com/users/To2004"",
      ""html_url"": ""https://github.com/To2004""
    },
    ""body"": ""[mcp-v8-scale]"",
    ""created_at"": ""2026-08-06T11:21:43Z"",
    ""updated_at"": ""2026-08-06T11:21:53Z"",
    ""closed_at"": ""2026-08-06T11:21:49Z"",
    ""merged_at"": ""2026-08-06T11:21:49Z"",
    ""merge_commit_sha"": ""b89e8936b791dc3b8d8b6967569996075dcb933d"",
    ""assignee"": null,
    ""assignees"": [],
    ""requested_reviewers"": [],
    ""labels"": [],
    ""head"": {
      ""label"": ""To2004:scale/2026-08-06-helios-s"",
      ""ref"": ""scale/2026-08-06-helios-s"",
      ""sha"": ""4b967d94d9fd069f599b129ddc216a2998d96601"",
      ""user"": {
        ""login"": ""To2004"",
        ""id"": 151865316,
        ""avatar_url"": ""https://avatars.githubusercontent.com/u/151865316?v=4"",
        ""url"": ""https://ap",v8_scale,false
417,2026-08-06T14:00:57,github_helios,scale@github_helios,SCALE,helios-scada-gateway,get_pull_request,OK,"{""owner"": ""To2004"", ""repo"": ""helios-scada-gateway"", ""pull_number"": 31}","{
  ""url"": ""https://api.github.com/repos/To2004/helios-scada-gateway/pulls/31"",
  ""id"": 4220412217,
  ""node_id"": ""PR_kwDOTm9SOs77jmE5"",
  ""html_url"": ""https://github.com/To2004/helios-scada-gateway/pull/31"",
  ""diff_url"": ""https://github.com/To2004/helios-scada-gateway/pull/31.diff"",
  ""patch_url"": ""https://github.com/To2004/helios-scada-gateway/pull/31.patch"",
  ""issue_url"": ""https://api.github.com/repos/To2004/helios-scada-gateway/issues/31"",
  ""number"": 31,
  ""state"": ""closed"",
  ""locked"": false,
  ""title"": ""[mcp-v8-scale] PR"",
  ""user"": {
    ""login"": ""To2004"",
    ""id"": 151865316,
    ""avatar_url"": ""https://avatars.githubusercontent.com/u/151865316?v=4"",
    ""url"": ""https://api.github.com/users/To2004"",
    ""html_url"": ""https://github.com/To2004""
  },
  ""body"": ""[mcp-v8-scale]"",
  ""created_at"": ""2026-08-06T11:21:43Z"",
  ""updated_at"": ""2026-08-06T11:21:53Z"",
  ""closed_at"": ""2026-08-06T11:21:49Z"",
  ""merged_at"": ""2026-08-06T11:21:49Z"",
  ""merge_commit_sha"": ""b89e8936b791dc3b8d8b6967569996075dcb933d"",
  ""assignee"": null,
  ""assignees"": [],
  ""requested_reviewers"": [],
  ""labels"": [],
  ""head"": {
    ""label"": ""To2004:scale/2026-08-06-helios-s"",
    ""ref"": ""scale/2026-08-06-helios-s"",
    ""sha"": ""4b967d94d9fd069f599b129ddc216a2998d96601"",
    ""user"": {
      ""login"": ""To2004"",
      ""id"": 151865316,
      ""avatar_url"": ""https://avatars.githubusercontent.com/u/151865316?v=4"",
      ""url"": ""https://api.github.com/users/To2004"",
      ""html_url"": ""https://github.com/To2004""
    ",v8_scale,false
418,2026-08-06T14:00:58,github_helios,scale@github_helios,SCALE,helios-scada-gateway,get_pull_request_files,OK,"{""owner"": ""To2004"", ""repo"": ""helios-scada-gateway"", ""pull_number"": 31}","[
  {
    ""sha"": ""ca5f323e964e66f2308a25f5ab94f6fb836018d9"",
    ""filename"": ""scale-2026-08-06-b.md"",
    ""status"": ""added"",
    ""additions"": 1,
    ""deletions"": 0,
    ""changes"": 1,
    ""blob_url"": ""https://github.com/To2004/helios-scada-gateway/blob/4b967d94d9fd069f599b129ddc216a2998d96601/scale-2026-08-06-b.md"",
    ""raw_url"": ""https://github.com/To2004/helios-scada-gateway/raw/4b967d94d9fd069f599b129ddc216a2998d96601/scale-2026-08-06-b.md"",
    ""contents_url"": ""https://api.github.com/repos/To2004/helios-scada-gateway/contents/scale-2026-08-06-b.md?ref=4b967d94d9fd069f599b129ddc216a2998d96601"",
    ""patch"": ""@@ -0,0 +1 @@\n+[mcp-v8-scale]""
  },
  {
    ""sha"": ""ca5f323e964e66f2308a25f5ab94f6fb836018d9"",
    ""filename"": ""scale-2026-08-06.md"",
    ""status"": ""added"",
    ""additions"": 1,
    ""deletions"": 0,
    ""changes"": 1,
    ""blob_url"": ""https://github.com/To2004/helios-scada-gateway/blob/4b967d94d9fd069f599b129ddc216a2998d96601/scale-2026-08-06.md"",
    ""raw_url"": ""https://github.com/To2004/helios-scada-gateway/raw/4b967d94d9fd069f599b129ddc216a2998d96601/scale-2026-08-06.md"",
    ""contents_url"": ""https://api.github.com/repos/To2004/helios-scada-gateway/contents/scale-2026-08-06.md?ref=4b967d94d9fd069f599b129ddc216a2998d96601"",
    ""patch"": ""@@ -0,0 +1 @@\n+[mcp-v8-scale]""
  }
]",v8_scale,false
419,2026-08-06T14:00:59,github_helios,scale@github_helios,SCALE,helios-scada-gateway,get_pull_request_status,OK,"{""owner"": ""To2004"", ""repo"": ""helios-scada-gateway"", ""pull_number"": 31}","{
  ""state"": ""pending"",
  ""statuses"": [],
  ""sha"": ""4b967d94d9fd069f599b129ddc216a2998d96601"",
  ""total_count"": 0
}",v8_scale,false
420,2026-08-06T14:00:00,github_helios,scale@github_helios,SCALE,helios-scada-gateway,get_pull_request_comments,OK,"{""owner"": ""To2004"", ""repo"": ""helios-scada-gateway"", ""pull_number"": 31}",[],v8_scale,false
421,2026-08-06T14:00:01,github_helios,scale@github_helios,SCALE,helios-scada-gateway,get_pull_request_reviews,OK,"{""owner"": ""To2004"", ""repo"": ""helios-scada-gateway"", ""pull_number"": 31}","[
  {
    ""id"": 4874074979,
    ""node_id"": ""PRR_kwDOTm9SOs8AAAABIoR7Yw"",
    ""user"": {
      ""login"": ""To2004"",
      ""id"": 151865316,
      ""avatar_url"": ""https://avatars.githubusercontent.com/u/151865316?v=4"",
      ""url"": ""https://api.github.com/users/To2004"",
      ""html_url"": ""https://github.com/To2004""
    },
    ""body"": ""[mcp-v8-scale] review"",
    ""state"": ""COMMENTED"",
    ""html_url"": ""https://github.com/To2004/helios-scada-gateway/pull/31#pullrequestreview-4874074979"",
    ""pull_request_url"": ""https://api.github.com/repos/To2004/helios-scada-gateway/pulls/31"",
    ""commit_id"": ""4b967d94d9fd069f599b129ddc216a2998d96601"",
    ""submitted_at"": ""2026-08-06T11:21:46Z"",
    ""author_association"": ""OWNER""
  }
]",v8_scale,false
422,2026-08-06T14:00:02,github_helios,scale@github_helios,SCALE,code-records,search_code,OK,"{""q"": ""repo:To2004/helios-scada-gateway review""}","{
  ""total_count"": 1,
  ""incomplete_results"": false,
  ""items"": [
    {
      ""name"": ""README.md"",
      ""path"": ""adapters/README.md"",
      ""sha"": ""b51b3d4f43290c140d385b1006f3aa9b0c40aa4e"",
      ""url"": ""https://api.github.com/repositories/1315918394/contents/adapters/README.md?ref=4884c7ec5dab7812f2dc1dbc5cebcc25b6ea2018"",
      ""git_url"": ""https://api.github.com/repositories/1315918394/git/blobs/b51b3d4f43290c140d385b1006f3aa9b0c40aa4e"",
      ""html_url"": ""https://github.com/To2004/helios-scada-gateway/blob/4884c7ec5dab7812f2dc1dbc5cebcc25b6ea2018/adapters/README.md"",
      ""repository"": {
        ""id"": 1315918394,
        ""node_id"": ""MDEwOlJlcG9zaXRvcnkxMzE1OTE4Mzk0"",
        ""name"": ""helios-scada-gateway"",
        ""full_name"": ""To2004/helios-scada-gateway"",
        ""owner"": {
          ""id"": 151865316,
          ""node_id"": ""U_kgDOCQ1H5A"",
          ""login"": ""To2004"",
          ""avatar_url"": ""https://avatars.githubusercontent.com/u/151865316?v=4"",
          ""gravatar_id"": """",
          ""url"": ""https://api.github.com/users/To2004"",
          ""html_url"": ""https://github.com/To2004"",
          ""type"": ""User"",
          ""site_admin"": false,
          ""followers_url"": ""https://api.github.com/users/To2004/followers"",
          ""following_url"": ""https://api.github.com/users/To2004/following{/other_user}"",
          ""gists_url"": ""https://api.github.com/users/To2004/gists{/gist_id}"",
          ""starred_url"": ""https://api.github.com/users/To2004/starred{/owner}{/repo}"",
          ",v8_scale,false
423,2026-08-06T14:00:03,github_helios,scale@github_helios,SCALE,helios-public-site,get_file_contents,OK,"{""owner"": ""To2004"", ""repo"": ""helios-public-site"", ""path"": ""README.md""}","{
  ""name"": ""README.md"",
  ""path"": ""README.md"",
  ""sha"": ""3fae114a8f96e771ccdfdcc6e38893fb79b20837"",
  ""size"": 94,
  ""url"": ""https://api.github.com/repos/To2004/helios-public-site/contents/README.md?ref=main"",
  ""html_url"": ""https://github.com/To2004/helios-public-site/blob/main/README.md"",
  ""git_url"": ""https://api.github.com/repos/To2004/helios-public-site/git/blobs/3fae114a8f96e771ccdfdcc6e38893fb79b20837"",
  ""download_url"": ""https://raw.githubusercontent.com/To2004/helios-public-site/main/README.md?token=BEGUPZGDNPJ4VOJRIS5FNMLKORXNLAA"",
  ""type"": ""file"",
  ""content"": ""# helios-public-site\n\nPublic Helios Grid website and network status pages. Already published.\n"",
  ""encoding"": ""base64"",
  ""_links"": {
    ""self"": ""https://api.github.com/repos/To2004/helios-public-site/contents/README.md?ref=main"",
    ""git"": ""https://api.github.com/repos/To2004/helios-public-site/git/blobs/3fae114a8f96e771ccdfdcc6e38893fb79b20837"",
    ""html"": ""https://github.com/To2004/helios-public-site/blob/main/README.md""
  }
}",v8_scale,false
424,2026-08-06T14:00:04,github_helios,scale@github_helios,SCALE,helios-public-site,list_commits,OK,"{""owner"": ""To2004"", ""repo"": ""helios-public-site""}","[
  {
    ""sha"": ""c042ca0ce26e1bd7c51220c7f4c9dc48d74f3898"",
    ""node_id"": ""C_kwDOTm9TQtoAKGMwNDJjYTBjZTI2ZTFiZDdjNTEyMjBjN2Y0YzlkYzQ4ZDc0ZjM4OTg"",
    ""commit"": {
      ""author"": {
        ""name"": ""To2004"",
        ""email"": ""151865316+To2004@users.noreply.github.com"",
        ""date"": ""2026-07-29T11:57:02Z""
      },
      ""committer"": {
        ""name"": ""GitHub"",
        ""email"": ""noreply@github.com"",
        ""date"": ""2026-07-29T11:57:02Z""
      },
      ""message"": ""Probe: tool/asset homing check (#1)\n\nProbe: verify merge_pull_request works"",
      ""tree"": {
        ""sha"": ""4e14f0cd2bfc694281e661b47c57d6a7bfc900ba"",
        ""url"": ""https://api.github.com/repos/To2004/helios-public-site/git/trees/4e14f0cd2bfc694281e661b47c57d6a7bfc900ba""
      },
      ""url"": ""https://api.github.com/repos/To2004/helios-public-site/git/commits/c042ca0ce26e1bd7c51220c7f4c9dc48d74f3898"",
      ""comment_count"": 0,
      ""verification"": {
        ""verified"": true,
        ""reason"": ""valid"",
        ""signature"": ""-----BEGIN PGP SIGNATURE-----\n\nwsFcBAABCAAQBQJqaeqOCRC1aQ7uu5UhlAAAuq0QAJkHCAafKOP+OctKs57G64Hw\nIyygS5L0141IlKedaWwDSAPfokO4fZoYyoVz7Os4/7ZVB8ePL7jWk1TiDneWcFNC\nVvRLtqiGGGLaqIEIBES44S4xXzU8FnQJHrdW+piqhT/j34jl3MkrUXnlNRepn7Xq\nBJC6IB09uATBpQkbGAmk71BV3PGZd61rgkjDyYoRpEdOStQAD+C3X2Ul60f5/HnO\n5Y051CjkQ4HqQrMAl46BMRVU2ROLd3LlgTEenxLyf0ZSrOeChH1Y0JCm+lMYRLZM\nb1n2ow23Gs/NMUtiRP5ORsftX+NkvEOAaU+uHAB75xmN4x1xum1Y50B1FC3oc+tX\nGHEs+iKSQ3UphV9jfC9JybdaIvmVd/6sE9kw7h4cFZ6wmGKoFrrlZ28TWdmyBGVZ",v8_scale,false
425,2026-08-06T14:00:05,github_helios,scale@github_helios,SCALE,helios-public-site,list_issues,OK,"{""owner"": ""To2004"", ""repo"": ""helios-public-site"", ""state"": ""all""}","[
  {
    ""url"": ""https://api.github.com/repos/To2004/helios-public-site/issues/29"",
    ""repository_url"": ""https://api.github.com/repos/To2004/helios-public-site"",
    ""labels_url"": ""https://api.github.com/repos/To2004/helios-public-site/issues/29/labels{/name}"",
    ""comments_url"": ""https://api.github.com/repos/To2004/helios-public-site/issues/29/comments"",
    ""events_url"": ""https://api.github.com/repos/To2004/helios-public-site/issues/29/events"",
    ""html_url"": ""https://github.com/To2004/helios-public-site/issues/29"",
    ""id"": 5080622301,
    ""node_id"": ""I_kwDOTm9TQs8AAAABLtQk3Q"",
    ""number"": 29,
    ""title"": ""[mcp-v8-scale] issue"",
    ""user"": {
      ""login"": ""To2004"",
      ""id"": 151865316,
      ""node_id"": ""U_kgDOCQ1H5A"",
      ""avatar_url"": ""https://avatars.githubusercontent.com/u/151865316?v=4"",
      ""gravatar_id"": """",
      ""url"": ""https://api.github.com/users/To2004"",
      ""html_url"": ""https://github.com/To2004"",
      ""followers_url"": ""https://api.github.com/users/To2004/followers"",
      ""following_url"": ""https://api.github.com/users/To2004/following{/other_user}"",
      ""gists_url"": ""https://api.github.com/users/To2004/gists{/gist_id}"",
      ""starred_url"": ""https://api.github.com/users/To2004/starred{/owner}{/repo}"",
      ""subscriptions_url"": ""https://api.github.com/users/To2004/subscriptions"",
      ""organizations_url"": ""https://api.github.com/users/To2004/orgs"",
      ""repos_url"": ""https://api.github.com/users/To2004/repos"",
      ""events_url"": ""https",v8_scale,false
426,2026-08-06T14:00:06,github_helios,scale@github_helios,SCALE,helios-public-site,get_issue,OK,"{""owner"": ""To2004"", ""repo"": ""helios-public-site"", ""issue_number"": 29}","{
  ""url"": ""https://api.github.com/repos/To2004/helios-public-site/issues/29"",
  ""repository_url"": ""https://api.github.com/repos/To2004/helios-public-site"",
  ""labels_url"": ""https://api.github.com/repos/To2004/helios-public-site/issues/29/labels{/name}"",
  ""comments_url"": ""https://api.github.com/repos/To2004/helios-public-site/issues/29/comments"",
  ""events_url"": ""https://api.github.com/repos/To2004/helios-public-site/issues/29/events"",
  ""html_url"": ""https://github.com/To2004/helios-public-site/issues/29"",
  ""id"": 5080622301,
  ""node_id"": ""I_kwDOTm9TQs8AAAABLtQk3Q"",
  ""number"": 29,
  ""title"": ""[mcp-v8-scale] issue"",
  ""user"": {
    ""login"": ""To2004"",
    ""id"": 151865316,
    ""node_id"": ""U_kgDOCQ1H5A"",
    ""avatar_url"": ""https://avatars.githubusercontent.com/u/151865316?v=4"",
    ""gravatar_id"": """",
    ""url"": ""https://api.github.com/users/To2004"",
    ""html_url"": ""https://github.com/To2004"",
    ""followers_url"": ""https://api.github.com/users/To2004/followers"",
    ""following_url"": ""https://api.github.com/users/To2004/following{/other_user}"",
    ""gists_url"": ""https://api.github.com/users/To2004/gists{/gist_id}"",
    ""starred_url"": ""https://api.github.com/users/To2004/starred{/owner}{/repo}"",
    ""subscriptions_url"": ""https://api.github.com/users/To2004/subscriptions"",
    ""organizations_url"": ""https://api.github.com/users/To2004/orgs"",
    ""repos_url"": ""https://api.github.com/users/To2004/repos"",
    ""events_url"": ""https://api.github.com/users/To2004/events{/privacy}"",
    ""r",v8_scale,false
427,2026-08-06T14:00:07,github_helios,scale@github_helios,SCALE,helios-public-site,get_issue,OK,"{""owner"": ""To2004"", ""repo"": ""helios-public-site"", ""issue_number"": 28}","{
  ""url"": ""https://api.github.com/repos/To2004/helios-public-site/issues/28"",
  ""repository_url"": ""https://api.github.com/repos/To2004/helios-public-site"",
  ""labels_url"": ""https://api.github.com/repos/To2004/helios-public-site/issues/28/labels{/name}"",
  ""comments_url"": ""https://api.github.com/repos/To2004/helios-public-site/issues/28/comments"",
  ""events_url"": ""https://api.github.com/repos/To2004/helios-public-site/issues/28/events"",
  ""html_url"": ""https://github.com/To2004/helios-public-site/pull/28"",
  ""id"": 5080621582,
  ""node_id"": ""PR_kwDOTm9TQs77jmip"",
  ""number"": 28,
  ""title"": ""[mcp-v8-scale] PR"",
  ""user"": {
    ""login"": ""To2004"",
    ""id"": 151865316,
    ""node_id"": ""U_kgDOCQ1H5A"",
    ""avatar_url"": ""https://avatars.githubusercontent.com/u/151865316?v=4"",
    ""gravatar_id"": """",
    ""url"": ""https://api.github.com/users/To2004"",
    ""html_url"": ""https://github.com/To2004"",
    ""followers_url"": ""https://api.github.com/users/To2004/followers"",
    ""following_url"": ""https://api.github.com/users/To2004/following{/other_user}"",
    ""gists_url"": ""https://api.github.com/users/To2004/gists{/gist_id}"",
    ""starred_url"": ""https://api.github.com/users/To2004/starred{/owner}{/repo}"",
    ""subscriptions_url"": ""https://api.github.com/users/To2004/subscriptions"",
    ""organizations_url"": ""https://api.github.com/users/To2004/orgs"",
    ""repos_url"": ""https://api.github.com/users/To2004/repos"",
    ""events_url"": ""https://api.github.com/users/To2004/events{/privacy}"",
    ""received_ev",v8_scale,false
428,2026-08-06T14:00:08,github_helios,scale@github_helios,SCALE,helios-public-site,list_pull_requests,OK,"{""owner"": ""To2004"", ""repo"": ""helios-public-site"", ""state"": ""all""}","[
  {
    ""url"": ""https://api.github.com/repos/To2004/helios-public-site/pulls/28"",
    ""id"": 4220414121,
    ""node_id"": ""PR_kwDOTm9TQs77jmip"",
    ""html_url"": ""https://github.com/To2004/helios-public-site/pull/28"",
    ""diff_url"": ""https://github.com/To2004/helios-public-site/pull/28.diff"",
    ""patch_url"": ""https://github.com/To2004/helios-public-site/pull/28.patch"",
    ""issue_url"": ""https://api.github.com/repos/To2004/helios-public-site/issues/28"",
    ""number"": 28,
    ""state"": ""closed"",
    ""locked"": false,
    ""title"": ""[mcp-v8-scale] PR"",
    ""user"": {
      ""login"": ""To2004"",
      ""id"": 151865316,
      ""avatar_url"": ""https://avatars.githubusercontent.com/u/151865316?v=4"",
      ""url"": ""https://api.github.com/users/To2004"",
      ""html_url"": ""https://github.com/To2004""
    },
    ""body"": ""[mcp-v8-scale]"",
    ""created_at"": ""2026-08-06T11:22:01Z"",
    ""updated_at"": ""2026-08-06T11:22:11Z"",
    ""closed_at"": ""2026-08-06T11:22:06Z"",
    ""merged_at"": ""2026-08-06T11:22:06Z"",
    ""merge_commit_sha"": ""0cd6cdfa89494329a071b4349d61162e6caeb594"",
    ""assignee"": null,
    ""assignees"": [],
    ""requested_reviewers"": [],
    ""labels"": [],
    ""head"": {
      ""label"": ""To2004:scale/2026-08-06-helios-p"",
      ""ref"": ""scale/2026-08-06-helios-p"",
      ""sha"": ""0fc14ba5813ad2e9328d5eea13c28a9005648ffa"",
      ""user"": {
        ""login"": ""To2004"",
        ""id"": 151865316,
        ""avatar_url"": ""https://avatars.githubusercontent.com/u/151865316?v=4"",
        ""url"": ""https://api.github.c",v8_scale,false
429,2026-08-06T14:00:09,github_helios,scale@github_helios,SCALE,helios-public-site,get_pull_request,OK,"{""owner"": ""To2004"", ""repo"": ""helios-public-site"", ""pull_number"": 28}","{
  ""url"": ""https://api.github.com/repos/To2004/helios-public-site/pulls/28"",
  ""id"": 4220414121,
  ""node_id"": ""PR_kwDOTm9TQs77jmip"",
  ""html_url"": ""https://github.com/To2004/helios-public-site/pull/28"",
  ""diff_url"": ""https://github.com/To2004/helios-public-site/pull/28.diff"",
  ""patch_url"": ""https://github.com/To2004/helios-public-site/pull/28.patch"",
  ""issue_url"": ""https://api.github.com/repos/To2004/helios-public-site/issues/28"",
  ""number"": 28,
  ""state"": ""closed"",
  ""locked"": false,
  ""title"": ""[mcp-v8-scale] PR"",
  ""user"": {
    ""login"": ""To2004"",
    ""id"": 151865316,
    ""avatar_url"": ""https://avatars.githubusercontent.com/u/151865316?v=4"",
    ""url"": ""https://api.github.com/users/To2004"",
    ""html_url"": ""https://github.com/To2004""
  },
  ""body"": ""[mcp-v8-scale]"",
  ""created_at"": ""2026-08-06T11:22:01Z"",
  ""updated_at"": ""2026-08-06T11:22:11Z"",
  ""closed_at"": ""2026-08-06T11:22:06Z"",
  ""merged_at"": ""2026-08-06T11:22:06Z"",
  ""merge_commit_sha"": ""0cd6cdfa89494329a071b4349d61162e6caeb594"",
  ""assignee"": null,
  ""assignees"": [],
  ""requested_reviewers"": [],
  ""labels"": [],
  ""head"": {
    ""label"": ""To2004:scale/2026-08-06-helios-p"",
    ""ref"": ""scale/2026-08-06-helios-p"",
    ""sha"": ""0fc14ba5813ad2e9328d5eea13c28a9005648ffa"",
    ""user"": {
      ""login"": ""To2004"",
      ""id"": 151865316,
      ""avatar_url"": ""https://avatars.githubusercontent.com/u/151865316?v=4"",
      ""url"": ""https://api.github.com/users/To2004"",
      ""html_url"": ""https://github.com/To2004""
    },
    ""re",v8_scale,false
430,2026-08-06T14:00:10,github_helios,scale@github_helios,SCALE,helios-public-site,get_pull_request_files,OK,"{""owner"": ""To2004"", ""repo"": ""helios-public-site"", ""pull_number"": 28}","[
  {
    ""sha"": ""ca5f323e964e66f2308a25f5ab94f6fb836018d9"",
    ""filename"": ""scale-2026-08-06-b.md"",
    ""status"": ""added"",
    ""additions"": 1,
    ""deletions"": 0,
    ""changes"": 1,
    ""blob_url"": ""https://github.com/To2004/helios-public-site/blob/0fc14ba5813ad2e9328d5eea13c28a9005648ffa/scale-2026-08-06-b.md"",
    ""raw_url"": ""https://github.com/To2004/helios-public-site/raw/0fc14ba5813ad2e9328d5eea13c28a9005648ffa/scale-2026-08-06-b.md"",
    ""contents_url"": ""https://api.github.com/repos/To2004/helios-public-site/contents/scale-2026-08-06-b.md?ref=0fc14ba5813ad2e9328d5eea13c28a9005648ffa"",
    ""patch"": ""@@ -0,0 +1 @@\n+[mcp-v8-scale]""
  },
  {
    ""sha"": ""ca5f323e964e66f2308a25f5ab94f6fb836018d9"",
    ""filename"": ""scale-2026-08-06.md"",
    ""status"": ""added"",
    ""additions"": 1,
    ""deletions"": 0,
    ""changes"": 1,
    ""blob_url"": ""https://github.com/To2004/helios-public-site/blob/0fc14ba5813ad2e9328d5eea13c28a9005648ffa/scale-2026-08-06.md"",
    ""raw_url"": ""https://github.com/To2004/helios-public-site/raw/0fc14ba5813ad2e9328d5eea13c28a9005648ffa/scale-2026-08-06.md"",
    ""contents_url"": ""https://api.github.com/repos/To2004/helios-public-site/contents/scale-2026-08-06.md?ref=0fc14ba5813ad2e9328d5eea13c28a9005648ffa"",
    ""patch"": ""@@ -0,0 +1 @@\n+[mcp-v8-scale]""
  }
]",v8_scale,false
431,2026-08-06T14:00:11,github_helios,scale@github_helios,SCALE,helios-public-site,get_pull_request_status,OK,"{""owner"": ""To2004"", ""repo"": ""helios-public-site"", ""pull_number"": 28}","{
  ""state"": ""pending"",
  ""statuses"": [],
  ""sha"": ""0fc14ba5813ad2e9328d5eea13c28a9005648ffa"",
  ""total_count"": 0
}",v8_scale,false
432,2026-08-06T14:00:12,github_helios,scale@github_helios,SCALE,helios-public-site,get_pull_request_comments,OK,"{""owner"": ""To2004"", ""repo"": ""helios-public-site"", ""pull_number"": 28}",[],v8_scale,false
433,2026-08-06T14:00:13,github_helios,scale@github_helios,SCALE,helios-public-site,get_pull_request_reviews,OK,"{""owner"": ""To2004"", ""repo"": ""helios-public-site"", ""pull_number"": 28}","[
  {
    ""id"": 4874076940,
    ""node_id"": ""PRR_kwDOTm9TQs8AAAABIoSDDA"",
    ""user"": {
      ""login"": ""To2004"",
      ""id"": 151865316,
      ""avatar_url"": ""https://avatars.githubusercontent.com/u/151865316?v=4"",
      ""url"": ""https://api.github.com/users/To2004"",
      ""html_url"": ""https://github.com/To2004""
    },
    ""body"": ""[mcp-v8-scale] review"",
    ""state"": ""COMMENTED"",
    ""html_url"": ""https://github.com/To2004/helios-public-site/pull/28#pullrequestreview-4874076940"",
    ""pull_request_url"": ""https://api.github.com/repos/To2004/helios-public-site/pulls/28"",
    ""commit_id"": ""0fc14ba5813ad2e9328d5eea13c28a9005648ffa"",
    ""submitted_at"": ""2026-08-06T11:22:04Z"",
    ""author_association"": ""OWNER""
  }
]",v8_scale,false
434,2026-08-06T14:00:14,github_helios,scale@github_helios,SCALE,code-records,search_code,OK,"{""q"": ""repo:To2004/helios-public-site review""}","{
  ""total_count"": 1,
  ""incomplete_results"": false,
  ""items"": [
    {
      ""name"": ""winter-readiness.md"",
      ""path"": ""content/winter-readiness.md"",
      ""sha"": ""5a9adbe101ae25a1857bbf33306bcd46230b9c23"",
      ""url"": ""https://api.github.com/repositories/1315918658/contents/content/winter-readiness.md?ref=c042ca0ce26e1bd7c51220c7f4c9dc48d74f3898"",
      ""git_url"": ""https://api.github.com/repositories/1315918658/git/blobs/5a9adbe101ae25a1857bbf33306bcd46230b9c23"",
      ""html_url"": ""https://github.com/To2004/helios-public-site/blob/c042ca0ce26e1bd7c51220c7f4c9dc48d74f3898/content/winter-readiness.md"",
      ""repository"": {
        ""id"": 1315918658,
        ""node_id"": ""MDEwOlJlcG9zaXRvcnkxMzE1OTE4NjU4"",
        ""name"": ""helios-public-site"",
        ""full_name"": ""To2004/helios-public-site"",
        ""owner"": {
          ""id"": 151865316,
          ""node_id"": ""U_kgDOCQ1H5A"",
          ""login"": ""To2004"",
          ""avatar_url"": ""https://avatars.githubusercontent.com/u/151865316?v=4"",
          ""gravatar_id"": """",
          ""url"": ""https://api.github.com/users/To2004"",
          ""html_url"": ""https://github.com/To2004"",
          ""type"": ""User"",
          ""site_admin"": false,
          ""followers_url"": ""https://api.github.com/users/To2004/followers"",
          ""following_url"": ""https://api.github.com/users/To2004/following{/other_user}"",
          ""gists_url"": ""https://api.github.com/users/To2004/gists{/gist_id}"",
          ""starred_url"": ""https://api.github.com/users/To2004/star",v8_scale,false
435,2026-08-06T14:00:15,github_helios,scale@github_helios,SCALE,helios-grid-infra-config,get_file_contents,OK,"{""owner"": ""To2004"", ""repo"": ""helios-grid-infra-config"", ""path"": ""README.md""}","{
  ""name"": ""README.md"",
  ""path"": ""README.md"",
  ""sha"": ""a33835db9971d364684fac8988dc5a4a35541e53"",
  ""size"": 149,
  ""url"": ""https://api.github.com/repos/To2004/helios-grid-infra-config/contents/README.md?ref=main"",
  ""html_url"": ""https://github.com/To2004/helios-grid-infra-config/blob/main/README.md"",
  ""git_url"": ""https://api.github.com/repos/To2004/helios-grid-infra-config/git/blobs/a33835db9971d364684fac8988dc5a4a35541e53"",
  ""download_url"": ""https://raw.githubusercontent.com/To2004/helios-grid-infra-config/main/README.md?token=BEGUPZC6TOEDDBSFCTEGGE3KORXNZAA"",
  ""type"": ""file"",
  ""content"": ""# helios-grid-infra-config\n\nInfrastructure as code for the grid platform. A merge reconfigures systems inside the CIP electronic security perimeter.\n"",
  ""encoding"": ""base64"",
  ""_links"": {
    ""self"": ""https://api.github.com/repos/To2004/helios-grid-infra-config/contents/README.md?ref=main"",
    ""git"": ""https://api.github.com/repos/To2004/helios-grid-infra-config/git/blobs/a33835db9971d364684fac8988dc5a4a35541e53"",
    ""html"": ""https://github.com/To2004/helios-grid-infra-config/blob/main/README.md""
  }
}",v8_scale,false
436,2026-08-06T14:00:16,github_helios,scale@github_helios,SCALE,helios-grid-infra-config,list_commits,OK,"{""owner"": ""To2004"", ""repo"": ""helios-grid-infra-config""}","[
  {
    ""sha"": ""cdb06fc7397f0faed390ec0ba2b3c81b23c19f72"",
    ""node_id"": ""C_kwDOTm9SgNoAKGNkYjA2ZmM3Mzk3ZjBmYWVkMzkwZWMwYmEyYjNjODFiMjNjMTlmNzI"",
    ""commit"": {
      ""author"": {
        ""name"": ""To2004"",
        ""email"": ""151865316+To2004@users.noreply.github.com"",
        ""date"": ""2026-08-03T10:18:32Z""
      },
      ""committer"": {
        ""name"": ""To2004"",
        ""email"": ""151865316+To2004@users.noreply.github.com"",
        ""date"": ""2026-08-03T10:18:32Z""
      },
      ""message"": ""[mcp-scale-corpus] cleanup"",
      ""tree"": {
        ""sha"": ""d4ab354ea3d9acf7cf44d8f4e24732460ce7c4b6"",
        ""url"": ""https://api.github.com/repos/To2004/helios-grid-infra-config/git/trees/d4ab354ea3d9acf7cf44d8f4e24732460ce7c4b6""
      },
      ""url"": ""https://api.github.com/repos/To2004/helios-grid-infra-config/git/commits/cdb06fc7397f0faed390ec0ba2b3c81b23c19f72"",
      ""comment_count"": 0,
      ""verification"": {
        ""verified"": false,
        ""reason"": ""unsigned"",
        ""signature"": null,
        ""payload"": null,
        ""verified_at"": null
      }
    },
    ""url"": ""https://api.github.com/repos/To2004/helios-grid-infra-config/commits/cdb06fc7397f0faed390ec0ba2b3c81b23c19f72"",
    ""html_url"": ""https://github.com/To2004/helios-grid-infra-config/commit/cdb06fc7397f0faed390ec0ba2b3c81b23c19f72"",
    ""comments_url"": ""https://api.github.com/repos/To2004/helios-grid-infra-config/commits/cdb06fc7397f0faed390ec0ba2b3c81b23c19f72/comments"",
    ""author"": {
      ""login"": ""To2004"",
      """,v8_scale,false
437,2026-08-06T14:00:17,github_helios,scale@github_helios,SCALE,helios-grid-infra-config,list_issues,OK,"{""owner"": ""To2004"", ""repo"": ""helios-grid-infra-config"", ""state"": ""all""}","[
  {
    ""url"": ""https://api.github.com/repos/To2004/helios-grid-infra-config/issues/35"",
    ""repository_url"": ""https://api.github.com/repos/To2004/helios-grid-infra-config"",
    ""labels_url"": ""https://api.github.com/repos/To2004/helios-grid-infra-config/issues/35/labels{/name}"",
    ""comments_url"": ""https://api.github.com/repos/To2004/helios-grid-infra-config/issues/35/comments"",
    ""events_url"": ""https://api.github.com/repos/To2004/helios-grid-infra-config/issues/35/events"",
    ""html_url"": ""https://github.com/To2004/helios-grid-infra-config/issues/35"",
    ""id"": 5080624438,
    ""node_id"": ""I_kwDOTm9SgM8AAAABLtQtNg"",
    ""number"": 35,
    ""title"": ""[mcp-v8-scale] issue"",
    ""user"": {
      ""login"": ""To2004"",
      ""id"": 151865316,
      ""node_id"": ""U_kgDOCQ1H5A"",
      ""avatar_url"": ""https://avatars.githubusercontent.com/u/151865316?v=4"",
      ""gravatar_id"": """",
      ""url"": ""https://api.github.com/users/To2004"",
      ""html_url"": ""https://github.com/To2004"",
      ""followers_url"": ""https://api.github.com/users/To2004/followers"",
      ""following_url"": ""https://api.github.com/users/To2004/following{/other_user}"",
      ""gists_url"": ""https://api.github.com/users/To2004/gists{/gist_id}"",
      ""starred_url"": ""https://api.github.com/users/To2004/starred{/owner}{/repo}"",
      ""subscriptions_url"": ""https://api.github.com/users/To2004/subscriptions"",
      ""organizations_url"": ""https://api.github.com/users/To2004/orgs"",
      ""repos_url"": ""https://api.github.com/users/To200",v8_scale,false
438,2026-08-06T14:00:18,github_helios,scale@github_helios,SCALE,helios-grid-infra-config,get_issue,OK,"{""owner"": ""To2004"", ""repo"": ""helios-grid-infra-config"", ""issue_number"": 35}","{
  ""url"": ""https://api.github.com/repos/To2004/helios-grid-infra-config/issues/35"",
  ""repository_url"": ""https://api.github.com/repos/To2004/helios-grid-infra-config"",
  ""labels_url"": ""https://api.github.com/repos/To2004/helios-grid-infra-config/issues/35/labels{/name}"",
  ""comments_url"": ""https://api.github.com/repos/To2004/helios-grid-infra-config/issues/35/comments"",
  ""events_url"": ""https://api.github.com/repos/To2004/helios-grid-infra-config/issues/35/events"",
  ""html_url"": ""https://github.com/To2004/helios-grid-infra-config/issues/35"",
  ""id"": 5080624438,
  ""node_id"": ""I_kwDOTm9SgM8AAAABLtQtNg"",
  ""number"": 35,
  ""title"": ""[mcp-v8-scale] issue"",
  ""user"": {
    ""login"": ""To2004"",
    ""id"": 151865316,
    ""node_id"": ""U_kgDOCQ1H5A"",
    ""avatar_url"": ""https://avatars.githubusercontent.com/u/151865316?v=4"",
    ""gravatar_id"": """",
    ""url"": ""https://api.github.com/users/To2004"",
    ""html_url"": ""https://github.com/To2004"",
    ""followers_url"": ""https://api.github.com/users/To2004/followers"",
    ""following_url"": ""https://api.github.com/users/To2004/following{/other_user}"",
    ""gists_url"": ""https://api.github.com/users/To2004/gists{/gist_id}"",
    ""starred_url"": ""https://api.github.com/users/To2004/starred{/owner}{/repo}"",
    ""subscriptions_url"": ""https://api.github.com/users/To2004/subscriptions"",
    ""organizations_url"": ""https://api.github.com/users/To2004/orgs"",
    ""repos_url"": ""https://api.github.com/users/To2004/repos"",
    ""events_url"": ""https://api.github.com/us",v8_scale,false
439,2026-08-06T14:00:19,github_helios,scale@github_helios,SCALE,helios-grid-infra-config,get_issue,OK,"{""owner"": ""To2004"", ""repo"": ""helios-grid-infra-config"", ""issue_number"": 34}","{
  ""url"": ""https://api.github.com/repos/To2004/helios-grid-infra-config/issues/34"",
  ""repository_url"": ""https://api.github.com/repos/To2004/helios-grid-infra-config"",
  ""labels_url"": ""https://api.github.com/repos/To2004/helios-grid-infra-config/issues/34/labels{/name}"",
  ""comments_url"": ""https://api.github.com/repos/To2004/helios-grid-infra-config/issues/34/comments"",
  ""events_url"": ""https://api.github.com/repos/To2004/helios-grid-infra-config/issues/34/events"",
  ""html_url"": ""https://github.com/To2004/helios-grid-infra-config/pull/34"",
  ""id"": 5080623680,
  ""node_id"": ""PR_kwDOTm9SgM77jm_U"",
  ""number"": 34,
  ""title"": ""[mcp-v8-scale] PR"",
  ""user"": {
    ""login"": ""To2004"",
    ""id"": 151865316,
    ""node_id"": ""U_kgDOCQ1H5A"",
    ""avatar_url"": ""https://avatars.githubusercontent.com/u/151865316?v=4"",
    ""gravatar_id"": """",
    ""url"": ""https://api.github.com/users/To2004"",
    ""html_url"": ""https://github.com/To2004"",
    ""followers_url"": ""https://api.github.com/users/To2004/followers"",
    ""following_url"": ""https://api.github.com/users/To2004/following{/other_user}"",
    ""gists_url"": ""https://api.github.com/users/To2004/gists{/gist_id}"",
    ""starred_url"": ""https://api.github.com/users/To2004/starred{/owner}{/repo}"",
    ""subscriptions_url"": ""https://api.github.com/users/To2004/subscriptions"",
    ""organizations_url"": ""https://api.github.com/users/To2004/orgs"",
    ""repos_url"": ""https://api.github.com/users/To2004/repos"",
    ""events_url"": ""https://api.github.com/users/To2004",v8_scale,false
440,2026-08-06T14:00:20,github_helios,scale@github_helios,SCALE,helios-grid-infra-config,list_pull_requests,OK,"{""owner"": ""To2004"", ""repo"": ""helios-grid-infra-config"", ""state"": ""all""}","[
  {
    ""url"": ""https://api.github.com/repos/To2004/helios-grid-infra-config/pulls/34"",
    ""id"": 4220415956,
    ""node_id"": ""PR_kwDOTm9SgM77jm_U"",
    ""html_url"": ""https://github.com/To2004/helios-grid-infra-config/pull/34"",
    ""diff_url"": ""https://github.com/To2004/helios-grid-infra-config/pull/34.diff"",
    ""patch_url"": ""https://github.com/To2004/helios-grid-infra-config/pull/34.patch"",
    ""issue_url"": ""https://api.github.com/repos/To2004/helios-grid-infra-config/issues/34"",
    ""number"": 34,
    ""state"": ""closed"",
    ""locked"": false,
    ""title"": ""[mcp-v8-scale] PR"",
    ""user"": {
      ""login"": ""To2004"",
      ""id"": 151865316,
      ""avatar_url"": ""https://avatars.githubusercontent.com/u/151865316?v=4"",
      ""url"": ""https://api.github.com/users/To2004"",
      ""html_url"": ""https://github.com/To2004""
    },
    ""body"": ""[mcp-v8-scale]"",
    ""created_at"": ""2026-08-06T11:22:19Z"",
    ""updated_at"": ""2026-08-06T11:22:29Z"",
    ""closed_at"": ""2026-08-06T11:22:24Z"",
    ""merged_at"": ""2026-08-06T11:22:24Z"",
    ""merge_commit_sha"": ""ea48d68a58a08157b4b39ddde081b6eda4a32deb"",
    ""assignee"": null,
    ""assignees"": [],
    ""requested_reviewers"": [],
    ""labels"": [],
    ""head"": {
      ""label"": ""To2004:scale/2026-08-06-helios-g"",
      ""ref"": ""scale/2026-08-06-helios-g"",
      ""sha"": ""266aa3c953ff7d097872c306d96a30b9f0950033"",
      ""user"": {
        ""login"": ""To2004"",
        ""id"": 151865316,
        ""avatar_url"": ""https://avatars.githubusercontent.com/u/151865316?v=4"",
      ",v8_scale,false
441,2026-08-06T14:00:21,github_helios,scale@github_helios,SCALE,helios-grid-infra-config,get_pull_request,OK,"{""owner"": ""To2004"", ""repo"": ""helios-grid-infra-config"", ""pull_number"": 34}","{
  ""url"": ""https://api.github.com/repos/To2004/helios-grid-infra-config/pulls/34"",
  ""id"": 4220415956,
  ""node_id"": ""PR_kwDOTm9SgM77jm_U"",
  ""html_url"": ""https://github.com/To2004/helios-grid-infra-config/pull/34"",
  ""diff_url"": ""https://github.com/To2004/helios-grid-infra-config/pull/34.diff"",
  ""patch_url"": ""https://github.com/To2004/helios-grid-infra-config/pull/34.patch"",
  ""issue_url"": ""https://api.github.com/repos/To2004/helios-grid-infra-config/issues/34"",
  ""number"": 34,
  ""state"": ""closed"",
  ""locked"": false,
  ""title"": ""[mcp-v8-scale] PR"",
  ""user"": {
    ""login"": ""To2004"",
    ""id"": 151865316,
    ""avatar_url"": ""https://avatars.githubusercontent.com/u/151865316?v=4"",
    ""url"": ""https://api.github.com/users/To2004"",
    ""html_url"": ""https://github.com/To2004""
  },
  ""body"": ""[mcp-v8-scale]"",
  ""created_at"": ""2026-08-06T11:22:19Z"",
  ""updated_at"": ""2026-08-06T11:22:29Z"",
  ""closed_at"": ""2026-08-06T11:22:24Z"",
  ""merged_at"": ""2026-08-06T11:22:24Z"",
  ""merge_commit_sha"": ""ea48d68a58a08157b4b39ddde081b6eda4a32deb"",
  ""assignee"": null,
  ""assignees"": [],
  ""requested_reviewers"": [],
  ""labels"": [],
  ""head"": {
    ""label"": ""To2004:scale/2026-08-06-helios-g"",
    ""ref"": ""scale/2026-08-06-helios-g"",
    ""sha"": ""266aa3c953ff7d097872c306d96a30b9f0950033"",
    ""user"": {
      ""login"": ""To2004"",
      ""id"": 151865316,
      ""avatar_url"": ""https://avatars.githubusercontent.com/u/151865316?v=4"",
      ""url"": ""https://api.github.com/users/To2004"",
      ""html_url"": ""https://git",v8_scale,false
442,2026-08-06T14:00:22,github_helios,scale@github_helios,SCALE,helios-grid-infra-config,get_pull_request_files,OK,"{""owner"": ""To2004"", ""repo"": ""helios-grid-infra-config"", ""pull_number"": 34}","[
  {
    ""sha"": ""ca5f323e964e66f2308a25f5ab94f6fb836018d9"",
    ""filename"": ""scale-2026-08-06-b.md"",
    ""status"": ""added"",
    ""additions"": 1,
    ""deletions"": 0,
    ""changes"": 1,
    ""blob_url"": ""https://github.com/To2004/helios-grid-infra-config/blob/266aa3c953ff7d097872c306d96a30b9f0950033/scale-2026-08-06-b.md"",
    ""raw_url"": ""https://github.com/To2004/helios-grid-infra-config/raw/266aa3c953ff7d097872c306d96a30b9f0950033/scale-2026-08-06-b.md"",
    ""contents_url"": ""https://api.github.com/repos/To2004/helios-grid-infra-config/contents/scale-2026-08-06-b.md?ref=266aa3c953ff7d097872c306d96a30b9f0950033"",
    ""patch"": ""@@ -0,0 +1 @@\n+[mcp-v8-scale]""
  },
  {
    ""sha"": ""ca5f323e964e66f2308a25f5ab94f6fb836018d9"",
    ""filename"": ""scale-2026-08-06.md"",
    ""status"": ""added"",
    ""additions"": 1,
    ""deletions"": 0,
    ""changes"": 1,
    ""blob_url"": ""https://github.com/To2004/helios-grid-infra-config/blob/266aa3c953ff7d097872c306d96a30b9f0950033/scale-2026-08-06.md"",
    ""raw_url"": ""https://github.com/To2004/helios-grid-infra-config/raw/266aa3c953ff7d097872c306d96a30b9f0950033/scale-2026-08-06.md"",
    ""contents_url"": ""https://api.github.com/repos/To2004/helios-grid-infra-config/contents/scale-2026-08-06.md?ref=266aa3c953ff7d097872c306d96a30b9f0950033"",
    ""patch"": ""@@ -0,0 +1 @@\n+[mcp-v8-scale]""
  }
]",v8_scale,false
443,2026-08-06T14:00:23,github_helios,scale@github_helios,SCALE,helios-grid-infra-config,get_pull_request_status,OK,"{""owner"": ""To2004"", ""repo"": ""helios-grid-infra-config"", ""pull_number"": 34}","{
  ""state"": ""pending"",
  ""statuses"": [],
  ""sha"": ""266aa3c953ff7d097872c306d96a30b9f0950033"",
  ""total_count"": 0
}",v8_scale,false
444,2026-08-06T14:00:24,github_helios,scale@github_helios,SCALE,helios-grid-infra-config,get_pull_request_comments,OK,"{""owner"": ""To2004"", ""repo"": ""helios-grid-infra-config"", ""pull_number"": 34}",[],v8_scale,false
445,2026-08-06T14:00:25,github_helios,scale@github_helios,SCALE,helios-grid-infra-config,get_pull_request_reviews,OK,"{""owner"": ""To2004"", ""repo"": ""helios-grid-infra-config"", ""pull_number"": 34}","[
  {
    ""id"": 4874078782,
    ""node_id"": ""PRR_kwDOTm9SgM8AAAABIoSKPg"",
    ""user"": {
      ""login"": ""To2004"",
      ""id"": 151865316,
      ""avatar_url"": ""https://avatars.githubusercontent.com/u/151865316?v=4"",
      ""url"": ""https://api.github.com/users/To2004"",
      ""html_url"": ""https://github.com/To2004""
    },
    ""body"": ""[mcp-v8-scale] review"",
    ""state"": ""COMMENTED"",
    ""html_url"": ""https://github.com/To2004/helios-grid-infra-config/pull/34#pullrequestreview-4874078782"",
    ""pull_request_url"": ""https://api.github.com/repos/To2004/helios-grid-infra-config/pulls/34"",
    ""commit_id"": ""266aa3c953ff7d097872c306d96a30b9f0950033"",
    ""submitted_at"": ""2026-08-06T11:22:21Z"",
    ""author_association"": ""OWNER""
  }
]",v8_scale,false
446,2026-08-06T14:00:26,github_helios,scale@github_helios,SCALE,code-records,search_code,OK,"{""q"": ""repo:To2004/helios-grid-infra-config review""}","{
  ""total_count"": 0,
  ""incomplete_results"": false,
  ""items"": []
}",v8_scale,false
447,2026-08-06T14:00:27,github_helios,scale@github_helios,SCALE,helios-ot-runbooks,get_file_contents,OK,"{""owner"": ""To2004"", ""repo"": ""helios-ot-runbooks"", ""path"": ""README.md""}","{
  ""name"": ""README.md"",
  ""path"": ""README.md"",
  ""sha"": ""3246cf176dea88e843e519222b375ad4eedbfec9"",
  ""size"": 127,
  ""url"": ""https://api.github.com/repos/To2004/helios-ot-runbooks/contents/README.md?ref=main"",
  ""html_url"": ""https://github.com/To2004/helios-ot-runbooks/blob/main/README.md"",
  ""git_url"": ""https://api.github.com/repos/To2004/helios-ot-runbooks/git/blobs/3246cf176dea88e843e519222b375ad4eedbfec9"",
  ""download_url"": ""https://raw.githubusercontent.com/To2004/helios-ot-runbooks/main/README.md?token=BEGUPZF26VV3YOOPBF6N5E3KORXOHAA"",
  ""type"": ""file"",
  ""content"": ""# helios-ot-runbooks\n\nOperational runbooks for the OT estate: switching procedures, patch windows and CIP evidence collection.\n"",
  ""encoding"": ""base64"",
  ""_links"": {
    ""self"": ""https://api.github.com/repos/To2004/helios-ot-runbooks/contents/README.md?ref=main"",
    ""git"": ""https://api.github.com/repos/To2004/helios-ot-runbooks/git/blobs/3246cf176dea88e843e519222b375ad4eedbfec9"",
    ""html"": ""https://github.com/To2004/helios-ot-runbooks/blob/main/README.md""
  }
}",v8_scale,false
448,2026-08-06T14:00:28,github_helios,scale@github_helios,SCALE,helios-ot-runbooks,list_commits,OK,"{""owner"": ""To2004"", ""repo"": ""helios-ot-runbooks""}","[
  {
    ""sha"": ""f910bef8e06b9ae9150312901f38a541a8add88e"",
    ""node_id"": ""C_kwDOTm9S9doAKGY5MTBiZWY4ZTA2YjlhZTkxNTAzMTI5MDFmMzhhNTQxYThhZGQ4OGU"",
    ""commit"": {
      ""author"": {
        ""name"": ""To2004"",
        ""email"": ""151865316+To2004@users.noreply.github.com"",
        ""date"": ""2026-07-29T09:02:50Z""
      },
      ""committer"": {
        ""name"": ""To2004"",
        ""email"": ""151865316+To2004@users.noreply.github.com"",
        ""date"": ""2026-07-29T09:02:50Z""
      },
      ""message"": ""Add runbooks/cip-007-patching.md"",
      ""tree"": {
        ""sha"": ""9abb30376d0cb68b1c35f46b97b208a91a601c22"",
        ""url"": ""https://api.github.com/repos/To2004/helios-ot-runbooks/git/trees/9abb30376d0cb68b1c35f46b97b208a91a601c22""
      },
      ""url"": ""https://api.github.com/repos/To2004/helios-ot-runbooks/git/commits/f910bef8e06b9ae9150312901f38a541a8add88e"",
      ""comment_count"": 0,
      ""verification"": {
        ""verified"": false,
        ""reason"": ""unsigned"",
        ""signature"": null,
        ""payload"": null,
        ""verified_at"": null
      }
    },
    ""url"": ""https://api.github.com/repos/To2004/helios-ot-runbooks/commits/f910bef8e06b9ae9150312901f38a541a8add88e"",
    ""html_url"": ""https://github.com/To2004/helios-ot-runbooks/commit/f910bef8e06b9ae9150312901f38a541a8add88e"",
    ""comments_url"": ""https://api.github.com/repos/To2004/helios-ot-runbooks/commits/f910bef8e06b9ae9150312901f38a541a8add88e/comments"",
    ""author"": {
      ""login"": ""To2004"",
      ""id"": 151865316,
      ""n",v8_scale,false
449,2026-08-06T14:00:29,github_helios,scale@github_helios,SCALE,helios-ot-runbooks,list_issues,OK,"{""owner"": ""To2004"", ""repo"": ""helios-ot-runbooks"", ""state"": ""all""}","[
  {
    ""url"": ""https://api.github.com/repos/To2004/helios-ot-runbooks/issues/10"",
    ""repository_url"": ""https://api.github.com/repos/To2004/helios-ot-runbooks"",
    ""labels_url"": ""https://api.github.com/repos/To2004/helios-ot-runbooks/issues/10/labels{/name}"",
    ""comments_url"": ""https://api.github.com/repos/To2004/helios-ot-runbooks/issues/10/comments"",
    ""events_url"": ""https://api.github.com/repos/To2004/helios-ot-runbooks/issues/10/events"",
    ""html_url"": ""https://github.com/To2004/helios-ot-runbooks/issues/10"",
    ""id"": 5080626479,
    ""node_id"": ""I_kwDOTm9S9c8AAAABLtQ1Lw"",
    ""number"": 10,
    ""title"": ""[mcp-v8-scale] issue"",
    ""user"": {
      ""login"": ""To2004"",
      ""id"": 151865316,
      ""node_id"": ""U_kgDOCQ1H5A"",
      ""avatar_url"": ""https://avatars.githubusercontent.com/u/151865316?v=4"",
      ""gravatar_id"": """",
      ""url"": ""https://api.github.com/users/To2004"",
      ""html_url"": ""https://github.com/To2004"",
      ""followers_url"": ""https://api.github.com/users/To2004/followers"",
      ""following_url"": ""https://api.github.com/users/To2004/following{/other_user}"",
      ""gists_url"": ""https://api.github.com/users/To2004/gists{/gist_id}"",
      ""starred_url"": ""https://api.github.com/users/To2004/starred{/owner}{/repo}"",
      ""subscriptions_url"": ""https://api.github.com/users/To2004/subscriptions"",
      ""organizations_url"": ""https://api.github.com/users/To2004/orgs"",
      ""repos_url"": ""https://api.github.com/users/To2004/repos"",
      ""events_url"": ""https",v8_scale,false
450,2026-08-06T14:00:30,github_helios,scale@github_helios,SCALE,helios-ot-runbooks,get_issue,OK,"{""owner"": ""To2004"", ""repo"": ""helios-ot-runbooks"", ""issue_number"": 10}","{
  ""url"": ""https://api.github.com/repos/To2004/helios-ot-runbooks/issues/10"",
  ""repository_url"": ""https://api.github.com/repos/To2004/helios-ot-runbooks"",
  ""labels_url"": ""https://api.github.com/repos/To2004/helios-ot-runbooks/issues/10/labels{/name}"",
  ""comments_url"": ""https://api.github.com/repos/To2004/helios-ot-runbooks/issues/10/comments"",
  ""events_url"": ""https://api.github.com/repos/To2004/helios-ot-runbooks/issues/10/events"",
  ""html_url"": ""https://github.com/To2004/helios-ot-runbooks/issues/10"",
  ""id"": 5080626479,
  ""node_id"": ""I_kwDOTm9S9c8AAAABLtQ1Lw"",
  ""number"": 10,
  ""title"": ""[mcp-v8-scale] issue"",
  ""user"": {
    ""login"": ""To2004"",
    ""id"": 151865316,
    ""node_id"": ""U_kgDOCQ1H5A"",
    ""avatar_url"": ""https://avatars.githubusercontent.com/u/151865316?v=4"",
    ""gravatar_id"": """",
    ""url"": ""https://api.github.com/users/To2004"",
    ""html_url"": ""https://github.com/To2004"",
    ""followers_url"": ""https://api.github.com/users/To2004/followers"",
    ""following_url"": ""https://api.github.com/users/To2004/following{/other_user}"",
    ""gists_url"": ""https://api.github.com/users/To2004/gists{/gist_id}"",
    ""starred_url"": ""https://api.github.com/users/To2004/starred{/owner}{/repo}"",
    ""subscriptions_url"": ""https://api.github.com/users/To2004/subscriptions"",
    ""organizations_url"": ""https://api.github.com/users/To2004/orgs"",
    ""repos_url"": ""https://api.github.com/users/To2004/repos"",
    ""events_url"": ""https://api.github.com/users/To2004/events{/privacy}"",
    ""r",v8_scale,false
451,2026-08-06T14:00:31,github_helios,scale@github_helios,SCALE,helios-ot-runbooks,get_issue,OK,"{""owner"": ""To2004"", ""repo"": ""helios-ot-runbooks"", ""issue_number"": 9}","{
  ""url"": ""https://api.github.com/repos/To2004/helios-ot-runbooks/issues/9"",
  ""repository_url"": ""https://api.github.com/repos/To2004/helios-ot-runbooks"",
  ""labels_url"": ""https://api.github.com/repos/To2004/helios-ot-runbooks/issues/9/labels{/name}"",
  ""comments_url"": ""https://api.github.com/repos/To2004/helios-ot-runbooks/issues/9/comments"",
  ""events_url"": ""https://api.github.com/repos/To2004/helios-ot-runbooks/issues/9/events"",
  ""html_url"": ""https://github.com/To2004/helios-ot-runbooks/pull/9"",
  ""id"": 5080625768,
  ""node_id"": ""PR_kwDOTm9S9c77jnbL"",
  ""number"": 9,
  ""title"": ""[mcp-v8-scale] PR"",
  ""user"": {
    ""login"": ""To2004"",
    ""id"": 151865316,
    ""node_id"": ""U_kgDOCQ1H5A"",
    ""avatar_url"": ""https://avatars.githubusercontent.com/u/151865316?v=4"",
    ""gravatar_id"": """",
    ""url"": ""https://api.github.com/users/To2004"",
    ""html_url"": ""https://github.com/To2004"",
    ""followers_url"": ""https://api.github.com/users/To2004/followers"",
    ""following_url"": ""https://api.github.com/users/To2004/following{/other_user}"",
    ""gists_url"": ""https://api.github.com/users/To2004/gists{/gist_id}"",
    ""starred_url"": ""https://api.github.com/users/To2004/starred{/owner}{/repo}"",
    ""subscriptions_url"": ""https://api.github.com/users/To2004/subscriptions"",
    ""organizations_url"": ""https://api.github.com/users/To2004/orgs"",
    ""repos_url"": ""https://api.github.com/users/To2004/repos"",
    ""events_url"": ""https://api.github.com/users/To2004/events{/privacy}"",
    ""received_events_u",v8_scale,false
452,2026-08-06T14:00:32,github_helios,scale@github_helios,SCALE,helios-ot-runbooks,list_pull_requests,OK,"{""owner"": ""To2004"", ""repo"": ""helios-ot-runbooks"", ""state"": ""all""}","[
  {
    ""url"": ""https://api.github.com/repos/To2004/helios-ot-runbooks/pulls/9"",
    ""id"": 4220417739,
    ""node_id"": ""PR_kwDOTm9S9c77jnbL"",
    ""html_url"": ""https://github.com/To2004/helios-ot-runbooks/pull/9"",
    ""diff_url"": ""https://github.com/To2004/helios-ot-runbooks/pull/9.diff"",
    ""patch_url"": ""https://github.com/To2004/helios-ot-runbooks/pull/9.patch"",
    ""issue_url"": ""https://api.github.com/repos/To2004/helios-ot-runbooks/issues/9"",
    ""number"": 9,
    ""state"": ""closed"",
    ""locked"": false,
    ""title"": ""[mcp-v8-scale] PR"",
    ""user"": {
      ""login"": ""To2004"",
      ""id"": 151865316,
      ""avatar_url"": ""https://avatars.githubusercontent.com/u/151865316?v=4"",
      ""url"": ""https://api.github.com/users/To2004"",
      ""html_url"": ""https://github.com/To2004""
    },
    ""body"": ""[mcp-v8-scale]"",
    ""created_at"": ""2026-08-06T11:22:37Z"",
    ""updated_at"": ""2026-08-06T11:22:47Z"",
    ""closed_at"": ""2026-08-06T11:22:42Z"",
    ""merged_at"": ""2026-08-06T11:22:42Z"",
    ""merge_commit_sha"": ""e42c69e9d9561173cbe35c803d1e6504e2bb9524"",
    ""assignee"": null,
    ""assignees"": [],
    ""requested_reviewers"": [],
    ""labels"": [],
    ""head"": {
      ""label"": ""To2004:scale/2026-08-06-helios-o"",
      ""ref"": ""scale/2026-08-06-helios-o"",
      ""sha"": ""3781be7127b208d4ec3f298b16a559d21f92c855"",
      ""user"": {
        ""login"": ""To2004"",
        ""id"": 151865316,
        ""avatar_url"": ""https://avatars.githubusercontent.com/u/151865316?v=4"",
        ""url"": ""https://api.github.com/use",v8_scale,false
453,2026-08-06T14:00:33,github_helios,scale@github_helios,SCALE,helios-ot-runbooks,get_pull_request,OK,"{""owner"": ""To2004"", ""repo"": ""helios-ot-runbooks"", ""pull_number"": 9}","{
  ""url"": ""https://api.github.com/repos/To2004/helios-ot-runbooks/pulls/9"",
  ""id"": 4220417739,
  ""node_id"": ""PR_kwDOTm9S9c77jnbL"",
  ""html_url"": ""https://github.com/To2004/helios-ot-runbooks/pull/9"",
  ""diff_url"": ""https://github.com/To2004/helios-ot-runbooks/pull/9.diff"",
  ""patch_url"": ""https://github.com/To2004/helios-ot-runbooks/pull/9.patch"",
  ""issue_url"": ""https://api.github.com/repos/To2004/helios-ot-runbooks/issues/9"",
  ""number"": 9,
  ""state"": ""closed"",
  ""locked"": false,
  ""title"": ""[mcp-v8-scale] PR"",
  ""user"": {
    ""login"": ""To2004"",
    ""id"": 151865316,
    ""avatar_url"": ""https://avatars.githubusercontent.com/u/151865316?v=4"",
    ""url"": ""https://api.github.com/users/To2004"",
    ""html_url"": ""https://github.com/To2004""
  },
  ""body"": ""[mcp-v8-scale]"",
  ""created_at"": ""2026-08-06T11:22:37Z"",
  ""updated_at"": ""2026-08-06T11:22:47Z"",
  ""closed_at"": ""2026-08-06T11:22:42Z"",
  ""merged_at"": ""2026-08-06T11:22:42Z"",
  ""merge_commit_sha"": ""e42c69e9d9561173cbe35c803d1e6504e2bb9524"",
  ""assignee"": null,
  ""assignees"": [],
  ""requested_reviewers"": [],
  ""labels"": [],
  ""head"": {
    ""label"": ""To2004:scale/2026-08-06-helios-o"",
    ""ref"": ""scale/2026-08-06-helios-o"",
    ""sha"": ""3781be7127b208d4ec3f298b16a559d21f92c855"",
    ""user"": {
      ""login"": ""To2004"",
      ""id"": 151865316,
      ""avatar_url"": ""https://avatars.githubusercontent.com/u/151865316?v=4"",
      ""url"": ""https://api.github.com/users/To2004"",
      ""html_url"": ""https://github.com/To2004""
    },
    ""repo"": {",v8_scale,false
454,2026-08-06T14:00:34,github_helios,scale@github_helios,SCALE,helios-ot-runbooks,get_pull_request_files,OK,"{""owner"": ""To2004"", ""repo"": ""helios-ot-runbooks"", ""pull_number"": 9}","[
  {
    ""sha"": ""ca5f323e964e66f2308a25f5ab94f6fb836018d9"",
    ""filename"": ""scale-2026-08-06-b.md"",
    ""status"": ""added"",
    ""additions"": 1,
    ""deletions"": 0,
    ""changes"": 1,
    ""blob_url"": ""https://github.com/To2004/helios-ot-runbooks/blob/3781be7127b208d4ec3f298b16a559d21f92c855/scale-2026-08-06-b.md"",
    ""raw_url"": ""https://github.com/To2004/helios-ot-runbooks/raw/3781be7127b208d4ec3f298b16a559d21f92c855/scale-2026-08-06-b.md"",
    ""contents_url"": ""https://api.github.com/repos/To2004/helios-ot-runbooks/contents/scale-2026-08-06-b.md?ref=3781be7127b208d4ec3f298b16a559d21f92c855"",
    ""patch"": ""@@ -0,0 +1 @@\n+[mcp-v8-scale]""
  },
  {
    ""sha"": ""ca5f323e964e66f2308a25f5ab94f6fb836018d9"",
    ""filename"": ""scale-2026-08-06.md"",
    ""status"": ""added"",
    ""additions"": 1,
    ""deletions"": 0,
    ""changes"": 1,
    ""blob_url"": ""https://github.com/To2004/helios-ot-runbooks/blob/3781be7127b208d4ec3f298b16a559d21f92c855/scale-2026-08-06.md"",
    ""raw_url"": ""https://github.com/To2004/helios-ot-runbooks/raw/3781be7127b208d4ec3f298b16a559d21f92c855/scale-2026-08-06.md"",
    ""contents_url"": ""https://api.github.com/repos/To2004/helios-ot-runbooks/contents/scale-2026-08-06.md?ref=3781be7127b208d4ec3f298b16a559d21f92c855"",
    ""patch"": ""@@ -0,0 +1 @@\n+[mcp-v8-scale]""
  }
]",v8_scale,false
455,2026-08-06T14:00:35,github_helios,scale@github_helios,SCALE,helios-ot-runbooks,get_pull_request_status,OK,"{""owner"": ""To2004"", ""repo"": ""helios-ot-runbooks"", ""pull_number"": 9}","{
  ""state"": ""pending"",
  ""statuses"": [],
  ""sha"": ""3781be7127b208d4ec3f298b16a559d21f92c855"",
  ""total_count"": 0
}",v8_scale,false
456,2026-08-06T14:00:36,github_helios,scale@github_helios,SCALE,helios-ot-runbooks,get_pull_request_comments,OK,"{""owner"": ""To2004"", ""repo"": ""helios-ot-runbooks"", ""pull_number"": 9}",[],v8_scale,false
457,2026-08-06T14:00:37,github_helios,scale@github_helios,SCALE,helios-ot-runbooks,get_pull_request_reviews,OK,"{""owner"": ""To2004"", ""repo"": ""helios-ot-runbooks"", ""pull_number"": 9}","[
  {
    ""id"": 4874080625,
    ""node_id"": ""PRR_kwDOTm9S9c8AAAABIoSRcQ"",
    ""user"": {
      ""login"": ""To2004"",
      ""id"": 151865316,
      ""avatar_url"": ""https://avatars.githubusercontent.com/u/151865316?v=4"",
      ""url"": ""https://api.github.com/users/To2004"",
      ""html_url"": ""https://github.com/To2004""
    },
    ""body"": ""[mcp-v8-scale] review"",
    ""state"": ""COMMENTED"",
    ""html_url"": ""https://github.com/To2004/helios-ot-runbooks/pull/9#pullrequestreview-4874080625"",
    ""pull_request_url"": ""https://api.github.com/repos/To2004/helios-ot-runbooks/pulls/9"",
    ""commit_id"": ""3781be7127b208d4ec3f298b16a559d21f92c855"",
    ""submitted_at"": ""2026-08-06T11:22:39Z"",
    ""author_association"": ""OWNER""
  }
]",v8_scale,false
458,2026-08-06T14:00:38,github_helios,scale@github_helios,SCALE,code-records,search_code,OK,"{""q"": ""repo:To2004/helios-ot-runbooks review""}","{
  ""total_count"": 0,
  ""incomplete_results"": false,
  ""items"": []
}",v8_scale,false
459,2026-08-06T14:00:39,github_helios,scale@github_helios,SCALE,helios-market-bidding-engine,get_file_contents,OK,"{""owner"": ""To2004"", ""repo"": ""helios-market-bidding-engine"", ""path"": ""README.md""}","{
  ""name"": ""README.md"",
  ""path"": ""README.md"",
  ""sha"": ""84c80adaf93c06a8651d11d911f9c4ebdac211c0"",
  ""size"": 124,
  ""url"": ""https://api.github.com/repos/To2004/helios-market-bidding-engine/contents/README.md?ref=main"",
  ""html_url"": ""https://github.com/To2004/helios-market-bidding-engine/blob/main/README.md"",
  ""git_url"": ""https://api.github.com/repos/To2004/helios-market-bidding-engine/git/blobs/84c80adaf93c06a8651d11d911f9c4ebdac211c0"",
  ""download_url"": ""https://raw.githubusercontent.com/To2004/helios-market-bidding-engine/main/README.md?token=BEGUPZABQ2YXXXAAWH7T2ATKORXOVAA"",
  ""type"": ""file"",
  ""content"": ""# helios-market-bidding-engine\n\nDay-ahead and intraday bidding strategy code. The strategy parameters are market-sensitive.\n"",
  ""encoding"": ""base64"",
  ""_links"": {
    ""self"": ""https://api.github.com/repos/To2004/helios-market-bidding-engine/contents/README.md?ref=main"",
    ""git"": ""https://api.github.com/repos/To2004/helios-market-bidding-engine/git/blobs/84c80adaf93c06a8651d11d911f9c4ebdac211c0"",
    ""html"": ""https://github.com/To2004/helios-market-bidding-engine/blob/main/README.md""
  }
}",v8_scale,false
460,2026-08-06T14:00:40,github_helios,scale@github_helios,SCALE,helios-market-bidding-engine,list_commits,OK,"{""owner"": ""To2004"", ""repo"": ""helios-market-bidding-engine""}","[
  {
    ""sha"": ""a613e0fc87d5a8a8497ed30b562b87a6eaef761f"",
    ""node_id"": ""C_kwDOTm9Su9oAKGE2MTNlMGZjODdkNWE4YTg0OTdlZDMwYjU2MmI4N2E2ZWFlZjc2MWY"",
    ""commit"": {
      ""author"": {
        ""name"": ""To2004"",
        ""email"": ""151865316+To2004@users.noreply.github.com"",
        ""date"": ""2026-07-29T09:02:45Z""
      },
      ""committer"": {
        ""name"": ""To2004"",
        ""email"": ""151865316+To2004@users.noreply.github.com"",
        ""date"": ""2026-07-29T09:02:45Z""
      },
      ""message"": ""Add strategy/ramp.md"",
      ""tree"": {
        ""sha"": ""752431b140170d3578b05a95aeb8886445c10180"",
        ""url"": ""https://api.github.com/repos/To2004/helios-market-bidding-engine/git/trees/752431b140170d3578b05a95aeb8886445c10180""
      },
      ""url"": ""https://api.github.com/repos/To2004/helios-market-bidding-engine/git/commits/a613e0fc87d5a8a8497ed30b562b87a6eaef761f"",
      ""comment_count"": 0,
      ""verification"": {
        ""verified"": false,
        ""reason"": ""unsigned"",
        ""signature"": null,
        ""payload"": null,
        ""verified_at"": null
      }
    },
    ""url"": ""https://api.github.com/repos/To2004/helios-market-bidding-engine/commits/a613e0fc87d5a8a8497ed30b562b87a6eaef761f"",
    ""html_url"": ""https://github.com/To2004/helios-market-bidding-engine/commit/a613e0fc87d5a8a8497ed30b562b87a6eaef761f"",
    ""comments_url"": ""https://api.github.com/repos/To2004/helios-market-bidding-engine/commits/a613e0fc87d5a8a8497ed30b562b87a6eaef761f/comments"",
    ""author"": {
      ""login"": ""To",v8_scale,false
461,2026-08-06T14:00:41,github_helios,scale@github_helios,SCALE,helios-market-bidding-engine,list_issues,OK,"{""owner"": ""To2004"", ""repo"": ""helios-market-bidding-engine"", ""state"": ""all""}","[
  {
    ""url"": ""https://api.github.com/repos/To2004/helios-market-bidding-engine/issues/10"",
    ""repository_url"": ""https://api.github.com/repos/To2004/helios-market-bidding-engine"",
    ""labels_url"": ""https://api.github.com/repos/To2004/helios-market-bidding-engine/issues/10/labels{/name}"",
    ""comments_url"": ""https://api.github.com/repos/To2004/helios-market-bidding-engine/issues/10/comments"",
    ""events_url"": ""https://api.github.com/repos/To2004/helios-market-bidding-engine/issues/10/events"",
    ""html_url"": ""https://github.com/To2004/helios-market-bidding-engine/issues/10"",
    ""id"": 5080617833,
    ""node_id"": ""I_kwDOTm9Su88AAAABLtQTaQ"",
    ""number"": 10,
    ""title"": ""[mcp-v8-scale] issue"",
    ""user"": {
      ""login"": ""To2004"",
      ""id"": 151865316,
      ""node_id"": ""U_kgDOCQ1H5A"",
      ""avatar_url"": ""https://avatars.githubusercontent.com/u/151865316?v=4"",
      ""gravatar_id"": """",
      ""url"": ""https://api.github.com/users/To2004"",
      ""html_url"": ""https://github.com/To2004"",
      ""followers_url"": ""https://api.github.com/users/To2004/followers"",
      ""following_url"": ""https://api.github.com/users/To2004/following{/other_user}"",
      ""gists_url"": ""https://api.github.com/users/To2004/gists{/gist_id}"",
      ""starred_url"": ""https://api.github.com/users/To2004/starred{/owner}{/repo}"",
      ""subscriptions_url"": ""https://api.github.com/users/To2004/subscriptions"",
      ""organizations_url"": ""https://api.github.com/users/To2004/orgs"",
      ""repos_url"": ""https://ap",v8_scale,false
462,2026-08-06T14:00:42,github_helios,scale@github_helios,SCALE,helios-market-bidding-engine,get_issue,OK,"{""owner"": ""To2004"", ""repo"": ""helios-market-bidding-engine"", ""issue_number"": 10}","{
  ""url"": ""https://api.github.com/repos/To2004/helios-market-bidding-engine/issues/10"",
  ""repository_url"": ""https://api.github.com/repos/To2004/helios-market-bidding-engine"",
  ""labels_url"": ""https://api.github.com/repos/To2004/helios-market-bidding-engine/issues/10/labels{/name}"",
  ""comments_url"": ""https://api.github.com/repos/To2004/helios-market-bidding-engine/issues/10/comments"",
  ""events_url"": ""https://api.github.com/repos/To2004/helios-market-bidding-engine/issues/10/events"",
  ""html_url"": ""https://github.com/To2004/helios-market-bidding-engine/issues/10"",
  ""id"": 5080617833,
  ""node_id"": ""I_kwDOTm9Su88AAAABLtQTaQ"",
  ""number"": 10,
  ""title"": ""[mcp-v8-scale] issue"",
  ""user"": {
    ""login"": ""To2004"",
    ""id"": 151865316,
    ""node_id"": ""U_kgDOCQ1H5A"",
    ""avatar_url"": ""https://avatars.githubusercontent.com/u/151865316?v=4"",
    ""gravatar_id"": """",
    ""url"": ""https://api.github.com/users/To2004"",
    ""html_url"": ""https://github.com/To2004"",
    ""followers_url"": ""https://api.github.com/users/To2004/followers"",
    ""following_url"": ""https://api.github.com/users/To2004/following{/other_user}"",
    ""gists_url"": ""https://api.github.com/users/To2004/gists{/gist_id}"",
    ""starred_url"": ""https://api.github.com/users/To2004/starred{/owner}{/repo}"",
    ""subscriptions_url"": ""https://api.github.com/users/To2004/subscriptions"",
    ""organizations_url"": ""https://api.github.com/users/To2004/orgs"",
    ""repos_url"": ""https://api.github.com/users/To2004/repos"",
    ""events_url"": ""h",v8_scale,false
463,2026-08-06T14:00:43,github_helios,scale@github_helios,SCALE,helios-market-bidding-engine,get_issue,OK,"{""owner"": ""To2004"", ""repo"": ""helios-market-bidding-engine"", ""issue_number"": 9}","{
  ""url"": ""https://api.github.com/repos/To2004/helios-market-bidding-engine/issues/9"",
  ""repository_url"": ""https://api.github.com/repos/To2004/helios-market-bidding-engine"",
  ""labels_url"": ""https://api.github.com/repos/To2004/helios-market-bidding-engine/issues/9/labels{/name}"",
  ""comments_url"": ""https://api.github.com/repos/To2004/helios-market-bidding-engine/issues/9/comments"",
  ""events_url"": ""https://api.github.com/repos/To2004/helios-market-bidding-engine/issues/9/events"",
  ""html_url"": ""https://github.com/To2004/helios-market-bidding-engine/pull/9"",
  ""id"": 5080617206,
  ""node_id"": ""PR_kwDOTm9Su877jlnA"",
  ""number"": 9,
  ""title"": ""[mcp-v8-scale] PR"",
  ""user"": {
    ""login"": ""To2004"",
    ""id"": 151865316,
    ""node_id"": ""U_kgDOCQ1H5A"",
    ""avatar_url"": ""https://avatars.githubusercontent.com/u/151865316?v=4"",
    ""gravatar_id"": """",
    ""url"": ""https://api.github.com/users/To2004"",
    ""html_url"": ""https://github.com/To2004"",
    ""followers_url"": ""https://api.github.com/users/To2004/followers"",
    ""following_url"": ""https://api.github.com/users/To2004/following{/other_user}"",
    ""gists_url"": ""https://api.github.com/users/To2004/gists{/gist_id}"",
    ""starred_url"": ""https://api.github.com/users/To2004/starred{/owner}{/repo}"",
    ""subscriptions_url"": ""https://api.github.com/users/To2004/subscriptions"",
    ""organizations_url"": ""https://api.github.com/users/To2004/orgs"",
    ""repos_url"": ""https://api.github.com/users/To2004/repos"",
    ""events_url"": ""https://api.githu",v8_scale,false
464,2026-08-06T14:00:44,github_helios,scale@github_helios,SCALE,helios-market-bidding-engine,list_pull_requests,OK,"{""owner"": ""To2004"", ""repo"": ""helios-market-bidding-engine"", ""state"": ""all""}","[
  {
    ""url"": ""https://api.github.com/repos/To2004/helios-market-bidding-engine/pulls/9"",
    ""id"": 4220410304,
    ""node_id"": ""PR_kwDOTm9Su877jlnA"",
    ""html_url"": ""https://github.com/To2004/helios-market-bidding-engine/pull/9"",
    ""diff_url"": ""https://github.com/To2004/helios-market-bidding-engine/pull/9.diff"",
    ""patch_url"": ""https://github.com/To2004/helios-market-bidding-engine/pull/9.patch"",
    ""issue_url"": ""https://api.github.com/repos/To2004/helios-market-bidding-engine/issues/9"",
    ""number"": 9,
    ""state"": ""closed"",
    ""locked"": false,
    ""title"": ""[mcp-v8-scale] PR"",
    ""user"": {
      ""login"": ""To2004"",
      ""id"": 151865316,
      ""avatar_url"": ""https://avatars.githubusercontent.com/u/151865316?v=4"",
      ""url"": ""https://api.github.com/users/To2004"",
      ""html_url"": ""https://github.com/To2004""
    },
    ""body"": ""[mcp-v8-scale]"",
    ""created_at"": ""2026-08-06T11:21:26Z"",
    ""updated_at"": ""2026-08-06T11:21:36Z"",
    ""closed_at"": ""2026-08-06T11:21:31Z"",
    ""merged_at"": ""2026-08-06T11:21:31Z"",
    ""merge_commit_sha"": ""de6466f86a81a1520eba6aeb7a5d2bc33b52d7d9"",
    ""assignee"": null,
    ""assignees"": [],
    ""requested_reviewers"": [],
    ""labels"": [],
    ""head"": {
      ""label"": ""To2004:scale/2026-08-06-helios-m"",
      ""ref"": ""scale/2026-08-06-helios-m"",
      ""sha"": ""324cbc66b177e7b22ebaa8f2c6a23c7dde7fc4b2"",
      ""user"": {
        ""login"": ""To2004"",
        ""id"": 151865316,
        ""avatar_url"": ""https://avatars.githubusercontent.com/u/15186531",v8_scale,false
465,2026-08-06T14:00:45,github_helios,scale@github_helios,SCALE,helios-market-bidding-engine,get_pull_request,OK,"{""owner"": ""To2004"", ""repo"": ""helios-market-bidding-engine"", ""pull_number"": 9}","{
  ""url"": ""https://api.github.com/repos/To2004/helios-market-bidding-engine/pulls/9"",
  ""id"": 4220410304,
  ""node_id"": ""PR_kwDOTm9Su877jlnA"",
  ""html_url"": ""https://github.com/To2004/helios-market-bidding-engine/pull/9"",
  ""diff_url"": ""https://github.com/To2004/helios-market-bidding-engine/pull/9.diff"",
  ""patch_url"": ""https://github.com/To2004/helios-market-bidding-engine/pull/9.patch"",
  ""issue_url"": ""https://api.github.com/repos/To2004/helios-market-bidding-engine/issues/9"",
  ""number"": 9,
  ""state"": ""closed"",
  ""locked"": false,
  ""title"": ""[mcp-v8-scale] PR"",
  ""user"": {
    ""login"": ""To2004"",
    ""id"": 151865316,
    ""avatar_url"": ""https://avatars.githubusercontent.com/u/151865316?v=4"",
    ""url"": ""https://api.github.com/users/To2004"",
    ""html_url"": ""https://github.com/To2004""
  },
  ""body"": ""[mcp-v8-scale]"",
  ""created_at"": ""2026-08-06T11:21:26Z"",
  ""updated_at"": ""2026-08-06T11:21:36Z"",
  ""closed_at"": ""2026-08-06T11:21:31Z"",
  ""merged_at"": ""2026-08-06T11:21:31Z"",
  ""merge_commit_sha"": ""de6466f86a81a1520eba6aeb7a5d2bc33b52d7d9"",
  ""assignee"": null,
  ""assignees"": [],
  ""requested_reviewers"": [],
  ""labels"": [],
  ""head"": {
    ""label"": ""To2004:scale/2026-08-06-helios-m"",
    ""ref"": ""scale/2026-08-06-helios-m"",
    ""sha"": ""324cbc66b177e7b22ebaa8f2c6a23c7dde7fc4b2"",
    ""user"": {
      ""login"": ""To2004"",
      ""id"": 151865316,
      ""avatar_url"": ""https://avatars.githubusercontent.com/u/151865316?v=4"",
      ""url"": ""https://api.github.com/users/To2004"",
      ""html_url""",v8_scale,false
466,2026-08-06T14:00:46,github_helios,scale@github_helios,SCALE,helios-market-bidding-engine,get_pull_request_files,OK,"{""owner"": ""To2004"", ""repo"": ""helios-market-bidding-engine"", ""pull_number"": 9}","[
  {
    ""sha"": ""ca5f323e964e66f2308a25f5ab94f6fb836018d9"",
    ""filename"": ""scale-2026-08-06-b.md"",
    ""status"": ""added"",
    ""additions"": 1,
    ""deletions"": 0,
    ""changes"": 1,
    ""blob_url"": ""https://github.com/To2004/helios-market-bidding-engine/blob/324cbc66b177e7b22ebaa8f2c6a23c7dde7fc4b2/scale-2026-08-06-b.md"",
    ""raw_url"": ""https://github.com/To2004/helios-market-bidding-engine/raw/324cbc66b177e7b22ebaa8f2c6a23c7dde7fc4b2/scale-2026-08-06-b.md"",
    ""contents_url"": ""https://api.github.com/repos/To2004/helios-market-bidding-engine/contents/scale-2026-08-06-b.md?ref=324cbc66b177e7b22ebaa8f2c6a23c7dde7fc4b2"",
    ""patch"": ""@@ -0,0 +1 @@\n+[mcp-v8-scale]""
  },
  {
    ""sha"": ""ca5f323e964e66f2308a25f5ab94f6fb836018d9"",
    ""filename"": ""scale-2026-08-06.md"",
    ""status"": ""added"",
    ""additions"": 1,
    ""deletions"": 0,
    ""changes"": 1,
    ""blob_url"": ""https://github.com/To2004/helios-market-bidding-engine/blob/324cbc66b177e7b22ebaa8f2c6a23c7dde7fc4b2/scale-2026-08-06.md"",
    ""raw_url"": ""https://github.com/To2004/helios-market-bidding-engine/raw/324cbc66b177e7b22ebaa8f2c6a23c7dde7fc4b2/scale-2026-08-06.md"",
    ""contents_url"": ""https://api.github.com/repos/To2004/helios-market-bidding-engine/contents/scale-2026-08-06.md?ref=324cbc66b177e7b22ebaa8f2c6a23c7dde7fc4b2"",
    ""patch"": ""@@ -0,0 +1 @@\n+[mcp-v8-scale]""
  }
]",v8_scale,false
467,2026-08-06T14:00:47,github_helios,scale@github_helios,SCALE,helios-market-bidding-engine,get_pull_request_status,OK,"{""owner"": ""To2004"", ""repo"": ""helios-market-bidding-engine"", ""pull_number"": 9}","{
  ""state"": ""pending"",
  ""statuses"": [],
  ""sha"": ""324cbc66b177e7b22ebaa8f2c6a23c7dde7fc4b2"",
  ""total_count"": 0
}",v8_scale,false
468,2026-08-06T14:00:48,github_helios,scale@github_helios,SCALE,helios-market-bidding-engine,get_pull_request_comments,OK,"{""owner"": ""To2004"", ""repo"": ""helios-market-bidding-engine"", ""pull_number"": 9}",[],v8_scale,false
469,2026-08-06T14:00:49,github_helios,scale@github_helios,SCALE,helios-market-bidding-engine,get_pull_request_reviews,OK,"{""owner"": ""To2004"", ""repo"": ""helios-market-bidding-engine"", ""pull_number"": 9}","[
  {
    ""id"": 4874072936,
    ""node_id"": ""PRR_kwDOTm9Su88AAAABIoRzaA"",
    ""user"": {
      ""login"": ""To2004"",
      ""id"": 151865316,
      ""avatar_url"": ""https://avatars.githubusercontent.com/u/151865316?v=4"",
      ""url"": ""https://api.github.com/users/To2004"",
      ""html_url"": ""https://github.com/To2004""
    },
    ""body"": ""[mcp-v8-scale] review"",
    ""state"": ""COMMENTED"",
    ""html_url"": ""https://github.com/To2004/helios-market-bidding-engine/pull/9#pullrequestreview-4874072936"",
    ""pull_request_url"": ""https://api.github.com/repos/To2004/helios-market-bidding-engine/pulls/9"",
    ""commit_id"": ""324cbc66b177e7b22ebaa8f2c6a23c7dde7fc4b2"",
    ""submitted_at"": ""2026-08-06T11:21:28Z"",
    ""author_association"": ""OWNER""
  }
]",v8_scale,false
470,2026-08-06T14:00:50,github_helios,scale@github_helios,SCALE,helios-scada-gateway,get_file_contents,OK,"{""owner"": ""To2004"", ""repo"": ""helios-scada-gateway"", ""path"": ""README.md""}","{
  ""name"": ""README.md"",
  ""path"": ""README.md"",
  ""sha"": ""aa474c8de7c3844706c223a210447c93abc62044"",
  ""size"": 157,
  ""url"": ""https://api.github.com/repos/To2004/helios-scada-gateway/contents/README.md?ref=main"",
  ""html_url"": ""https://github.com/To2004/helios-scada-gateway/blob/main/README.md"",
  ""git_url"": ""https://api.github.com/repos/To2004/helios-scada-gateway/git/blobs/aa474c8de7c3844706c223a210447c93abc62044"",
  ""download_url"": ""https://raw.githubusercontent.com/To2004/helios-scada-gateway/main/README.md?token=BEGUPZG7VSDWFCCWJVDXZ73KORXPBAA"",
  ""type"": ""file"",
  ""content"": ""# helios-scada-gateway\n\nProtocol gateway fronting the transmission SCADA estate. Code here sits on the control-room path and is a NERC CIP BES cyber system.\n"",
  ""encoding"": ""base64"",
  ""_links"": {
    ""self"": ""https://api.github.com/repos/To2004/helios-scada-gateway/contents/README.md?ref=main"",
    ""git"": ""https://api.github.com/repos/To2004/helios-scada-gateway/git/blobs/aa474c8de7c3844706c223a210447c93abc62044"",
    ""html"": ""https://github.com/To2004/helios-scada-gateway/blob/main/README.md""
  }
}",v8_scale,false
471,2026-08-06T14:00:51,github_helios,scale@github_helios,SCALE,helios-scada-gateway,list_commits,OK,"{""owner"": ""To2004"", ""repo"": ""helios-scada-gateway""}","[
  {
    ""sha"": ""4884c7ec5dab7812f2dc1dbc5cebcc25b6ea2018"",
    ""node_id"": ""C_kwDOTm9SOtoAKDQ4ODRjN2VjNWRhYjc4MTJmMmRjMWRiYzVjZWJjYzI1YjZlYTIwMTg"",
    ""commit"": {
      ""author"": {
        ""name"": ""To2004"",
        ""email"": ""151865316+To2004@users.noreply.github.com"",
        ""date"": ""2026-08-03T10:17:09Z""
      },
      ""committer"": {
        ""name"": ""To2004"",
        ""email"": ""151865316+To2004@users.noreply.github.com"",
        ""date"": ""2026-08-03T10:17:09Z""
      },
      ""message"": ""[mcp-scale-corpus] cleanup"",
      ""tree"": {
        ""sha"": ""90e1ebb47af419858a49cd8c592679579c95f642"",
        ""url"": ""https://api.github.com/repos/To2004/helios-scada-gateway/git/trees/90e1ebb47af419858a49cd8c592679579c95f642""
      },
      ""url"": ""https://api.github.com/repos/To2004/helios-scada-gateway/git/commits/4884c7ec5dab7812f2dc1dbc5cebcc25b6ea2018"",
      ""comment_count"": 0,
      ""verification"": {
        ""verified"": false,
        ""reason"": ""unsigned"",
        ""signature"": null,
        ""payload"": null,
        ""verified_at"": null
      }
    },
    ""url"": ""https://api.github.com/repos/To2004/helios-scada-gateway/commits/4884c7ec5dab7812f2dc1dbc5cebcc25b6ea2018"",
    ""html_url"": ""https://github.com/To2004/helios-scada-gateway/commit/4884c7ec5dab7812f2dc1dbc5cebcc25b6ea2018"",
    ""comments_url"": ""https://api.github.com/repos/To2004/helios-scada-gateway/commits/4884c7ec5dab7812f2dc1dbc5cebcc25b6ea2018/comments"",
    ""author"": {
      ""login"": ""To2004"",
      ""id"": 151865316,
    ",v8_scale,false
472,2026-08-06T14:00:52,github_helios,scale@github_helios,SCALE,helios-scada-gateway,list_issues,OK,"{""owner"": ""To2004"", ""repo"": ""helios-scada-gateway"", ""state"": ""all""}","[
  {
    ""url"": ""https://api.github.com/repos/To2004/helios-scada-gateway/issues/32"",
    ""repository_url"": ""https://api.github.com/repos/To2004/helios-scada-gateway"",
    ""labels_url"": ""https://api.github.com/repos/To2004/helios-scada-gateway/issues/32/labels{/name}"",
    ""comments_url"": ""https://api.github.com/repos/To2004/helios-scada-gateway/issues/32/comments"",
    ""events_url"": ""https://api.github.com/repos/To2004/helios-scada-gateway/issues/32/events"",
    ""html_url"": ""https://github.com/To2004/helios-scada-gateway/issues/32"",
    ""id"": 5080620170,
    ""node_id"": ""I_kwDOTm9SOs8AAAABLtQcig"",
    ""number"": 32,
    ""title"": ""[mcp-v8-scale] issue"",
    ""user"": {
      ""login"": ""To2004"",
      ""id"": 151865316,
      ""node_id"": ""U_kgDOCQ1H5A"",
      ""avatar_url"": ""https://avatars.githubusercontent.com/u/151865316?v=4"",
      ""gravatar_id"": """",
      ""url"": ""https://api.github.com/users/To2004"",
      ""html_url"": ""https://github.com/To2004"",
      ""followers_url"": ""https://api.github.com/users/To2004/followers"",
      ""following_url"": ""https://api.github.com/users/To2004/following{/other_user}"",
      ""gists_url"": ""https://api.github.com/users/To2004/gists{/gist_id}"",
      ""starred_url"": ""https://api.github.com/users/To2004/starred{/owner}{/repo}"",
      ""subscriptions_url"": ""https://api.github.com/users/To2004/subscriptions"",
      ""organizations_url"": ""https://api.github.com/users/To2004/orgs"",
      ""repos_url"": ""https://api.github.com/users/To2004/repos"",
      ""events_",v8_scale,false
473,2026-08-06T14:00:53,github_helios,scale@github_helios,SCALE,helios-scada-gateway,get_issue,OK,"{""owner"": ""To2004"", ""repo"": ""helios-scada-gateway"", ""issue_number"": 32}","{
  ""url"": ""https://api.github.com/repos/To2004/helios-scada-gateway/issues/32"",
  ""repository_url"": ""https://api.github.com/repos/To2004/helios-scada-gateway"",
  ""labels_url"": ""https://api.github.com/repos/To2004/helios-scada-gateway/issues/32/labels{/name}"",
  ""comments_url"": ""https://api.github.com/repos/To2004/helios-scada-gateway/issues/32/comments"",
  ""events_url"": ""https://api.github.com/repos/To2004/helios-scada-gateway/issues/32/events"",
  ""html_url"": ""https://github.com/To2004/helios-scada-gateway/issues/32"",
  ""id"": 5080620170,
  ""node_id"": ""I_kwDOTm9SOs8AAAABLtQcig"",
  ""number"": 32,
  ""title"": ""[mcp-v8-scale] issue"",
  ""user"": {
    ""login"": ""To2004"",
    ""id"": 151865316,
    ""node_id"": ""U_kgDOCQ1H5A"",
    ""avatar_url"": ""https://avatars.githubusercontent.com/u/151865316?v=4"",
    ""gravatar_id"": """",
    ""url"": ""https://api.github.com/users/To2004"",
    ""html_url"": ""https://github.com/To2004"",
    ""followers_url"": ""https://api.github.com/users/To2004/followers"",
    ""following_url"": ""https://api.github.com/users/To2004/following{/other_user}"",
    ""gists_url"": ""https://api.github.com/users/To2004/gists{/gist_id}"",
    ""starred_url"": ""https://api.github.com/users/To2004/starred{/owner}{/repo}"",
    ""subscriptions_url"": ""https://api.github.com/users/To2004/subscriptions"",
    ""organizations_url"": ""https://api.github.com/users/To2004/orgs"",
    ""repos_url"": ""https://api.github.com/users/To2004/repos"",
    ""events_url"": ""https://api.github.com/users/To2004/events{/priva",v8_scale,false
474,2026-08-06T14:00:54,github_helios,scale@github_helios,SCALE,helios-scada-gateway,get_issue,OK,"{""owner"": ""To2004"", ""repo"": ""helios-scada-gateway"", ""issue_number"": 31}","{
  ""url"": ""https://api.github.com/repos/To2004/helios-scada-gateway/issues/31"",
  ""repository_url"": ""https://api.github.com/repos/To2004/helios-scada-gateway"",
  ""labels_url"": ""https://api.github.com/repos/To2004/helios-scada-gateway/issues/31/labels{/name}"",
  ""comments_url"": ""https://api.github.com/repos/To2004/helios-scada-gateway/issues/31/comments"",
  ""events_url"": ""https://api.github.com/repos/To2004/helios-scada-gateway/issues/31/events"",
  ""html_url"": ""https://github.com/To2004/helios-scada-gateway/pull/31"",
  ""id"": 5080619411,
  ""node_id"": ""PR_kwDOTm9SOs77jmE5"",
  ""number"": 31,
  ""title"": ""[mcp-v8-scale] PR"",
  ""user"": {
    ""login"": ""To2004"",
    ""id"": 151865316,
    ""node_id"": ""U_kgDOCQ1H5A"",
    ""avatar_url"": ""https://avatars.githubusercontent.com/u/151865316?v=4"",
    ""gravatar_id"": """",
    ""url"": ""https://api.github.com/users/To2004"",
    ""html_url"": ""https://github.com/To2004"",
    ""followers_url"": ""https://api.github.com/users/To2004/followers"",
    ""following_url"": ""https://api.github.com/users/To2004/following{/other_user}"",
    ""gists_url"": ""https://api.github.com/users/To2004/gists{/gist_id}"",
    ""starred_url"": ""https://api.github.com/users/To2004/starred{/owner}{/repo}"",
    ""subscriptions_url"": ""https://api.github.com/users/To2004/subscriptions"",
    ""organizations_url"": ""https://api.github.com/users/To2004/orgs"",
    ""repos_url"": ""https://api.github.com/users/To2004/repos"",
    ""events_url"": ""https://api.github.com/users/To2004/events{/privacy}"",
    ",v8_scale,false
475,2026-08-06T14:00:55,github_helios,scale@github_helios,SCALE,helios-scada-gateway,list_pull_requests,OK,"{""owner"": ""To2004"", ""repo"": ""helios-scada-gateway"", ""state"": ""all""}","[
  {
    ""url"": ""https://api.github.com/repos/To2004/helios-scada-gateway/pulls/31"",
    ""id"": 4220412217,
    ""node_id"": ""PR_kwDOTm9SOs77jmE5"",
    ""html_url"": ""https://github.com/To2004/helios-scada-gateway/pull/31"",
    ""diff_url"": ""https://github.com/To2004/helios-scada-gateway/pull/31.diff"",
    ""patch_url"": ""https://github.com/To2004/helios-scada-gateway/pull/31.patch"",
    ""issue_url"": ""https://api.github.com/repos/To2004/helios-scada-gateway/issues/31"",
    ""number"": 31,
    ""state"": ""closed"",
    ""locked"": false,
    ""title"": ""[mcp-v8-scale] PR"",
    ""user"": {
      ""login"": ""To2004"",
      ""id"": 151865316,
      ""avatar_url"": ""https://avatars.githubusercontent.com/u/151865316?v=4"",
      ""url"": ""https://api.github.com/users/To2004"",
      ""html_url"": ""https://github.com/To2004""
    },
    ""body"": ""[mcp-v8-scale]"",
    ""created_at"": ""2026-08-06T11:21:43Z"",
    ""updated_at"": ""2026-08-06T11:21:53Z"",
    ""closed_at"": ""2026-08-06T11:21:49Z"",
    ""merged_at"": ""2026-08-06T11:21:49Z"",
    ""merge_commit_sha"": ""b89e8936b791dc3b8d8b6967569996075dcb933d"",
    ""assignee"": null,
    ""assignees"": [],
    ""requested_reviewers"": [],
    ""labels"": [],
    ""head"": {
      ""label"": ""To2004:scale/2026-08-06-helios-s"",
      ""ref"": ""scale/2026-08-06-helios-s"",
      ""sha"": ""4b967d94d9fd069f599b129ddc216a2998d96601"",
      ""user"": {
        ""login"": ""To2004"",
        ""id"": 151865316,
        ""avatar_url"": ""https://avatars.githubusercontent.com/u/151865316?v=4"",
        ""url"": ""https://ap",v8_scale,false
476,2026-08-06T14:00:56,github_helios,scale@github_helios,SCALE,helios-scada-gateway,get_pull_request,OK,"{""owner"": ""To2004"", ""repo"": ""helios-scada-gateway"", ""pull_number"": 31}","{
  ""url"": ""https://api.github.com/repos/To2004/helios-scada-gateway/pulls/31"",
  ""id"": 4220412217,
  ""node_id"": ""PR_kwDOTm9SOs77jmE5"",
  ""html_url"": ""https://github.com/To2004/helios-scada-gateway/pull/31"",
  ""diff_url"": ""https://github.com/To2004/helios-scada-gateway/pull/31.diff"",
  ""patch_url"": ""https://github.com/To2004/helios-scada-gateway/pull/31.patch"",
  ""issue_url"": ""https://api.github.com/repos/To2004/helios-scada-gateway/issues/31"",
  ""number"": 31,
  ""state"": ""closed"",
  ""locked"": false,
  ""title"": ""[mcp-v8-scale] PR"",
  ""user"": {
    ""login"": ""To2004"",
    ""id"": 151865316,
    ""avatar_url"": ""https://avatars.githubusercontent.com/u/151865316?v=4"",
    ""url"": ""https://api.github.com/users/To2004"",
    ""html_url"": ""https://github.com/To2004""
  },
  ""body"": ""[mcp-v8-scale]"",
  ""created_at"": ""2026-08-06T11:21:43Z"",
  ""updated_at"": ""2026-08-06T11:21:53Z"",
  ""closed_at"": ""2026-08-06T11:21:49Z"",
  ""merged_at"": ""2026-08-06T11:21:49Z"",
  ""merge_commit_sha"": ""b89e8936b791dc3b8d8b6967569996075dcb933d"",
  ""assignee"": null,
  ""assignees"": [],
  ""requested_reviewers"": [],
  ""labels"": [],
  ""head"": {
    ""label"": ""To2004:scale/2026-08-06-helios-s"",
    ""ref"": ""scale/2026-08-06-helios-s"",
    ""sha"": ""4b967d94d9fd069f599b129ddc216a2998d96601"",
    ""user"": {
      ""login"": ""To2004"",
      ""id"": 151865316,
      ""avatar_url"": ""https://avatars.githubusercontent.com/u/151865316?v=4"",
      ""url"": ""https://api.github.com/users/To2004"",
      ""html_url"": ""https://github.com/To2004""
    ",v8_scale,false
477,2026-08-06T14:00:57,github_helios,scale@github_helios,SCALE,helios-scada-gateway,get_pull_request_files,OK,"{""owner"": ""To2004"", ""repo"": ""helios-scada-gateway"", ""pull_number"": 31}","[
  {
    ""sha"": ""ca5f323e964e66f2308a25f5ab94f6fb836018d9"",
    ""filename"": ""scale-2026-08-06-b.md"",
    ""status"": ""added"",
    ""additions"": 1,
    ""deletions"": 0,
    ""changes"": 1,
    ""blob_url"": ""https://github.com/To2004/helios-scada-gateway/blob/4b967d94d9fd069f599b129ddc216a2998d96601/scale-2026-08-06-b.md"",
    ""raw_url"": ""https://github.com/To2004/helios-scada-gateway/raw/4b967d94d9fd069f599b129ddc216a2998d96601/scale-2026-08-06-b.md"",
    ""contents_url"": ""https://api.github.com/repos/To2004/helios-scada-gateway/contents/scale-2026-08-06-b.md?ref=4b967d94d9fd069f599b129ddc216a2998d96601"",
    ""patch"": ""@@ -0,0 +1 @@\n+[mcp-v8-scale]""
  },
  {
    ""sha"": ""ca5f323e964e66f2308a25f5ab94f6fb836018d9"",
    ""filename"": ""scale-2026-08-06.md"",
    ""status"": ""added"",
    ""additions"": 1,
    ""deletions"": 0,
    ""changes"": 1,
    ""blob_url"": ""https://github.com/To2004/helios-scada-gateway/blob/4b967d94d9fd069f599b129ddc216a2998d96601/scale-2026-08-06.md"",
    ""raw_url"": ""https://github.com/To2004/helios-scada-gateway/raw/4b967d94d9fd069f599b129ddc216a2998d96601/scale-2026-08-06.md"",
    ""contents_url"": ""https://api.github.com/repos/To2004/helios-scada-gateway/contents/scale-2026-08-06.md?ref=4b967d94d9fd069f599b129ddc216a2998d96601"",
    ""patch"": ""@@ -0,0 +1 @@\n+[mcp-v8-scale]""
  }
]",v8_scale,false
478,2026-08-06T14:00:58,github_helios,scale@github_helios,SCALE,helios-scada-gateway,get_pull_request_status,OK,"{""owner"": ""To2004"", ""repo"": ""helios-scada-gateway"", ""pull_number"": 31}","{
  ""state"": ""pending"",
  ""statuses"": [],
  ""sha"": ""4b967d94d9fd069f599b129ddc216a2998d96601"",
  ""total_count"": 0
}",v8_scale,false
479,2026-08-06T14:00:59,github_helios,scale@github_helios,SCALE,helios-scada-gateway,get_pull_request_comments,OK,"{""owner"": ""To2004"", ""repo"": ""helios-scada-gateway"", ""pull_number"": 31}",[],v8_scale,false
480,2026-08-06T14:00:00,github_helios,scale@github_helios,SCALE,helios-scada-gateway,get_pull_request_reviews,OK,"{""owner"": ""To2004"", ""repo"": ""helios-scada-gateway"", ""pull_number"": 31}","[
  {
    ""id"": 4874074979,
    ""node_id"": ""PRR_kwDOTm9SOs8AAAABIoR7Yw"",
    ""user"": {
      ""login"": ""To2004"",
      ""id"": 151865316,
      ""avatar_url"": ""https://avatars.githubusercontent.com/u/151865316?v=4"",
      ""url"": ""https://api.github.com/users/To2004"",
      ""html_url"": ""https://github.com/To2004""
    },
    ""body"": ""[mcp-v8-scale] review"",
    ""state"": ""COMMENTED"",
    ""html_url"": ""https://github.com/To2004/helios-scada-gateway/pull/31#pullrequestreview-4874074979"",
    ""pull_request_url"": ""https://api.github.com/repos/To2004/helios-scada-gateway/pulls/31"",
    ""commit_id"": ""4b967d94d9fd069f599b129ddc216a2998d96601"",
    ""submitted_at"": ""2026-08-06T11:21:46Z"",
    ""author_association"": ""OWNER""
  }
]",v8_scale,false
481,2026-08-06T14:00:01,github_helios,scale@github_helios,SCALE,helios-public-site,get_file_contents,OK,"{""owner"": ""To2004"", ""repo"": ""helios-public-site"", ""path"": ""README.md""}","{
  ""name"": ""README.md"",
  ""path"": ""README.md"",
  ""sha"": ""3fae114a8f96e771ccdfdcc6e38893fb79b20837"",
  ""size"": 94,
  ""url"": ""https://api.github.com/repos/To2004/helios-public-site/contents/README.md?ref=main"",
  ""html_url"": ""https://github.com/To2004/helios-public-site/blob/main/README.md"",
  ""git_url"": ""https://api.github.com/repos/To2004/helios-public-site/git/blobs/3fae114a8f96e771ccdfdcc6e38893fb79b20837"",
  ""download_url"": ""https://raw.githubusercontent.com/To2004/helios-public-site/main/README.md?token=BEGUPZCGW6NSRMLXSA7UGJDKORXPNAA"",
  ""type"": ""file"",
  ""content"": ""# helios-public-site\n\nPublic Helios Grid website and network status pages. Already published.\n"",
  ""encoding"": ""base64"",
  ""_links"": {
    ""self"": ""https://api.github.com/repos/To2004/helios-public-site/contents/README.md?ref=main"",
    ""git"": ""https://api.github.com/repos/To2004/helios-public-site/git/blobs/3fae114a8f96e771ccdfdcc6e38893fb79b20837"",
    ""html"": ""https://github.com/To2004/helios-public-site/blob/main/README.md""
  }
}",v8_scale,false
482,2026-08-06T14:00:02,github_helios,scale@github_helios,SCALE,helios-public-site,list_commits,OK,"{""owner"": ""To2004"", ""repo"": ""helios-public-site""}","[
  {
    ""sha"": ""c042ca0ce26e1bd7c51220c7f4c9dc48d74f3898"",
    ""node_id"": ""C_kwDOTm9TQtoAKGMwNDJjYTBjZTI2ZTFiZDdjNTEyMjBjN2Y0YzlkYzQ4ZDc0ZjM4OTg"",
    ""commit"": {
      ""author"": {
        ""name"": ""To2004"",
        ""email"": ""151865316+To2004@users.noreply.github.com"",
        ""date"": ""2026-07-29T11:57:02Z""
      },
      ""committer"": {
        ""name"": ""GitHub"",
        ""email"": ""noreply@github.com"",
        ""date"": ""2026-07-29T11:57:02Z""
      },
      ""message"": ""Probe: tool/asset homing check (#1)\n\nProbe: verify merge_pull_request works"",
      ""tree"": {
        ""sha"": ""4e14f0cd2bfc694281e661b47c57d6a7bfc900ba"",
        ""url"": ""https://api.github.com/repos/To2004/helios-public-site/git/trees/4e14f0cd2bfc694281e661b47c57d6a7bfc900ba""
      },
      ""url"": ""https://api.github.com/repos/To2004/helios-public-site/git/commits/c042ca0ce26e1bd7c51220c7f4c9dc48d74f3898"",
      ""comment_count"": 0,
      ""verification"": {
        ""verified"": true,
        ""reason"": ""valid"",
        ""signature"": ""-----BEGIN PGP SIGNATURE-----\n\nwsFcBAABCAAQBQJqaeqOCRC1aQ7uu5UhlAAAuq0QAJkHCAafKOP+OctKs57G64Hw\nIyygS5L0141IlKedaWwDSAPfokO4fZoYyoVz7Os4/7ZVB8ePL7jWk1TiDneWcFNC\nVvRLtqiGGGLaqIEIBES44S4xXzU8FnQJHrdW+piqhT/j34jl3MkrUXnlNRepn7Xq\nBJC6IB09uATBpQkbGAmk71BV3PGZd61rgkjDyYoRpEdOStQAD+C3X2Ul60f5/HnO\n5Y051CjkQ4HqQrMAl46BMRVU2ROLd3LlgTEenxLyf0ZSrOeChH1Y0JCm+lMYRLZM\nb1n2ow23Gs/NMUtiRP5ORsftX+NkvEOAaU+uHAB75xmN4x1xum1Y50B1FC3oc+tX\nGHEs+iKSQ3UphV9jfC9JybdaIvmVd/6sE9kw7h4cFZ6wmGKoFrrlZ28TWdmyBGVZ",v8_scale,false
483,2026-08-06T14:00:03,github_helios,scale@github_helios,SCALE,helios-public-site,list_issues,OK,"{""owner"": ""To2004"", ""repo"": ""helios-public-site"", ""state"": ""all""}","[
  {
    ""url"": ""https://api.github.com/repos/To2004/helios-public-site/issues/29"",
    ""repository_url"": ""https://api.github.com/repos/To2004/helios-public-site"",
    ""labels_url"": ""https://api.github.com/repos/To2004/helios-public-site/issues/29/labels{/name}"",
    ""comments_url"": ""https://api.github.com/repos/To2004/helios-public-site/issues/29/comments"",
    ""events_url"": ""https://api.github.com/repos/To2004/helios-public-site/issues/29/events"",
    ""html_url"": ""https://github.com/To2004/helios-public-site/issues/29"",
    ""id"": 5080622301,
    ""node_id"": ""I_kwDOTm9TQs8AAAABLtQk3Q"",
    ""number"": 29,
    ""title"": ""[mcp-v8-scale] issue"",
    ""user"": {
      ""login"": ""To2004"",
      ""id"": 151865316,
      ""node_id"": ""U_kgDOCQ1H5A"",
      ""avatar_url"": ""https://avatars.githubusercontent.com/u/151865316?v=4"",
      ""gravatar_id"": """",
      ""url"": ""https://api.github.com/users/To2004"",
      ""html_url"": ""https://github.com/To2004"",
      ""followers_url"": ""https://api.github.com/users/To2004/followers"",
      ""following_url"": ""https://api.github.com/users/To2004/following{/other_user}"",
      ""gists_url"": ""https://api.github.com/users/To2004/gists{/gist_id}"",
      ""starred_url"": ""https://api.github.com/users/To2004/starred{/owner}{/repo}"",
      ""subscriptions_url"": ""https://api.github.com/users/To2004/subscriptions"",
      ""organizations_url"": ""https://api.github.com/users/To2004/orgs"",
      ""repos_url"": ""https://api.github.com/users/To2004/repos"",
      ""events_url"": ""https",v8_scale,false
484,2026-08-06T14:00:04,github_helios,scale@github_helios,SCALE,helios-public-site,get_issue,OK,"{""owner"": ""To2004"", ""repo"": ""helios-public-site"", ""issue_number"": 29}","{
  ""url"": ""https://api.github.com/repos/To2004/helios-public-site/issues/29"",
  ""repository_url"": ""https://api.github.com/repos/To2004/helios-public-site"",
  ""labels_url"": ""https://api.github.com/repos/To2004/helios-public-site/issues/29/labels{/name}"",
  ""comments_url"": ""https://api.github.com/repos/To2004/helios-public-site/issues/29/comments"",
  ""events_url"": ""https://api.github.com/repos/To2004/helios-public-site/issues/29/events"",
  ""html_url"": ""https://github.com/To2004/helios-public-site/issues/29"",
  ""id"": 5080622301,
  ""node_id"": ""I_kwDOTm9TQs8AAAABLtQk3Q"",
  ""number"": 29,
  ""title"": ""[mcp-v8-scale] issue"",
  ""user"": {
    ""login"": ""To2004"",
    ""id"": 151865316,
    ""node_id"": ""U_kgDOCQ1H5A"",
    ""avatar_url"": ""https://avatars.githubusercontent.com/u/151865316?v=4"",
    ""gravatar_id"": """",
    ""url"": ""https://api.github.com/users/To2004"",
    ""html_url"": ""https://github.com/To2004"",
    ""followers_url"": ""https://api.github.com/users/To2004/followers"",
    ""following_url"": ""https://api.github.com/users/To2004/following{/other_user}"",
    ""gists_url"": ""https://api.github.com/users/To2004/gists{/gist_id}"",
    ""starred_url"": ""https://api.github.com/users/To2004/starred{/owner}{/repo}"",
    ""subscriptions_url"": ""https://api.github.com/users/To2004/subscriptions"",
    ""organizations_url"": ""https://api.github.com/users/To2004/orgs"",
    ""repos_url"": ""https://api.github.com/users/To2004/repos"",
    ""events_url"": ""https://api.github.com/users/To2004/events{/privacy}"",
    ""r",v8_scale,false
485,2026-08-06T14:00:05,github_helios,scale@github_helios,SCALE,helios-public-site,get_issue,OK,"{""owner"": ""To2004"", ""repo"": ""helios-public-site"", ""issue_number"": 28}","{
  ""url"": ""https://api.github.com/repos/To2004/helios-public-site/issues/28"",
  ""repository_url"": ""https://api.github.com/repos/To2004/helios-public-site"",
  ""labels_url"": ""https://api.github.com/repos/To2004/helios-public-site/issues/28/labels{/name}"",
  ""comments_url"": ""https://api.github.com/repos/To2004/helios-public-site/issues/28/comments"",
  ""events_url"": ""https://api.github.com/repos/To2004/helios-public-site/issues/28/events"",
  ""html_url"": ""https://github.com/To2004/helios-public-site/pull/28"",
  ""id"": 5080621582,
  ""node_id"": ""PR_kwDOTm9TQs77jmip"",
  ""number"": 28,
  ""title"": ""[mcp-v8-scale] PR"",
  ""user"": {
    ""login"": ""To2004"",
    ""id"": 151865316,
    ""node_id"": ""U_kgDOCQ1H5A"",
    ""avatar_url"": ""https://avatars.githubusercontent.com/u/151865316?v=4"",
    ""gravatar_id"": """",
    ""url"": ""https://api.github.com/users/To2004"",
    ""html_url"": ""https://github.com/To2004"",
    ""followers_url"": ""https://api.github.com/users/To2004/followers"",
    ""following_url"": ""https://api.github.com/users/To2004/following{/other_user}"",
    ""gists_url"": ""https://api.github.com/users/To2004/gists{/gist_id}"",
    ""starred_url"": ""https://api.github.com/users/To2004/starred{/owner}{/repo}"",
    ""subscriptions_url"": ""https://api.github.com/users/To2004/subscriptions"",
    ""organizations_url"": ""https://api.github.com/users/To2004/orgs"",
    ""repos_url"": ""https://api.github.com/users/To2004/repos"",
    ""events_url"": ""https://api.github.com/users/To2004/events{/privacy}"",
    ""received_ev",v8_scale,false
486,2026-08-06T14:00:06,github_helios,scale@github_helios,SCALE,helios-public-site,list_pull_requests,OK,"{""owner"": ""To2004"", ""repo"": ""helios-public-site"", ""state"": ""all""}","[
  {
    ""url"": ""https://api.github.com/repos/To2004/helios-public-site/pulls/28"",
    ""id"": 4220414121,
    ""node_id"": ""PR_kwDOTm9TQs77jmip"",
    ""html_url"": ""https://github.com/To2004/helios-public-site/pull/28"",
    ""diff_url"": ""https://github.com/To2004/helios-public-site/pull/28.diff"",
    ""patch_url"": ""https://github.com/To2004/helios-public-site/pull/28.patch"",
    ""issue_url"": ""https://api.github.com/repos/To2004/helios-public-site/issues/28"",
    ""number"": 28,
    ""state"": ""closed"",
    ""locked"": false,
    ""title"": ""[mcp-v8-scale] PR"",
    ""user"": {
      ""login"": ""To2004"",
      ""id"": 151865316,
      ""avatar_url"": ""https://avatars.githubusercontent.com/u/151865316?v=4"",
      ""url"": ""https://api.github.com/users/To2004"",
      ""html_url"": ""https://github.com/To2004""
    },
    ""body"": ""[mcp-v8-scale]"",
    ""created_at"": ""2026-08-06T11:22:01Z"",
    ""updated_at"": ""2026-08-06T11:22:11Z"",
    ""closed_at"": ""2026-08-06T11:22:06Z"",
    ""merged_at"": ""2026-08-06T11:22:06Z"",
    ""merge_commit_sha"": ""0cd6cdfa89494329a071b4349d61162e6caeb594"",
    ""assignee"": null,
    ""assignees"": [],
    ""requested_reviewers"": [],
    ""labels"": [],
    ""head"": {
      ""label"": ""To2004:scale/2026-08-06-helios-p"",
      ""ref"": ""scale/2026-08-06-helios-p"",
      ""sha"": ""0fc14ba5813ad2e9328d5eea13c28a9005648ffa"",
      ""user"": {
        ""login"": ""To2004"",
        ""id"": 151865316,
        ""avatar_url"": ""https://avatars.githubusercontent.com/u/151865316?v=4"",
        ""url"": ""https://api.github.c",v8_scale,false
487,2026-08-06T14:00:07,github_helios,scale@github_helios,SCALE,helios-public-site,get_pull_request,OK,"{""owner"": ""To2004"", ""repo"": ""helios-public-site"", ""pull_number"": 28}","{
  ""url"": ""https://api.github.com/repos/To2004/helios-public-site/pulls/28"",
  ""id"": 4220414121,
  ""node_id"": ""PR_kwDOTm9TQs77jmip"",
  ""html_url"": ""https://github.com/To2004/helios-public-site/pull/28"",
  ""diff_url"": ""https://github.com/To2004/helios-public-site/pull/28.diff"",
  ""patch_url"": ""https://github.com/To2004/helios-public-site/pull/28.patch"",
  ""issue_url"": ""https://api.github.com/repos/To2004/helios-public-site/issues/28"",
  ""number"": 28,
  ""state"": ""closed"",
  ""locked"": false,
  ""title"": ""[mcp-v8-scale] PR"",
  ""user"": {
    ""login"": ""To2004"",
    ""id"": 151865316,
    ""avatar_url"": ""https://avatars.githubusercontent.com/u/151865316?v=4"",
    ""url"": ""https://api.github.com/users/To2004"",
    ""html_url"": ""https://github.com/To2004""
  },
  ""body"": ""[mcp-v8-scale]"",
  ""created_at"": ""2026-08-06T11:22:01Z"",
  ""updated_at"": ""2026-08-06T11:22:11Z"",
  ""closed_at"": ""2026-08-06T11:22:06Z"",
  ""merged_at"": ""2026-08-06T11:22:06Z"",
  ""merge_commit_sha"": ""0cd6cdfa89494329a071b4349d61162e6caeb594"",
  ""assignee"": null,
  ""assignees"": [],
  ""requested_reviewers"": [],
  ""labels"": [],
  ""head"": {
    ""label"": ""To2004:scale/2026-08-06-helios-p"",
    ""ref"": ""scale/2026-08-06-helios-p"",
    ""sha"": ""0fc14ba5813ad2e9328d5eea13c28a9005648ffa"",
    ""user"": {
      ""login"": ""To2004"",
      ""id"": 151865316,
      ""avatar_url"": ""https://avatars.githubusercontent.com/u/151865316?v=4"",
      ""url"": ""https://api.github.com/users/To2004"",
      ""html_url"": ""https://github.com/To2004""
    },
    ""re",v8_scale,false
488,2026-08-06T14:00:08,github_helios,scale@github_helios,SCALE,helios-public-site,get_pull_request_files,OK,"{""owner"": ""To2004"", ""repo"": ""helios-public-site"", ""pull_number"": 28}","[
  {
    ""sha"": ""ca5f323e964e66f2308a25f5ab94f6fb836018d9"",
    ""filename"": ""scale-2026-08-06-b.md"",
    ""status"": ""added"",
    ""additions"": 1,
    ""deletions"": 0,
    ""changes"": 1,
    ""blob_url"": ""https://github.com/To2004/helios-public-site/blob/0fc14ba5813ad2e9328d5eea13c28a9005648ffa/scale-2026-08-06-b.md"",
    ""raw_url"": ""https://github.com/To2004/helios-public-site/raw/0fc14ba5813ad2e9328d5eea13c28a9005648ffa/scale-2026-08-06-b.md"",
    ""contents_url"": ""https://api.github.com/repos/To2004/helios-public-site/contents/scale-2026-08-06-b.md?ref=0fc14ba5813ad2e9328d5eea13c28a9005648ffa"",
    ""patch"": ""@@ -0,0 +1 @@\n+[mcp-v8-scale]""
  },
  {
    ""sha"": ""ca5f323e964e66f2308a25f5ab94f6fb836018d9"",
    ""filename"": ""scale-2026-08-06.md"",
    ""status"": ""added"",
    ""additions"": 1,
    ""deletions"": 0,
    ""changes"": 1,
    ""blob_url"": ""https://github.com/To2004/helios-public-site/blob/0fc14ba5813ad2e9328d5eea13c28a9005648ffa/scale-2026-08-06.md"",
    ""raw_url"": ""https://github.com/To2004/helios-public-site/raw/0fc14ba5813ad2e9328d5eea13c28a9005648ffa/scale-2026-08-06.md"",
    ""contents_url"": ""https://api.github.com/repos/To2004/helios-public-site/contents/scale-2026-08-06.md?ref=0fc14ba5813ad2e9328d5eea13c28a9005648ffa"",
    ""patch"": ""@@ -0,0 +1 @@\n+[mcp-v8-scale]""
  }
]",v8_scale,false
489,2026-08-06T14:00:09,github_helios,scale@github_helios,SCALE,helios-public-site,get_pull_request_status,OK,"{""owner"": ""To2004"", ""repo"": ""helios-public-site"", ""pull_number"": 28}","{
  ""state"": ""pending"",
  ""statuses"": [],
  ""sha"": ""0fc14ba5813ad2e9328d5eea13c28a9005648ffa"",
  ""total_count"": 0
}",v8_scale,false
490,2026-08-06T14:00:10,github_helios,scale@github_helios,SCALE,helios-public-site,get_pull_request_comments,OK,"{""owner"": ""To2004"", ""repo"": ""helios-public-site"", ""pull_number"": 28}",[],v8_scale,false
491,2026-08-06T14:00:11,github_helios,scale@github_helios,SCALE,helios-public-site,get_pull_request_reviews,OK,"{""owner"": ""To2004"", ""repo"": ""helios-public-site"", ""pull_number"": 28}","[
  {
    ""id"": 4874076940,
    ""node_id"": ""PRR_kwDOTm9TQs8AAAABIoSDDA"",
    ""user"": {
      ""login"": ""To2004"",
      ""id"": 151865316,
      ""avatar_url"": ""https://avatars.githubusercontent.com/u/151865316?v=4"",
      ""url"": ""https://api.github.com/users/To2004"",
      ""html_url"": ""https://github.com/To2004""
    },
    ""body"": ""[mcp-v8-scale] review"",
    ""state"": ""COMMENTED"",
    ""html_url"": ""https://github.com/To2004/helios-public-site/pull/28#pullrequestreview-4874076940"",
    ""pull_request_url"": ""https://api.github.com/repos/To2004/helios-public-site/pulls/28"",
    ""commit_id"": ""0fc14ba5813ad2e9328d5eea13c28a9005648ffa"",
    ""submitted_at"": ""2026-08-06T11:22:04Z"",
    ""author_association"": ""OWNER""
  }
]",v8_scale,false
492,2026-08-06T14:00:12,github_helios,scale@github_helios,SCALE,helios-grid-infra-config,get_file_contents,OK,"{""owner"": ""To2004"", ""repo"": ""helios-grid-infra-config"", ""path"": ""README.md""}","{
  ""name"": ""README.md"",
  ""path"": ""README.md"",
  ""sha"": ""a33835db9971d364684fac8988dc5a4a35541e53"",
  ""size"": 149,
  ""url"": ""https://api.github.com/repos/To2004/helios-grid-infra-config/contents/README.md?ref=main"",
  ""html_url"": ""https://github.com/To2004/helios-grid-infra-config/blob/main/README.md"",
  ""git_url"": ""https://api.github.com/repos/To2004/helios-grid-infra-config/git/blobs/a33835db9971d364684fac8988dc5a4a35541e53"",
  ""download_url"": ""https://raw.githubusercontent.com/To2004/helios-grid-infra-config/main/README.md?token=BEGUPZAOYLDGH3JXKD34EGDKORXPZAA"",
  ""type"": ""file"",
  ""content"": ""# helios-grid-infra-config\n\nInfrastructure as code for the grid platform. A merge reconfigures systems inside the CIP electronic security perimeter.\n"",
  ""encoding"": ""base64"",
  ""_links"": {
    ""self"": ""https://api.github.com/repos/To2004/helios-grid-infra-config/contents/README.md?ref=main"",
    ""git"": ""https://api.github.com/repos/To2004/helios-grid-infra-config/git/blobs/a33835db9971d364684fac8988dc5a4a35541e53"",
    ""html"": ""https://github.com/To2004/helios-grid-infra-config/blob/main/README.md""
  }
}",v8_scale,false
493,2026-08-06T14:00:13,github_helios,scale@github_helios,SCALE,helios-grid-infra-config,list_commits,OK,"{""owner"": ""To2004"", ""repo"": ""helios-grid-infra-config""}","[
  {
    ""sha"": ""cdb06fc7397f0faed390ec0ba2b3c81b23c19f72"",
    ""node_id"": ""C_kwDOTm9SgNoAKGNkYjA2ZmM3Mzk3ZjBmYWVkMzkwZWMwYmEyYjNjODFiMjNjMTlmNzI"",
    ""commit"": {
      ""author"": {
        ""name"": ""To2004"",
        ""email"": ""151865316+To2004@users.noreply.github.com"",
        ""date"": ""2026-08-03T10:18:32Z""
      },
      ""committer"": {
        ""name"": ""To2004"",
        ""email"": ""151865316+To2004@users.noreply.github.com"",
        ""date"": ""2026-08-03T10:18:32Z""
      },
      ""message"": ""[mcp-scale-corpus] cleanup"",
      ""tree"": {
        ""sha"": ""d4ab354ea3d9acf7cf44d8f4e24732460ce7c4b6"",
        ""url"": ""https://api.github.com/repos/To2004/helios-grid-infra-config/git/trees/d4ab354ea3d9acf7cf44d8f4e24732460ce7c4b6""
      },
      ""url"": ""https://api.github.com/repos/To2004/helios-grid-infra-config/git/commits/cdb06fc7397f0faed390ec0ba2b3c81b23c19f72"",
      ""comment_count"": 0,
      ""verification"": {
        ""verified"": false,
        ""reason"": ""unsigned"",
        ""signature"": null,
        ""payload"": null,
        ""verified_at"": null
      }
    },
    ""url"": ""https://api.github.com/repos/To2004/helios-grid-infra-config/commits/cdb06fc7397f0faed390ec0ba2b3c81b23c19f72"",
    ""html_url"": ""https://github.com/To2004/helios-grid-infra-config/commit/cdb06fc7397f0faed390ec0ba2b3c81b23c19f72"",
    ""comments_url"": ""https://api.github.com/repos/To2004/helios-grid-infra-config/commits/cdb06fc7397f0faed390ec0ba2b3c81b23c19f72/comments"",
    ""author"": {
      ""login"": ""To2004"",
      """,v8_scale,false
494,2026-08-06T14:00:14,github_helios,scale@github_helios,SCALE,helios-grid-infra-config,list_issues,OK,"{""owner"": ""To2004"", ""repo"": ""helios-grid-infra-config"", ""state"": ""all""}","[
  {
    ""url"": ""https://api.github.com/repos/To2004/helios-grid-infra-config/issues/35"",
    ""repository_url"": ""https://api.github.com/repos/To2004/helios-grid-infra-config"",
    ""labels_url"": ""https://api.github.com/repos/To2004/helios-grid-infra-config/issues/35/labels{/name}"",
    ""comments_url"": ""https://api.github.com/repos/To2004/helios-grid-infra-config/issues/35/comments"",
    ""events_url"": ""https://api.github.com/repos/To2004/helios-grid-infra-config/issues/35/events"",
    ""html_url"": ""https://github.com/To2004/helios-grid-infra-config/issues/35"",
    ""id"": 5080624438,
    ""node_id"": ""I_kwDOTm9SgM8AAAABLtQtNg"",
    ""number"": 35,
    ""title"": ""[mcp-v8-scale] issue"",
    ""user"": {
      ""login"": ""To2004"",
      ""id"": 151865316,
      ""node_id"": ""U_kgDOCQ1H5A"",
      ""avatar_url"": ""https://avatars.githubusercontent.com/u/151865316?v=4"",
      ""gravatar_id"": """",
      ""url"": ""https://api.github.com/users/To2004"",
      ""html_url"": ""https://github.com/To2004"",
      ""followers_url"": ""https://api.github.com/users/To2004/followers"",
      ""following_url"": ""https://api.github.com/users/To2004/following{/other_user}"",
      ""gists_url"": ""https://api.github.com/users/To2004/gists{/gist_id}"",
      ""starred_url"": ""https://api.github.com/users/To2004/starred{/owner}{/repo}"",
      ""subscriptions_url"": ""https://api.github.com/users/To2004/subscriptions"",
      ""organizations_url"": ""https://api.github.com/users/To2004/orgs"",
      ""repos_url"": ""https://api.github.com/users/To200",v8_scale,false
495,2026-08-06T14:00:15,github_helios,scale@github_helios,SCALE,helios-grid-infra-config,get_issue,OK,"{""owner"": ""To2004"", ""repo"": ""helios-grid-infra-config"", ""issue_number"": 35}","{
  ""url"": ""https://api.github.com/repos/To2004/helios-grid-infra-config/issues/35"",
  ""repository_url"": ""https://api.github.com/repos/To2004/helios-grid-infra-config"",
  ""labels_url"": ""https://api.github.com/repos/To2004/helios-grid-infra-config/issues/35/labels{/name}"",
  ""comments_url"": ""https://api.github.com/repos/To2004/helios-grid-infra-config/issues/35/comments"",
  ""events_url"": ""https://api.github.com/repos/To2004/helios-grid-infra-config/issues/35/events"",
  ""html_url"": ""https://github.com/To2004/helios-grid-infra-config/issues/35"",
  ""id"": 5080624438,
  ""node_id"": ""I_kwDOTm9SgM8AAAABLtQtNg"",
  ""number"": 35,
  ""title"": ""[mcp-v8-scale] issue"",
  ""user"": {
    ""login"": ""To2004"",
    ""id"": 151865316,
    ""node_id"": ""U_kgDOCQ1H5A"",
    ""avatar_url"": ""https://avatars.githubusercontent.com/u/151865316?v=4"",
    ""gravatar_id"": """",
    ""url"": ""https://api.github.com/users/To2004"",
    ""html_url"": ""https://github.com/To2004"",
    ""followers_url"": ""https://api.github.com/users/To2004/followers"",
    ""following_url"": ""https://api.github.com/users/To2004/following{/other_user}"",
    ""gists_url"": ""https://api.github.com/users/To2004/gists{/gist_id}"",
    ""starred_url"": ""https://api.github.com/users/To2004/starred{/owner}{/repo}"",
    ""subscriptions_url"": ""https://api.github.com/users/To2004/subscriptions"",
    ""organizations_url"": ""https://api.github.com/users/To2004/orgs"",
    ""repos_url"": ""https://api.github.com/users/To2004/repos"",
    ""events_url"": ""https://api.github.com/us",v8_scale,false
496,2026-08-06T14:00:16,github_helios,scale@github_helios,SCALE,helios-grid-infra-config,get_issue,OK,"{""owner"": ""To2004"", ""repo"": ""helios-grid-infra-config"", ""issue_number"": 34}","{
  ""url"": ""https://api.github.com/repos/To2004/helios-grid-infra-config/issues/34"",
  ""repository_url"": ""https://api.github.com/repos/To2004/helios-grid-infra-config"",
  ""labels_url"": ""https://api.github.com/repos/To2004/helios-grid-infra-config/issues/34/labels{/name}"",
  ""comments_url"": ""https://api.github.com/repos/To2004/helios-grid-infra-config/issues/34/comments"",
  ""events_url"": ""https://api.github.com/repos/To2004/helios-grid-infra-config/issues/34/events"",
  ""html_url"": ""https://github.com/To2004/helios-grid-infra-config/pull/34"",
  ""id"": 5080623680,
  ""node_id"": ""PR_kwDOTm9SgM77jm_U"",
  ""number"": 34,
  ""title"": ""[mcp-v8-scale] PR"",
  ""user"": {
    ""login"": ""To2004"",
    ""id"": 151865316,
    ""node_id"": ""U_kgDOCQ1H5A"",
    ""avatar_url"": ""https://avatars.githubusercontent.com/u/151865316?v=4"",
    ""gravatar_id"": """",
    ""url"": ""https://api.github.com/users/To2004"",
    ""html_url"": ""https://github.com/To2004"",
    ""followers_url"": ""https://api.github.com/users/To2004/followers"",
    ""following_url"": ""https://api.github.com/users/To2004/following{/other_user}"",
    ""gists_url"": ""https://api.github.com/users/To2004/gists{/gist_id}"",
    ""starred_url"": ""https://api.github.com/users/To2004/starred{/owner}{/repo}"",
    ""subscriptions_url"": ""https://api.github.com/users/To2004/subscriptions"",
    ""organizations_url"": ""https://api.github.com/users/To2004/orgs"",
    ""repos_url"": ""https://api.github.com/users/To2004/repos"",
    ""events_url"": ""https://api.github.com/users/To2004",v8_scale,false
497,2026-08-06T14:00:17,github_helios,scale@github_helios,SCALE,helios-grid-infra-config,list_pull_requests,OK,"{""owner"": ""To2004"", ""repo"": ""helios-grid-infra-config"", ""state"": ""all""}","[
  {
    ""url"": ""https://api.github.com/repos/To2004/helios-grid-infra-config/pulls/34"",
    ""id"": 4220415956,
    ""node_id"": ""PR_kwDOTm9SgM77jm_U"",
    ""html_url"": ""https://github.com/To2004/helios-grid-infra-config/pull/34"",
    ""diff_url"": ""https://github.com/To2004/helios-grid-infra-config/pull/34.diff"",
    ""patch_url"": ""https://github.com/To2004/helios-grid-infra-config/pull/34.patch"",
    ""issue_url"": ""https://api.github.com/repos/To2004/helios-grid-infra-config/issues/34"",
    ""number"": 34,
    ""state"": ""closed"",
    ""locked"": false,
    ""title"": ""[mcp-v8-scale] PR"",
    ""user"": {
      ""login"": ""To2004"",
      ""id"": 151865316,
      ""avatar_url"": ""https://avatars.githubusercontent.com/u/151865316?v=4"",
      ""url"": ""https://api.github.com/users/To2004"",
      ""html_url"": ""https://github.com/To2004""
    },
    ""body"": ""[mcp-v8-scale]"",
    ""created_at"": ""2026-08-06T11:22:19Z"",
    ""updated_at"": ""2026-08-06T11:22:29Z"",
    ""closed_at"": ""2026-08-06T11:22:24Z"",
    ""merged_at"": ""2026-08-06T11:22:24Z"",
    ""merge_commit_sha"": ""ea48d68a58a08157b4b39ddde081b6eda4a32deb"",
    ""assignee"": null,
    ""assignees"": [],
    ""requested_reviewers"": [],
    ""labels"": [],
    ""head"": {
      ""label"": ""To2004:scale/2026-08-06-helios-g"",
      ""ref"": ""scale/2026-08-06-helios-g"",
      ""sha"": ""266aa3c953ff7d097872c306d96a30b9f0950033"",
      ""user"": {
        ""login"": ""To2004"",
        ""id"": 151865316,
        ""avatar_url"": ""https://avatars.githubusercontent.com/u/151865316?v=4"",
      ",v8_scale,false
498,2026-08-06T14:00:18,github_helios,scale@github_helios,SCALE,helios-grid-infra-config,get_pull_request,OK,"{""owner"": ""To2004"", ""repo"": ""helios-grid-infra-config"", ""pull_number"": 34}","{
  ""url"": ""https://api.github.com/repos/To2004/helios-grid-infra-config/pulls/34"",
  ""id"": 4220415956,
  ""node_id"": ""PR_kwDOTm9SgM77jm_U"",
  ""html_url"": ""https://github.com/To2004/helios-grid-infra-config/pull/34"",
  ""diff_url"": ""https://github.com/To2004/helios-grid-infra-config/pull/34.diff"",
  ""patch_url"": ""https://github.com/To2004/helios-grid-infra-config/pull/34.patch"",
  ""issue_url"": ""https://api.github.com/repos/To2004/helios-grid-infra-config/issues/34"",
  ""number"": 34,
  ""state"": ""closed"",
  ""locked"": false,
  ""title"": ""[mcp-v8-scale] PR"",
  ""user"": {
    ""login"": ""To2004"",
    ""id"": 151865316,
    ""avatar_url"": ""https://avatars.githubusercontent.com/u/151865316?v=4"",
    ""url"": ""https://api.github.com/users/To2004"",
    ""html_url"": ""https://github.com/To2004""
  },
  ""body"": ""[mcp-v8-scale]"",
  ""created_at"": ""2026-08-06T11:22:19Z"",
  ""updated_at"": ""2026-08-06T11:22:29Z"",
  ""closed_at"": ""2026-08-06T11:22:24Z"",
  ""merged_at"": ""2026-08-06T11:22:24Z"",
  ""merge_commit_sha"": ""ea48d68a58a08157b4b39ddde081b6eda4a32deb"",
  ""assignee"": null,
  ""assignees"": [],
  ""requested_reviewers"": [],
  ""labels"": [],
  ""head"": {
    ""label"": ""To2004:scale/2026-08-06-helios-g"",
    ""ref"": ""scale/2026-08-06-helios-g"",
    ""sha"": ""266aa3c953ff7d097872c306d96a30b9f0950033"",
    ""user"": {
      ""login"": ""To2004"",
      ""id"": 151865316,
      ""avatar_url"": ""https://avatars.githubusercontent.com/u/151865316?v=4"",
      ""url"": ""https://api.github.com/users/To2004"",
      ""html_url"": ""https://git",v8_scale,false
499,2026-08-06T14:00:19,github_helios,scale@github_helios,SCALE,helios-grid-infra-config,get_pull_request_files,OK,"{""owner"": ""To2004"", ""repo"": ""helios-grid-infra-config"", ""pull_number"": 34}","[
  {
    ""sha"": ""ca5f323e964e66f2308a25f5ab94f6fb836018d9"",
    ""filename"": ""scale-2026-08-06-b.md"",
    ""status"": ""added"",
    ""additions"": 1,
    ""deletions"": 0,
    ""changes"": 1,
    ""blob_url"": ""https://github.com/To2004/helios-grid-infra-config/blob/266aa3c953ff7d097872c306d96a30b9f0950033/scale-2026-08-06-b.md"",
    ""raw_url"": ""https://github.com/To2004/helios-grid-infra-config/raw/266aa3c953ff7d097872c306d96a30b9f0950033/scale-2026-08-06-b.md"",
    ""contents_url"": ""https://api.github.com/repos/To2004/helios-grid-infra-config/contents/scale-2026-08-06-b.md?ref=266aa3c953ff7d097872c306d96a30b9f0950033"",
    ""patch"": ""@@ -0,0 +1 @@\n+[mcp-v8-scale]""
  },
  {
    ""sha"": ""ca5f323e964e66f2308a25f5ab94f6fb836018d9"",
    ""filename"": ""scale-2026-08-06.md"",
    ""status"": ""added"",
    ""additions"": 1,
    ""deletions"": 0,
    ""changes"": 1,
    ""blob_url"": ""https://github.com/To2004/helios-grid-infra-config/blob/266aa3c953ff7d097872c306d96a30b9f0950033/scale-2026-08-06.md"",
    ""raw_url"": ""https://github.com/To2004/helios-grid-infra-config/raw/266aa3c953ff7d097872c306d96a30b9f0950033/scale-2026-08-06.md"",
    ""contents_url"": ""https://api.github.com/repos/To2004/helios-grid-infra-config/contents/scale-2026-08-06.md?ref=266aa3c953ff7d097872c306d96a30b9f0950033"",
    ""patch"": ""@@ -0,0 +1 @@\n+[mcp-v8-scale]""
  }
]",v8_scale,false
500,2026-08-06T14:00:20,github_helios,scale@github_helios,SCALE,helios-grid-infra-config,get_pull_request_status,OK,"{""owner"": ""To2004"", ""repo"": ""helios-grid-infra-config"", ""pull_number"": 34}","{
  ""state"": ""pending"",
  ""statuses"": [],
  ""sha"": ""266aa3c953ff7d097872c306d96a30b9f0950033"",
  ""total_count"": 0
}",v8_scale,false
501,2026-08-06T14:00:21,github_helios,scale@github_helios,SCALE,helios-grid-infra-config,get_pull_request_comments,OK,"{""owner"": ""To2004"", ""repo"": ""helios-grid-infra-config"", ""pull_number"": 34}",[],v8_scale,false
502,2026-08-06T14:00:22,github_helios,scale@github_helios,SCALE,helios-grid-infra-config,get_pull_request_reviews,OK,"{""owner"": ""To2004"", ""repo"": ""helios-grid-infra-config"", ""pull_number"": 34}","[
  {
    ""id"": 4874078782,
    ""node_id"": ""PRR_kwDOTm9SgM8AAAABIoSKPg"",
    ""user"": {
      ""login"": ""To2004"",
      ""id"": 151865316,
      ""avatar_url"": ""https://avatars.githubusercontent.com/u/151865316?v=4"",
      ""url"": ""https://api.github.com/users/To2004"",
      ""html_url"": ""https://github.com/To2004""
    },
    ""body"": ""[mcp-v8-scale] review"",
    ""state"": ""COMMENTED"",
    ""html_url"": ""https://github.com/To2004/helios-grid-infra-config/pull/34#pullrequestreview-4874078782"",
    ""pull_request_url"": ""https://api.github.com/repos/To2004/helios-grid-infra-config/pulls/34"",
    ""commit_id"": ""266aa3c953ff7d097872c306d96a30b9f0950033"",
    ""submitted_at"": ""2026-08-06T11:22:21Z"",
    ""author_association"": ""OWNER""
  }
]",v8_scale,false
503,2026-08-06T14:00:23,github_helios,scale@github_helios,SCALE,helios-ot-runbooks,get_file_contents,OK,"{""owner"": ""To2004"", ""repo"": ""helios-ot-runbooks"", ""path"": ""README.md""}","{
  ""name"": ""README.md"",
  ""path"": ""README.md"",
  ""sha"": ""3246cf176dea88e843e519222b375ad4eedbfec9"",
  ""size"": 127,
  ""url"": ""https://api.github.com/repos/To2004/helios-ot-runbooks/contents/README.md?ref=main"",
  ""html_url"": ""https://github.com/To2004/helios-ot-runbooks/blob/main/README.md"",
  ""git_url"": ""https://api.github.com/repos/To2004/helios-ot-runbooks/git/blobs/3246cf176dea88e843e519222b375ad4eedbfec9"",
  ""download_url"": ""https://raw.githubusercontent.com/To2004/helios-ot-runbooks/main/README.md?token=BEGUPZHSL5YEHOBS4M5HILTKORXQFAA"",
  ""type"": ""file"",
  ""content"": ""# helios-ot-runbooks\n\nOperational runbooks for the OT estate: switching procedures, patch windows and CIP evidence collection.\n"",
  ""encoding"": ""base64"",
  ""_links"": {
    ""self"": ""https://api.github.com/repos/To2004/helios-ot-runbooks/contents/README.md?ref=main"",
    ""git"": ""https://api.github.com/repos/To2004/helios-ot-runbooks/git/blobs/3246cf176dea88e843e519222b375ad4eedbfec9"",
    ""html"": ""https://github.com/To2004/helios-ot-runbooks/blob/main/README.md""
  }
}",v8_scale,false
504,2026-08-06T14:00:24,github_helios,scale@github_helios,SCALE,helios-ot-runbooks,list_commits,OK,"{""owner"": ""To2004"", ""repo"": ""helios-ot-runbooks""}","[
  {
    ""sha"": ""f910bef8e06b9ae9150312901f38a541a8add88e"",
    ""node_id"": ""C_kwDOTm9S9doAKGY5MTBiZWY4ZTA2YjlhZTkxNTAzMTI5MDFmMzhhNTQxYThhZGQ4OGU"",
    ""commit"": {
      ""author"": {
        ""name"": ""To2004"",
        ""email"": ""151865316+To2004@users.noreply.github.com"",
        ""date"": ""2026-07-29T09:02:50Z""
      },
      ""committer"": {
        ""name"": ""To2004"",
        ""email"": ""151865316+To2004@users.noreply.github.com"",
        ""date"": ""2026-07-29T09:02:50Z""
      },
      ""message"": ""Add runbooks/cip-007-patching.md"",
      ""tree"": {
        ""sha"": ""9abb30376d0cb68b1c35f46b97b208a91a601c22"",
        ""url"": ""https://api.github.com/repos/To2004/helios-ot-runbooks/git/trees/9abb30376d0cb68b1c35f46b97b208a91a601c22""
      },
      ""url"": ""https://api.github.com/repos/To2004/helios-ot-runbooks/git/commits/f910bef8e06b9ae9150312901f38a541a8add88e"",
      ""comment_count"": 0,
      ""verification"": {
        ""verified"": false,
        ""reason"": ""unsigned"",
        ""signature"": null,
        ""payload"": null,
        ""verified_at"": null
      }
    },
    ""url"": ""https://api.github.com/repos/To2004/helios-ot-runbooks/commits/f910bef8e06b9ae9150312901f38a541a8add88e"",
    ""html_url"": ""https://github.com/To2004/helios-ot-runbooks/commit/f910bef8e06b9ae9150312901f38a541a8add88e"",
    ""comments_url"": ""https://api.github.com/repos/To2004/helios-ot-runbooks/commits/f910bef8e06b9ae9150312901f38a541a8add88e/comments"",
    ""author"": {
      ""login"": ""To2004"",
      ""id"": 151865316,
      ""n",v8_scale,false
505,2026-08-06T14:00:25,github_helios,scale@github_helios,SCALE,helios-ot-runbooks,list_issues,OK,"{""owner"": ""To2004"", ""repo"": ""helios-ot-runbooks"", ""state"": ""all""}","[
  {
    ""url"": ""https://api.github.com/repos/To2004/helios-ot-runbooks/issues/10"",
    ""repository_url"": ""https://api.github.com/repos/To2004/helios-ot-runbooks"",
    ""labels_url"": ""https://api.github.com/repos/To2004/helios-ot-runbooks/issues/10/labels{/name}"",
    ""comments_url"": ""https://api.github.com/repos/To2004/helios-ot-runbooks/issues/10/comments"",
    ""events_url"": ""https://api.github.com/repos/To2004/helios-ot-runbooks/issues/10/events"",
    ""html_url"": ""https://github.com/To2004/helios-ot-runbooks/issues/10"",
    ""id"": 5080626479,
    ""node_id"": ""I_kwDOTm9S9c8AAAABLtQ1Lw"",
    ""number"": 10,
    ""title"": ""[mcp-v8-scale] issue"",
    ""user"": {
      ""login"": ""To2004"",
      ""id"": 151865316,
      ""node_id"": ""U_kgDOCQ1H5A"",
      ""avatar_url"": ""https://avatars.githubusercontent.com/u/151865316?v=4"",
      ""gravatar_id"": """",
      ""url"": ""https://api.github.com/users/To2004"",
      ""html_url"": ""https://github.com/To2004"",
      ""followers_url"": ""https://api.github.com/users/To2004/followers"",
      ""following_url"": ""https://api.github.com/users/To2004/following{/other_user}"",
      ""gists_url"": ""https://api.github.com/users/To2004/gists{/gist_id}"",
      ""starred_url"": ""https://api.github.com/users/To2004/starred{/owner}{/repo}"",
      ""subscriptions_url"": ""https://api.github.com/users/To2004/subscriptions"",
      ""organizations_url"": ""https://api.github.com/users/To2004/orgs"",
      ""repos_url"": ""https://api.github.com/users/To2004/repos"",
      ""events_url"": ""https",v8_scale,false
506,2026-08-06T14:00:26,github_helios,scale@github_helios,SCALE,helios-ot-runbooks,get_issue,OK,"{""owner"": ""To2004"", ""repo"": ""helios-ot-runbooks"", ""issue_number"": 10}","{
  ""url"": ""https://api.github.com/repos/To2004/helios-ot-runbooks/issues/10"",
  ""repository_url"": ""https://api.github.com/repos/To2004/helios-ot-runbooks"",
  ""labels_url"": ""https://api.github.com/repos/To2004/helios-ot-runbooks/issues/10/labels{/name}"",
  ""comments_url"": ""https://api.github.com/repos/To2004/helios-ot-runbooks/issues/10/comments"",
  ""events_url"": ""https://api.github.com/repos/To2004/helios-ot-runbooks/issues/10/events"",
  ""html_url"": ""https://github.com/To2004/helios-ot-runbooks/issues/10"",
  ""id"": 5080626479,
  ""node_id"": ""I_kwDOTm9S9c8AAAABLtQ1Lw"",
  ""number"": 10,
  ""title"": ""[mcp-v8-scale] issue"",
  ""user"": {
    ""login"": ""To2004"",
    ""id"": 151865316,
    ""node_id"": ""U_kgDOCQ1H5A"",
    ""avatar_url"": ""https://avatars.githubusercontent.com/u/151865316?v=4"",
    ""gravatar_id"": """",
    ""url"": ""https://api.github.com/users/To2004"",
    ""html_url"": ""https://github.com/To2004"",
    ""followers_url"": ""https://api.github.com/users/To2004/followers"",
    ""following_url"": ""https://api.github.com/users/To2004/following{/other_user}"",
    ""gists_url"": ""https://api.github.com/users/To2004/gists{/gist_id}"",
    ""starred_url"": ""https://api.github.com/users/To2004/starred{/owner}{/repo}"",
    ""subscriptions_url"": ""https://api.github.com/users/To2004/subscriptions"",
    ""organizations_url"": ""https://api.github.com/users/To2004/orgs"",
    ""repos_url"": ""https://api.github.com/users/To2004/repos"",
    ""events_url"": ""https://api.github.com/users/To2004/events{/privacy}"",
    ""r",v8_scale,false
507,2026-08-06T14:00:27,github_helios,scale@github_helios,SCALE,helios-ot-runbooks,get_issue,OK,"{""owner"": ""To2004"", ""repo"": ""helios-ot-runbooks"", ""issue_number"": 9}","{
  ""url"": ""https://api.github.com/repos/To2004/helios-ot-runbooks/issues/9"",
  ""repository_url"": ""https://api.github.com/repos/To2004/helios-ot-runbooks"",
  ""labels_url"": ""https://api.github.com/repos/To2004/helios-ot-runbooks/issues/9/labels{/name}"",
  ""comments_url"": ""https://api.github.com/repos/To2004/helios-ot-runbooks/issues/9/comments"",
  ""events_url"": ""https://api.github.com/repos/To2004/helios-ot-runbooks/issues/9/events"",
  ""html_url"": ""https://github.com/To2004/helios-ot-runbooks/pull/9"",
  ""id"": 5080625768,
  ""node_id"": ""PR_kwDOTm9S9c77jnbL"",
  ""number"": 9,
  ""title"": ""[mcp-v8-scale] PR"",
  ""user"": {
    ""login"": ""To2004"",
    ""id"": 151865316,
    ""node_id"": ""U_kgDOCQ1H5A"",
    ""avatar_url"": ""https://avatars.githubusercontent.com/u/151865316?v=4"",
    ""gravatar_id"": """",
    ""url"": ""https://api.github.com/users/To2004"",
    ""html_url"": ""https://github.com/To2004"",
    ""followers_url"": ""https://api.github.com/users/To2004/followers"",
    ""following_url"": ""https://api.github.com/users/To2004/following{/other_user}"",
    ""gists_url"": ""https://api.github.com/users/To2004/gists{/gist_id}"",
    ""starred_url"": ""https://api.github.com/users/To2004/starred{/owner}{/repo}"",
    ""subscriptions_url"": ""https://api.github.com/users/To2004/subscriptions"",
    ""organizations_url"": ""https://api.github.com/users/To2004/orgs"",
    ""repos_url"": ""https://api.github.com/users/To2004/repos"",
    ""events_url"": ""https://api.github.com/users/To2004/events{/privacy}"",
    ""received_events_u",v8_scale,false
508,2026-08-06T14:00:28,github_helios,scale@github_helios,SCALE,helios-ot-runbooks,list_pull_requests,OK,"{""owner"": ""To2004"", ""repo"": ""helios-ot-runbooks"", ""state"": ""all""}","[
  {
    ""url"": ""https://api.github.com/repos/To2004/helios-ot-runbooks/pulls/9"",
    ""id"": 4220417739,
    ""node_id"": ""PR_kwDOTm9S9c77jnbL"",
    ""html_url"": ""https://github.com/To2004/helios-ot-runbooks/pull/9"",
    ""diff_url"": ""https://github.com/To2004/helios-ot-runbooks/pull/9.diff"",
    ""patch_url"": ""https://github.com/To2004/helios-ot-runbooks/pull/9.patch"",
    ""issue_url"": ""https://api.github.com/repos/To2004/helios-ot-runbooks/issues/9"",
    ""number"": 9,
    ""state"": ""closed"",
    ""locked"": false,
    ""title"": ""[mcp-v8-scale] PR"",
    ""user"": {
      ""login"": ""To2004"",
      ""id"": 151865316,
      ""avatar_url"": ""https://avatars.githubusercontent.com/u/151865316?v=4"",
      ""url"": ""https://api.github.com/users/To2004"",
      ""html_url"": ""https://github.com/To2004""
    },
    ""body"": ""[mcp-v8-scale]"",
    ""created_at"": ""2026-08-06T11:22:37Z"",
    ""updated_at"": ""2026-08-06T11:22:47Z"",
    ""closed_at"": ""2026-08-06T11:22:42Z"",
    ""merged_at"": ""2026-08-06T11:22:42Z"",
    ""merge_commit_sha"": ""e42c69e9d9561173cbe35c803d1e6504e2bb9524"",
    ""assignee"": null,
    ""assignees"": [],
    ""requested_reviewers"": [],
    ""labels"": [],
    ""head"": {
      ""label"": ""To2004:scale/2026-08-06-helios-o"",
      ""ref"": ""scale/2026-08-06-helios-o"",
      ""sha"": ""3781be7127b208d4ec3f298b16a559d21f92c855"",
      ""user"": {
        ""login"": ""To2004"",
        ""id"": 151865316,
        ""avatar_url"": ""https://avatars.githubusercontent.com/u/151865316?v=4"",
        ""url"": ""https://api.github.com/use",v8_scale,false
509,2026-08-06T14:00:29,github_helios,scale@github_helios,SCALE,helios-ot-runbooks,get_pull_request,OK,"{""owner"": ""To2004"", ""repo"": ""helios-ot-runbooks"", ""pull_number"": 9}","{
  ""url"": ""https://api.github.com/repos/To2004/helios-ot-runbooks/pulls/9"",
  ""id"": 4220417739,
  ""node_id"": ""PR_kwDOTm9S9c77jnbL"",
  ""html_url"": ""https://github.com/To2004/helios-ot-runbooks/pull/9"",
  ""diff_url"": ""https://github.com/To2004/helios-ot-runbooks/pull/9.diff"",
  ""patch_url"": ""https://github.com/To2004/helios-ot-runbooks/pull/9.patch"",
  ""issue_url"": ""https://api.github.com/repos/To2004/helios-ot-runbooks/issues/9"",
  ""number"": 9,
  ""state"": ""closed"",
  ""locked"": false,
  ""title"": ""[mcp-v8-scale] PR"",
  ""user"": {
    ""login"": ""To2004"",
    ""id"": 151865316,
    ""avatar_url"": ""https://avatars.githubusercontent.com/u/151865316?v=4"",
    ""url"": ""https://api.github.com/users/To2004"",
    ""html_url"": ""https://github.com/To2004""
  },
  ""body"": ""[mcp-v8-scale]"",
  ""created_at"": ""2026-08-06T11:22:37Z"",
  ""updated_at"": ""2026-08-06T11:22:47Z"",
  ""closed_at"": ""2026-08-06T11:22:42Z"",
  ""merged_at"": ""2026-08-06T11:22:42Z"",
  ""merge_commit_sha"": ""e42c69e9d9561173cbe35c803d1e6504e2bb9524"",
  ""assignee"": null,
  ""assignees"": [],
  ""requested_reviewers"": [],
  ""labels"": [],
  ""head"": {
    ""label"": ""To2004:scale/2026-08-06-helios-o"",
    ""ref"": ""scale/2026-08-06-helios-o"",
    ""sha"": ""3781be7127b208d4ec3f298b16a559d21f92c855"",
    ""user"": {
      ""login"": ""To2004"",
      ""id"": 151865316,
      ""avatar_url"": ""https://avatars.githubusercontent.com/u/151865316?v=4"",
      ""url"": ""https://api.github.com/users/To2004"",
      ""html_url"": ""https://github.com/To2004""
    },
    ""repo"": {",v8_scale,false
510,2026-08-06T14:00:30,github_helios,scale@github_helios,SCALE,helios-ot-runbooks,get_pull_request_files,OK,"{""owner"": ""To2004"", ""repo"": ""helios-ot-runbooks"", ""pull_number"": 9}","[
  {
    ""sha"": ""ca5f323e964e66f2308a25f5ab94f6fb836018d9"",
    ""filename"": ""scale-2026-08-06-b.md"",
    ""status"": ""added"",
    ""additions"": 1,
    ""deletions"": 0,
    ""changes"": 1,
    ""blob_url"": ""https://github.com/To2004/helios-ot-runbooks/blob/3781be7127b208d4ec3f298b16a559d21f92c855/scale-2026-08-06-b.md"",
    ""raw_url"": ""https://github.com/To2004/helios-ot-runbooks/raw/3781be7127b208d4ec3f298b16a559d21f92c855/scale-2026-08-06-b.md"",
    ""contents_url"": ""https://api.github.com/repos/To2004/helios-ot-runbooks/contents/scale-2026-08-06-b.md?ref=3781be7127b208d4ec3f298b16a559d21f92c855"",
    ""patch"": ""@@ -0,0 +1 @@\n+[mcp-v8-scale]""
  },
  {
    ""sha"": ""ca5f323e964e66f2308a25f5ab94f6fb836018d9"",
    ""filename"": ""scale-2026-08-06.md"",
    ""status"": ""added"",
    ""additions"": 1,
    ""deletions"": 0,
    ""changes"": 1,
    ""blob_url"": ""https://github.com/To2004/helios-ot-runbooks/blob/3781be7127b208d4ec3f298b16a559d21f92c855/scale-2026-08-06.md"",
    ""raw_url"": ""https://github.com/To2004/helios-ot-runbooks/raw/3781be7127b208d4ec3f298b16a559d21f92c855/scale-2026-08-06.md"",
    ""contents_url"": ""https://api.github.com/repos/To2004/helios-ot-runbooks/contents/scale-2026-08-06.md?ref=3781be7127b208d4ec3f298b16a559d21f92c855"",
    ""patch"": ""@@ -0,0 +1 @@\n+[mcp-v8-scale]""
  }
]",v8_scale,false
511,2026-08-06T14:00:31,github_helios,scale@github_helios,SCALE,helios-ot-runbooks,get_pull_request_status,OK,"{""owner"": ""To2004"", ""repo"": ""helios-ot-runbooks"", ""pull_number"": 9}","{
  ""state"": ""pending"",
  ""statuses"": [],
  ""sha"": ""3781be7127b208d4ec3f298b16a559d21f92c855"",
  ""total_count"": 0
}",v8_scale,false
512,2026-08-06T14:00:32,github_helios,scale@github_helios,SCALE,helios-ot-runbooks,get_pull_request_comments,OK,"{""owner"": ""To2004"", ""repo"": ""helios-ot-runbooks"", ""pull_number"": 9}",[],v8_scale,false
513,2026-08-06T14:00:33,github_helios,scale@github_helios,SCALE,helios-ot-runbooks,get_pull_request_reviews,OK,"{""owner"": ""To2004"", ""repo"": ""helios-ot-runbooks"", ""pull_number"": 9}","[
  {
    ""id"": 4874080625,
    ""node_id"": ""PRR_kwDOTm9S9c8AAAABIoSRcQ"",
    ""user"": {
      ""login"": ""To2004"",
      ""id"": 151865316,
      ""avatar_url"": ""https://avatars.githubusercontent.com/u/151865316?v=4"",
      ""url"": ""https://api.github.com/users/To2004"",
      ""html_url"": ""https://github.com/To2004""
    },
    ""body"": ""[mcp-v8-scale] review"",
    ""state"": ""COMMENTED"",
    ""html_url"": ""https://github.com/To2004/helios-ot-runbooks/pull/9#pullrequestreview-4874080625"",
    ""pull_request_url"": ""https://api.github.com/repos/To2004/helios-ot-runbooks/pulls/9"",
    ""commit_id"": ""3781be7127b208d4ec3f298b16a559d21f92c855"",
    ""submitted_at"": ""2026-08-06T11:22:39Z"",
    ""author_association"": ""OWNER""
  }
]",v8_scale,false
514,2026-08-06T14:00:34,github_helios,scale@github_helios,SCALE,helios-market-bidding-engine,get_file_contents,OK,"{""owner"": ""To2004"", ""repo"": ""helios-market-bidding-engine"", ""path"": ""README.md""}","{
  ""name"": ""README.md"",
  ""path"": ""README.md"",
  ""sha"": ""84c80adaf93c06a8651d11d911f9c4ebdac211c0"",
  ""size"": 124,
  ""url"": ""https://api.github.com/repos/To2004/helios-market-bidding-engine/contents/README.md?ref=main"",
  ""html_url"": ""https://github.com/To2004/helios-market-bidding-engine/blob/main/README.md"",
  ""git_url"": ""https://api.github.com/repos/To2004/helios-market-bidding-engine/git/blobs/84c80adaf93c06a8651d11d911f9c4ebdac211c0"",
  ""download_url"": ""https://raw.githubusercontent.com/To2004/helios-market-bidding-engine/main/README.md?token=BEGUPZAAG3HRRTREEGVB55LKORXQRAA"",
  ""type"": ""file"",
  ""content"": ""# helios-market-bidding-engine\n\nDay-ahead and intraday bidding strategy code. The strategy parameters are market-sensitive.\n"",
  ""encoding"": ""base64"",
  ""_links"": {
    ""self"": ""https://api.github.com/repos/To2004/helios-market-bidding-engine/contents/README.md?ref=main"",
    ""git"": ""https://api.github.com/repos/To2004/helios-market-bidding-engine/git/blobs/84c80adaf93c06a8651d11d911f9c4ebdac211c0"",
    ""html"": ""https://github.com/To2004/helios-market-bidding-engine/blob/main/README.md""
  }
}",v8_scale,false
515,2026-08-06T14:00:35,github_helios,scale@github_helios,SCALE,helios-market-bidding-engine,list_commits,OK,"{""owner"": ""To2004"", ""repo"": ""helios-market-bidding-engine""}","[
  {
    ""sha"": ""a613e0fc87d5a8a8497ed30b562b87a6eaef761f"",
    ""node_id"": ""C_kwDOTm9Su9oAKGE2MTNlMGZjODdkNWE4YTg0OTdlZDMwYjU2MmI4N2E2ZWFlZjc2MWY"",
    ""commit"": {
      ""author"": {
        ""name"": ""To2004"",
        ""email"": ""151865316+To2004@users.noreply.github.com"",
        ""date"": ""2026-07-29T09:02:45Z""
      },
      ""committer"": {
        ""name"": ""To2004"",
        ""email"": ""151865316+To2004@users.noreply.github.com"",
        ""date"": ""2026-07-29T09:02:45Z""
      },
      ""message"": ""Add strategy/ramp.md"",
      ""tree"": {
        ""sha"": ""752431b140170d3578b05a95aeb8886445c10180"",
        ""url"": ""https://api.github.com/repos/To2004/helios-market-bidding-engine/git/trees/752431b140170d3578b05a95aeb8886445c10180""
      },
      ""url"": ""https://api.github.com/repos/To2004/helios-market-bidding-engine/git/commits/a613e0fc87d5a8a8497ed30b562b87a6eaef761f"",
      ""comment_count"": 0,
      ""verification"": {
        ""verified"": false,
        ""reason"": ""unsigned"",
        ""signature"": null,
        ""payload"": null,
        ""verified_at"": null
      }
    },
    ""url"": ""https://api.github.com/repos/To2004/helios-market-bidding-engine/commits/a613e0fc87d5a8a8497ed30b562b87a6eaef761f"",
    ""html_url"": ""https://github.com/To2004/helios-market-bidding-engine/commit/a613e0fc87d5a8a8497ed30b562b87a6eaef761f"",
    ""comments_url"": ""https://api.github.com/repos/To2004/helios-market-bidding-engine/commits/a613e0fc87d5a8a8497ed30b562b87a6eaef761f/comments"",
    ""author"": {
      ""login"": ""To",v8_scale,false
516,2026-08-06T14:00:36,github_helios,scale@github_helios,SCALE,helios-market-bidding-engine,list_issues,OK,"{""owner"": ""To2004"", ""repo"": ""helios-market-bidding-engine"", ""state"": ""all""}","[
  {
    ""url"": ""https://api.github.com/repos/To2004/helios-market-bidding-engine/issues/10"",
    ""repository_url"": ""https://api.github.com/repos/To2004/helios-market-bidding-engine"",
    ""labels_url"": ""https://api.github.com/repos/To2004/helios-market-bidding-engine/issues/10/labels{/name}"",
    ""comments_url"": ""https://api.github.com/repos/To2004/helios-market-bidding-engine/issues/10/comments"",
    ""events_url"": ""https://api.github.com/repos/To2004/helios-market-bidding-engine/issues/10/events"",
    ""html_url"": ""https://github.com/To2004/helios-market-bidding-engine/issues/10"",
    ""id"": 5080617833,
    ""node_id"": ""I_kwDOTm9Su88AAAABLtQTaQ"",
    ""number"": 10,
    ""title"": ""[mcp-v8-scale] issue"",
    ""user"": {
      ""login"": ""To2004"",
      ""id"": 151865316,
      ""node_id"": ""U_kgDOCQ1H5A"",
      ""avatar_url"": ""https://avatars.githubusercontent.com/u/151865316?v=4"",
      ""gravatar_id"": """",
      ""url"": ""https://api.github.com/users/To2004"",
      ""html_url"": ""https://github.com/To2004"",
      ""followers_url"": ""https://api.github.com/users/To2004/followers"",
      ""following_url"": ""https://api.github.com/users/To2004/following{/other_user}"",
      ""gists_url"": ""https://api.github.com/users/To2004/gists{/gist_id}"",
      ""starred_url"": ""https://api.github.com/users/To2004/starred{/owner}{/repo}"",
      ""subscriptions_url"": ""https://api.github.com/users/To2004/subscriptions"",
      ""organizations_url"": ""https://api.github.com/users/To2004/orgs"",
      ""repos_url"": ""https://ap",v8_scale,false
517,2026-08-06T14:00:37,github_helios,scale@github_helios,SCALE,helios-market-bidding-engine,get_issue,OK,"{""owner"": ""To2004"", ""repo"": ""helios-market-bidding-engine"", ""issue_number"": 10}","{
  ""url"": ""https://api.github.com/repos/To2004/helios-market-bidding-engine/issues/10"",
  ""repository_url"": ""https://api.github.com/repos/To2004/helios-market-bidding-engine"",
  ""labels_url"": ""https://api.github.com/repos/To2004/helios-market-bidding-engine/issues/10/labels{/name}"",
  ""comments_url"": ""https://api.github.com/repos/To2004/helios-market-bidding-engine/issues/10/comments"",
  ""events_url"": ""https://api.github.com/repos/To2004/helios-market-bidding-engine/issues/10/events"",
  ""html_url"": ""https://github.com/To2004/helios-market-bidding-engine/issues/10"",
  ""id"": 5080617833,
  ""node_id"": ""I_kwDOTm9Su88AAAABLtQTaQ"",
  ""number"": 10,
  ""title"": ""[mcp-v8-scale] issue"",
  ""user"": {
    ""login"": ""To2004"",
    ""id"": 151865316,
    ""node_id"": ""U_kgDOCQ1H5A"",
    ""avatar_url"": ""https://avatars.githubusercontent.com/u/151865316?v=4"",
    ""gravatar_id"": """",
    ""url"": ""https://api.github.com/users/To2004"",
    ""html_url"": ""https://github.com/To2004"",
    ""followers_url"": ""https://api.github.com/users/To2004/followers"",
    ""following_url"": ""https://api.github.com/users/To2004/following{/other_user}"",
    ""gists_url"": ""https://api.github.com/users/To2004/gists{/gist_id}"",
    ""starred_url"": ""https://api.github.com/users/To2004/starred{/owner}{/repo}"",
    ""subscriptions_url"": ""https://api.github.com/users/To2004/subscriptions"",
    ""organizations_url"": ""https://api.github.com/users/To2004/orgs"",
    ""repos_url"": ""https://api.github.com/users/To2004/repos"",
    ""events_url"": ""h",v8_scale,false
518,2026-08-06T14:00:38,github_helios,scale@github_helios,SCALE,helios-market-bidding-engine,get_issue,OK,"{""owner"": ""To2004"", ""repo"": ""helios-market-bidding-engine"", ""issue_number"": 9}","{
  ""url"": ""https://api.github.com/repos/To2004/helios-market-bidding-engine/issues/9"",
  ""repository_url"": ""https://api.github.com/repos/To2004/helios-market-bidding-engine"",
  ""labels_url"": ""https://api.github.com/repos/To2004/helios-market-bidding-engine/issues/9/labels{/name}"",
  ""comments_url"": ""https://api.github.com/repos/To2004/helios-market-bidding-engine/issues/9/comments"",
  ""events_url"": ""https://api.github.com/repos/To2004/helios-market-bidding-engine/issues/9/events"",
  ""html_url"": ""https://github.com/To2004/helios-market-bidding-engine/pull/9"",
  ""id"": 5080617206,
  ""node_id"": ""PR_kwDOTm9Su877jlnA"",
  ""number"": 9,
  ""title"": ""[mcp-v8-scale] PR"",
  ""user"": {
    ""login"": ""To2004"",
    ""id"": 151865316,
    ""node_id"": ""U_kgDOCQ1H5A"",
    ""avatar_url"": ""https://avatars.githubusercontent.com/u/151865316?v=4"",
    ""gravatar_id"": """",
    ""url"": ""https://api.github.com/users/To2004"",
    ""html_url"": ""https://github.com/To2004"",
    ""followers_url"": ""https://api.github.com/users/To2004/followers"",
    ""following_url"": ""https://api.github.com/users/To2004/following{/other_user}"",
    ""gists_url"": ""https://api.github.com/users/To2004/gists{/gist_id}"",
    ""starred_url"": ""https://api.github.com/users/To2004/starred{/owner}{/repo}"",
    ""subscriptions_url"": ""https://api.github.com/users/To2004/subscriptions"",
    ""organizations_url"": ""https://api.github.com/users/To2004/orgs"",
    ""repos_url"": ""https://api.github.com/users/To2004/repos"",
    ""events_url"": ""https://api.githu",v8_scale,false
519,2026-08-06T14:00:39,github_helios,scale@github_helios,SCALE,helios-market-bidding-engine,list_pull_requests,OK,"{""owner"": ""To2004"", ""repo"": ""helios-market-bidding-engine"", ""state"": ""all""}","[
  {
    ""url"": ""https://api.github.com/repos/To2004/helios-market-bidding-engine/pulls/9"",
    ""id"": 4220410304,
    ""node_id"": ""PR_kwDOTm9Su877jlnA"",
    ""html_url"": ""https://github.com/To2004/helios-market-bidding-engine/pull/9"",
    ""diff_url"": ""https://github.com/To2004/helios-market-bidding-engine/pull/9.diff"",
    ""patch_url"": ""https://github.com/To2004/helios-market-bidding-engine/pull/9.patch"",
    ""issue_url"": ""https://api.github.com/repos/To2004/helios-market-bidding-engine/issues/9"",
    ""number"": 9,
    ""state"": ""closed"",
    ""locked"": false,
    ""title"": ""[mcp-v8-scale] PR"",
    ""user"": {
      ""login"": ""To2004"",
      ""id"": 151865316,
      ""avatar_url"": ""https://avatars.githubusercontent.com/u/151865316?v=4"",
      ""url"": ""https://api.github.com/users/To2004"",
      ""html_url"": ""https://github.com/To2004""
    },
    ""body"": ""[mcp-v8-scale]"",
    ""created_at"": ""2026-08-06T11:21:26Z"",
    ""updated_at"": ""2026-08-06T11:21:36Z"",
    ""closed_at"": ""2026-08-06T11:21:31Z"",
    ""merged_at"": ""2026-08-06T11:21:31Z"",
    ""merge_commit_sha"": ""de6466f86a81a1520eba6aeb7a5d2bc33b52d7d9"",
    ""assignee"": null,
    ""assignees"": [],
    ""requested_reviewers"": [],
    ""labels"": [],
    ""head"": {
      ""label"": ""To2004:scale/2026-08-06-helios-m"",
      ""ref"": ""scale/2026-08-06-helios-m"",
      ""sha"": ""324cbc66b177e7b22ebaa8f2c6a23c7dde7fc4b2"",
      ""user"": {
        ""login"": ""To2004"",
        ""id"": 151865316,
        ""avatar_url"": ""https://avatars.githubusercontent.com/u/15186531",v8_scale,false
520,2026-08-06T14:00:40,github_helios,scale@github_helios,SCALE,helios-market-bidding-engine,get_pull_request,OK,"{""owner"": ""To2004"", ""repo"": ""helios-market-bidding-engine"", ""pull_number"": 9}","{
  ""url"": ""https://api.github.com/repos/To2004/helios-market-bidding-engine/pulls/9"",
  ""id"": 4220410304,
  ""node_id"": ""PR_kwDOTm9Su877jlnA"",
  ""html_url"": ""https://github.com/To2004/helios-market-bidding-engine/pull/9"",
  ""diff_url"": ""https://github.com/To2004/helios-market-bidding-engine/pull/9.diff"",
  ""patch_url"": ""https://github.com/To2004/helios-market-bidding-engine/pull/9.patch"",
  ""issue_url"": ""https://api.github.com/repos/To2004/helios-market-bidding-engine/issues/9"",
  ""number"": 9,
  ""state"": ""closed"",
  ""locked"": false,
  ""title"": ""[mcp-v8-scale] PR"",
  ""user"": {
    ""login"": ""To2004"",
    ""id"": 151865316,
    ""avatar_url"": ""https://avatars.githubusercontent.com/u/151865316?v=4"",
    ""url"": ""https://api.github.com/users/To2004"",
    ""html_url"": ""https://github.com/To2004""
  },
  ""body"": ""[mcp-v8-scale]"",
  ""created_at"": ""2026-08-06T11:21:26Z"",
  ""updated_at"": ""2026-08-06T11:21:36Z"",
  ""closed_at"": ""2026-08-06T11:21:31Z"",
  ""merged_at"": ""2026-08-06T11:21:31Z"",
  ""merge_commit_sha"": ""de6466f86a81a1520eba6aeb7a5d2bc33b52d7d9"",
  ""assignee"": null,
  ""assignees"": [],
  ""requested_reviewers"": [],
  ""labels"": [],
  ""head"": {
    ""label"": ""To2004:scale/2026-08-06-helios-m"",
    ""ref"": ""scale/2026-08-06-helios-m"",
    ""sha"": ""324cbc66b177e7b22ebaa8f2c6a23c7dde7fc4b2"",
    ""user"": {
      ""login"": ""To2004"",
      ""id"": 151865316,
      ""avatar_url"": ""https://avatars.githubusercontent.com/u/151865316?v=4"",
      ""url"": ""https://api.github.com/users/To2004"",
      ""html_url""",v8_scale,false
521,2026-08-06T14:00:41,github_helios,scale@github_helios,SCALE,helios-market-bidding-engine,get_pull_request_files,OK,"{""owner"": ""To2004"", ""repo"": ""helios-market-bidding-engine"", ""pull_number"": 9}","[
  {
    ""sha"": ""ca5f323e964e66f2308a25f5ab94f6fb836018d9"",
    ""filename"": ""scale-2026-08-06-b.md"",
    ""status"": ""added"",
    ""additions"": 1,
    ""deletions"": 0,
    ""changes"": 1,
    ""blob_url"": ""https://github.com/To2004/helios-market-bidding-engine/blob/324cbc66b177e7b22ebaa8f2c6a23c7dde7fc4b2/scale-2026-08-06-b.md"",
    ""raw_url"": ""https://github.com/To2004/helios-market-bidding-engine/raw/324cbc66b177e7b22ebaa8f2c6a23c7dde7fc4b2/scale-2026-08-06-b.md"",
    ""contents_url"": ""https://api.github.com/repos/To2004/helios-market-bidding-engine/contents/scale-2026-08-06-b.md?ref=324cbc66b177e7b22ebaa8f2c6a23c7dde7fc4b2"",
    ""patch"": ""@@ -0,0 +1 @@\n+[mcp-v8-scale]""
  },
  {
    ""sha"": ""ca5f323e964e66f2308a25f5ab94f6fb836018d9"",
    ""filename"": ""scale-2026-08-06.md"",
    ""status"": ""added"",
    ""additions"": 1,
    ""deletions"": 0,
    ""changes"": 1,
    ""blob_url"": ""https://github.com/To2004/helios-market-bidding-engine/blob/324cbc66b177e7b22ebaa8f2c6a23c7dde7fc4b2/scale-2026-08-06.md"",
    ""raw_url"": ""https://github.com/To2004/helios-market-bidding-engine/raw/324cbc66b177e7b22ebaa8f2c6a23c7dde7fc4b2/scale-2026-08-06.md"",
    ""contents_url"": ""https://api.github.com/repos/To2004/helios-market-bidding-engine/contents/scale-2026-08-06.md?ref=324cbc66b177e7b22ebaa8f2c6a23c7dde7fc4b2"",
    ""patch"": ""@@ -0,0 +1 @@\n+[mcp-v8-scale]""
  }
]",v8_scale,false
522,2026-08-06T14:00:42,github_helios,scale@github_helios,SCALE,helios-market-bidding-engine,get_pull_request_status,OK,"{""owner"": ""To2004"", ""repo"": ""helios-market-bidding-engine"", ""pull_number"": 9}","{
  ""state"": ""pending"",
  ""statuses"": [],
  ""sha"": ""324cbc66b177e7b22ebaa8f2c6a23c7dde7fc4b2"",
  ""total_count"": 0
}",v8_scale,false
523,2026-08-06T14:00:43,github_helios,scale@github_helios,SCALE,helios-market-bidding-engine,get_pull_request_comments,OK,"{""owner"": ""To2004"", ""repo"": ""helios-market-bidding-engine"", ""pull_number"": 9}",[],v8_scale,false
524,2026-08-06T14:00:44,github_helios,scale@github_helios,SCALE,helios-market-bidding-engine,get_pull_request_reviews,OK,"{""owner"": ""To2004"", ""repo"": ""helios-market-bidding-engine"", ""pull_number"": 9}","[
  {
    ""id"": 4874072936,
    ""node_id"": ""PRR_kwDOTm9Su88AAAABIoRzaA"",
    ""user"": {
      ""login"": ""To2004"",
      ""id"": 151865316,
      ""avatar_url"": ""https://avatars.githubusercontent.com/u/151865316?v=4"",
      ""url"": ""https://api.github.com/users/To2004"",
      ""html_url"": ""https://github.com/To2004""
    },
    ""body"": ""[mcp-v8-scale] review"",
    ""state"": ""COMMENTED"",
    ""html_url"": ""https://github.com/To2004/helios-market-bidding-engine/pull/9#pullrequestreview-4874072936"",
    ""pull_request_url"": ""https://api.github.com/repos/To2004/helios-market-bidding-engine/pulls/9"",
    ""commit_id"": ""324cbc66b177e7b22ebaa8f2c6a23c7dde7fc4b2"",
    ""submitted_at"": ""2026-08-06T11:21:28Z"",
    ""author_association"": ""OWNER""
  }
]",v8_scale,false
525,2026-08-06T14:00:45,github_helios,scale@github_helios,SCALE,helios-scada-gateway,get_file_contents,OK,"{""owner"": ""To2004"", ""repo"": ""helios-scada-gateway"", ""path"": ""README.md""}","{
  ""name"": ""README.md"",
  ""path"": ""README.md"",
  ""sha"": ""aa474c8de7c3844706c223a210447c93abc62044"",
  ""size"": 157,
  ""url"": ""https://api.github.com/repos/To2004/helios-scada-gateway/contents/README.md?ref=main"",
  ""html_url"": ""https://github.com/To2004/helios-scada-gateway/blob/main/README.md"",
  ""git_url"": ""https://api.github.com/repos/To2004/helios-scada-gateway/git/blobs/aa474c8de7c3844706c223a210447c93abc62044"",
  ""download_url"": ""https://raw.githubusercontent.com/To2004/helios-scada-gateway/main/README.md?token=BEGUPZCMVXIPBTUAD5DSS6DKORXQ5AA"",
  ""type"": ""file"",
  ""content"": ""# helios-scada-gateway\n\nProtocol gateway fronting the transmission SCADA estate. Code here sits on the control-room path and is a NERC CIP BES cyber system.\n"",
  ""encoding"": ""base64"",
  ""_links"": {
    ""self"": ""https://api.github.com/repos/To2004/helios-scada-gateway/contents/README.md?ref=main"",
    ""git"": ""https://api.github.com/repos/To2004/helios-scada-gateway/git/blobs/aa474c8de7c3844706c223a210447c93abc62044"",
    ""html"": ""https://github.com/To2004/helios-scada-gateway/blob/main/README.md""
  }
}",v8_scale,false
526,2026-08-06T14:00:46,github_helios,scale@github_helios,SCALE,helios-scada-gateway,list_commits,OK,"{""owner"": ""To2004"", ""repo"": ""helios-scada-gateway""}","[
  {
    ""sha"": ""4884c7ec5dab7812f2dc1dbc5cebcc25b6ea2018"",
    ""node_id"": ""C_kwDOTm9SOtoAKDQ4ODRjN2VjNWRhYjc4MTJmMmRjMWRiYzVjZWJjYzI1YjZlYTIwMTg"",
    ""commit"": {
      ""author"": {
        ""name"": ""To2004"",
        ""email"": ""151865316+To2004@users.noreply.github.com"",
        ""date"": ""2026-08-03T10:17:09Z""
      },
      ""committer"": {
        ""name"": ""To2004"",
        ""email"": ""151865316+To2004@users.noreply.github.com"",
        ""date"": ""2026-08-03T10:17:09Z""
      },
      ""message"": ""[mcp-scale-corpus] cleanup"",
      ""tree"": {
        ""sha"": ""90e1ebb47af419858a49cd8c592679579c95f642"",
        ""url"": ""https://api.github.com/repos/To2004/helios-scada-gateway/git/trees/90e1ebb47af419858a49cd8c592679579c95f642""
      },
      ""url"": ""https://api.github.com/repos/To2004/helios-scada-gateway/git/commits/4884c7ec5dab7812f2dc1dbc5cebcc25b6ea2018"",
      ""comment_count"": 0,
      ""verification"": {
        ""verified"": false,
        ""reason"": ""unsigned"",
        ""signature"": null,
        ""payload"": null,
        ""verified_at"": null
      }
    },
    ""url"": ""https://api.github.com/repos/To2004/helios-scada-gateway/commits/4884c7ec5dab7812f2dc1dbc5cebcc25b6ea2018"",
    ""html_url"": ""https://github.com/To2004/helios-scada-gateway/commit/4884c7ec5dab7812f2dc1dbc5cebcc25b6ea2018"",
    ""comments_url"": ""https://api.github.com/repos/To2004/helios-scada-gateway/commits/4884c7ec5dab7812f2dc1dbc5cebcc25b6ea2018/comments"",
    ""author"": {
      ""login"": ""To2004"",
      ""id"": 151865316,
    ",v8_scale,false
527,2026-08-06T14:00:47,github_helios,scale@github_helios,SCALE,helios-scada-gateway,list_issues,OK,"{""owner"": ""To2004"", ""repo"": ""helios-scada-gateway"", ""state"": ""all""}","[
  {
    ""url"": ""https://api.github.com/repos/To2004/helios-scada-gateway/issues/32"",
    ""repository_url"": ""https://api.github.com/repos/To2004/helios-scada-gateway"",
    ""labels_url"": ""https://api.github.com/repos/To2004/helios-scada-gateway/issues/32/labels{/name}"",
    ""comments_url"": ""https://api.github.com/repos/To2004/helios-scada-gateway/issues/32/comments"",
    ""events_url"": ""https://api.github.com/repos/To2004/helios-scada-gateway/issues/32/events"",
    ""html_url"": ""https://github.com/To2004/helios-scada-gateway/issues/32"",
    ""id"": 5080620170,
    ""node_id"": ""I_kwDOTm9SOs8AAAABLtQcig"",
    ""number"": 32,
    ""title"": ""[mcp-v8-scale] issue"",
    ""user"": {
      ""login"": ""To2004"",
      ""id"": 151865316,
      ""node_id"": ""U_kgDOCQ1H5A"",
      ""avatar_url"": ""https://avatars.githubusercontent.com/u/151865316?v=4"",
      ""gravatar_id"": """",
      ""url"": ""https://api.github.com/users/To2004"",
      ""html_url"": ""https://github.com/To2004"",
      ""followers_url"": ""https://api.github.com/users/To2004/followers"",
      ""following_url"": ""https://api.github.com/users/To2004/following{/other_user}"",
      ""gists_url"": ""https://api.github.com/users/To2004/gists{/gist_id}"",
      ""starred_url"": ""https://api.github.com/users/To2004/starred{/owner}{/repo}"",
      ""subscriptions_url"": ""https://api.github.com/users/To2004/subscriptions"",
      ""organizations_url"": ""https://api.github.com/users/To2004/orgs"",
      ""repos_url"": ""https://api.github.com/users/To2004/repos"",
      ""events_",v8_scale,false
528,2026-08-06T14:00:48,github_helios,scale@github_helios,SCALE,helios-scada-gateway,get_issue,OK,"{""owner"": ""To2004"", ""repo"": ""helios-scada-gateway"", ""issue_number"": 32}","{
  ""url"": ""https://api.github.com/repos/To2004/helios-scada-gateway/issues/32"",
  ""repository_url"": ""https://api.github.com/repos/To2004/helios-scada-gateway"",
  ""labels_url"": ""https://api.github.com/repos/To2004/helios-scada-gateway/issues/32/labels{/name}"",
  ""comments_url"": ""https://api.github.com/repos/To2004/helios-scada-gateway/issues/32/comments"",
  ""events_url"": ""https://api.github.com/repos/To2004/helios-scada-gateway/issues/32/events"",
  ""html_url"": ""https://github.com/To2004/helios-scada-gateway/issues/32"",
  ""id"": 5080620170,
  ""node_id"": ""I_kwDOTm9SOs8AAAABLtQcig"",
  ""number"": 32,
  ""title"": ""[mcp-v8-scale] issue"",
  ""user"": {
    ""login"": ""To2004"",
    ""id"": 151865316,
    ""node_id"": ""U_kgDOCQ1H5A"",
    ""avatar_url"": ""https://avatars.githubusercontent.com/u/151865316?v=4"",
    ""gravatar_id"": """",
    ""url"": ""https://api.github.com/users/To2004"",
    ""html_url"": ""https://github.com/To2004"",
    ""followers_url"": ""https://api.github.com/users/To2004/followers"",
    ""following_url"": ""https://api.github.com/users/To2004/following{/other_user}"",
    ""gists_url"": ""https://api.github.com/users/To2004/gists{/gist_id}"",
    ""starred_url"": ""https://api.github.com/users/To2004/starred{/owner}{/repo}"",
    ""subscriptions_url"": ""https://api.github.com/users/To2004/subscriptions"",
    ""organizations_url"": ""https://api.github.com/users/To2004/orgs"",
    ""repos_url"": ""https://api.github.com/users/To2004/repos"",
    ""events_url"": ""https://api.github.com/users/To2004/events{/priva",v8_scale,false
529,2026-08-06T14:00:49,github_helios,scale@github_helios,SCALE,helios-scada-gateway,get_issue,OK,"{""owner"": ""To2004"", ""repo"": ""helios-scada-gateway"", ""issue_number"": 31}","{
  ""url"": ""https://api.github.com/repos/To2004/helios-scada-gateway/issues/31"",
  ""repository_url"": ""https://api.github.com/repos/To2004/helios-scada-gateway"",
  ""labels_url"": ""https://api.github.com/repos/To2004/helios-scada-gateway/issues/31/labels{/name}"",
  ""comments_url"": ""https://api.github.com/repos/To2004/helios-scada-gateway/issues/31/comments"",
  ""events_url"": ""https://api.github.com/repos/To2004/helios-scada-gateway/issues/31/events"",
  ""html_url"": ""https://github.com/To2004/helios-scada-gateway/pull/31"",
  ""id"": 5080619411,
  ""node_id"": ""PR_kwDOTm9SOs77jmE5"",
  ""number"": 31,
  ""title"": ""[mcp-v8-scale] PR"",
  ""user"": {
    ""login"": ""To2004"",
    ""id"": 151865316,
    ""node_id"": ""U_kgDOCQ1H5A"",
    ""avatar_url"": ""https://avatars.githubusercontent.com/u/151865316?v=4"",
    ""gravatar_id"": """",
    ""url"": ""https://api.github.com/users/To2004"",
    ""html_url"": ""https://github.com/To2004"",
    ""followers_url"": ""https://api.github.com/users/To2004/followers"",
    ""following_url"": ""https://api.github.com/users/To2004/following{/other_user}"",
    ""gists_url"": ""https://api.github.com/users/To2004/gists{/gist_id}"",
    ""starred_url"": ""https://api.github.com/users/To2004/starred{/owner}{/repo}"",
    ""subscriptions_url"": ""https://api.github.com/users/To2004/subscriptions"",
    ""organizations_url"": ""https://api.github.com/users/To2004/orgs"",
    ""repos_url"": ""https://api.github.com/users/To2004/repos"",
    ""events_url"": ""https://api.github.com/users/To2004/events{/privacy}"",
    ",v8_scale,false
530,2026-08-06T14:00:50,github_helios,scale@github_helios,SCALE,helios-scada-gateway,list_pull_requests,OK,"{""owner"": ""To2004"", ""repo"": ""helios-scada-gateway"", ""state"": ""all""}","[
  {
    ""url"": ""https://api.github.com/repos/To2004/helios-scada-gateway/pulls/31"",
    ""id"": 4220412217,
    ""node_id"": ""PR_kwDOTm9SOs77jmE5"",
    ""html_url"": ""https://github.com/To2004/helios-scada-gateway/pull/31"",
    ""diff_url"": ""https://github.com/To2004/helios-scada-gateway/pull/31.diff"",
    ""patch_url"": ""https://github.com/To2004/helios-scada-gateway/pull/31.patch"",
    ""issue_url"": ""https://api.github.com/repos/To2004/helios-scada-gateway/issues/31"",
    ""number"": 31,
    ""state"": ""closed"",
    ""locked"": false,
    ""title"": ""[mcp-v8-scale] PR"",
    ""user"": {
      ""login"": ""To2004"",
      ""id"": 151865316,
      ""avatar_url"": ""https://avatars.githubusercontent.com/u/151865316?v=4"",
      ""url"": ""https://api.github.com/users/To2004"",
      ""html_url"": ""https://github.com/To2004""
    },
    ""body"": ""[mcp-v8-scale]"",
    ""created_at"": ""2026-08-06T11:21:43Z"",
    ""updated_at"": ""2026-08-06T11:21:53Z"",
    ""closed_at"": ""2026-08-06T11:21:49Z"",
    ""merged_at"": ""2026-08-06T11:21:49Z"",
    ""merge_commit_sha"": ""b89e8936b791dc3b8d8b6967569996075dcb933d"",
    ""assignee"": null,
    ""assignees"": [],
    ""requested_reviewers"": [],
    ""labels"": [],
    ""head"": {
      ""label"": ""To2004:scale/2026-08-06-helios-s"",
      ""ref"": ""scale/2026-08-06-helios-s"",
      ""sha"": ""4b967d94d9fd069f599b129ddc216a2998d96601"",
      ""user"": {
        ""login"": ""To2004"",
        ""id"": 151865316,
        ""avatar_url"": ""https://avatars.githubusercontent.com/u/151865316?v=4"",
        ""url"": ""https://ap",v8_scale,false
531,2026-08-06T14:00:51,github_helios,scale@github_helios,SCALE,helios-scada-gateway,get_pull_request,OK,"{""owner"": ""To2004"", ""repo"": ""helios-scada-gateway"", ""pull_number"": 31}","{
  ""url"": ""https://api.github.com/repos/To2004/helios-scada-gateway/pulls/31"",
  ""id"": 4220412217,
  ""node_id"": ""PR_kwDOTm9SOs77jmE5"",
  ""html_url"": ""https://github.com/To2004/helios-scada-gateway/pull/31"",
  ""diff_url"": ""https://github.com/To2004/helios-scada-gateway/pull/31.diff"",
  ""patch_url"": ""https://github.com/To2004/helios-scada-gateway/pull/31.patch"",
  ""issue_url"": ""https://api.github.com/repos/To2004/helios-scada-gateway/issues/31"",
  ""number"": 31,
  ""state"": ""closed"",
  ""locked"": false,
  ""title"": ""[mcp-v8-scale] PR"",
  ""user"": {
    ""login"": ""To2004"",
    ""id"": 151865316,
    ""avatar_url"": ""https://avatars.githubusercontent.com/u/151865316?v=4"",
    ""url"": ""https://api.github.com/users/To2004"",
    ""html_url"": ""https://github.com/To2004""
  },
  ""body"": ""[mcp-v8-scale]"",
  ""created_at"": ""2026-08-06T11:21:43Z"",
  ""updated_at"": ""2026-08-06T11:21:53Z"",
  ""closed_at"": ""2026-08-06T11:21:49Z"",
  ""merged_at"": ""2026-08-06T11:21:49Z"",
  ""merge_commit_sha"": ""b89e8936b791dc3b8d8b6967569996075dcb933d"",
  ""assignee"": null,
  ""assignees"": [],
  ""requested_reviewers"": [],
  ""labels"": [],
  ""head"": {
    ""label"": ""To2004:scale/2026-08-06-helios-s"",
    ""ref"": ""scale/2026-08-06-helios-s"",
    ""sha"": ""4b967d94d9fd069f599b129ddc216a2998d96601"",
    ""user"": {
      ""login"": ""To2004"",
      ""id"": 151865316,
      ""avatar_url"": ""https://avatars.githubusercontent.com/u/151865316?v=4"",
      ""url"": ""https://api.github.com/users/To2004"",
      ""html_url"": ""https://github.com/To2004""
    ",v8_scale,false
532,2026-08-06T14:00:52,github_helios,scale@github_helios,SCALE,helios-scada-gateway,get_pull_request_files,OK,"{""owner"": ""To2004"", ""repo"": ""helios-scada-gateway"", ""pull_number"": 31}","[
  {
    ""sha"": ""ca5f323e964e66f2308a25f5ab94f6fb836018d9"",
    ""filename"": ""scale-2026-08-06-b.md"",
    ""status"": ""added"",
    ""additions"": 1,
    ""deletions"": 0,
    ""changes"": 1,
    ""blob_url"": ""https://github.com/To2004/helios-scada-gateway/blob/4b967d94d9fd069f599b129ddc216a2998d96601/scale-2026-08-06-b.md"",
    ""raw_url"": ""https://github.com/To2004/helios-scada-gateway/raw/4b967d94d9fd069f599b129ddc216a2998d96601/scale-2026-08-06-b.md"",
    ""contents_url"": ""https://api.github.com/repos/To2004/helios-scada-gateway/contents/scale-2026-08-06-b.md?ref=4b967d94d9fd069f599b129ddc216a2998d96601"",
    ""patch"": ""@@ -0,0 +1 @@\n+[mcp-v8-scale]""
  },
  {
    ""sha"": ""ca5f323e964e66f2308a25f5ab94f6fb836018d9"",
    ""filename"": ""scale-2026-08-06.md"",
    ""status"": ""added"",
    ""additions"": 1,
    ""deletions"": 0,
    ""changes"": 1,
    ""blob_url"": ""https://github.com/To2004/helios-scada-gateway/blob/4b967d94d9fd069f599b129ddc216a2998d96601/scale-2026-08-06.md"",
    ""raw_url"": ""https://github.com/To2004/helios-scada-gateway/raw/4b967d94d9fd069f599b129ddc216a2998d96601/scale-2026-08-06.md"",
    ""contents_url"": ""https://api.github.com/repos/To2004/helios-scada-gateway/contents/scale-2026-08-06.md?ref=4b967d94d9fd069f599b129ddc216a2998d96601"",
    ""patch"": ""@@ -0,0 +1 @@\n+[mcp-v8-scale]""
  }
]",v8_scale,false
533,2026-08-06T14:00:53,github_helios,scale@github_helios,SCALE,helios-scada-gateway,get_pull_request_status,OK,"{""owner"": ""To2004"", ""repo"": ""helios-scada-gateway"", ""pull_number"": 31}","{
  ""state"": ""pending"",
  ""statuses"": [],
  ""sha"": ""4b967d94d9fd069f599b129ddc216a2998d96601"",
  ""total_count"": 0
}",v8_scale,false
534,2026-08-06T14:00:54,github_helios,scale@github_helios,SCALE,helios-scada-gateway,get_pull_request_comments,OK,"{""owner"": ""To2004"", ""repo"": ""helios-scada-gateway"", ""pull_number"": 31}",[],v8_scale,false
535,2026-08-06T14:00:55,github_helios,scale@github_helios,SCALE,helios-scada-gateway,get_pull_request_reviews,OK,"{""owner"": ""To2004"", ""repo"": ""helios-scada-gateway"", ""pull_number"": 31}","[
  {
    ""id"": 4874074979,
    ""node_id"": ""PRR_kwDOTm9SOs8AAAABIoR7Yw"",
    ""user"": {
      ""login"": ""To2004"",
      ""id"": 151865316,
      ""avatar_url"": ""https://avatars.githubusercontent.com/u/151865316?v=4"",
      ""url"": ""https://api.github.com/users/To2004"",
      ""html_url"": ""https://github.com/To2004""
    },
    ""body"": ""[mcp-v8-scale] review"",
    ""state"": ""COMMENTED"",
    ""html_url"": ""https://github.com/To2004/helios-scada-gateway/pull/31#pullrequestreview-4874074979"",
    ""pull_request_url"": ""https://api.github.com/repos/To2004/helios-scada-gateway/pulls/31"",
    ""commit_id"": ""4b967d94d9fd069f599b129ddc216a2998d96601"",
    ""submitted_at"": ""2026-08-06T11:21:46Z"",
    ""author_association"": ""OWNER""
  }
]",v8_scale,false
536,2026-08-06T14:00:56,github_helios,scale@github_helios,SCALE,helios-public-site,get_file_contents,OK,"{""owner"": ""To2004"", ""repo"": ""helios-public-site"", ""path"": ""README.md""}","{
  ""name"": ""README.md"",
  ""path"": ""README.md"",
  ""sha"": ""3fae114a8f96e771ccdfdcc6e38893fb79b20837"",
  ""size"": 94,
  ""url"": ""https://api.github.com/repos/To2004/helios-public-site/contents/README.md?ref=main"",
  ""html_url"": ""https://github.com/To2004/helios-public-site/blob/main/README.md"",
  ""git_url"": ""https://api.github.com/repos/To2004/helios-public-site/git/blobs/3fae114a8f96e771ccdfdcc6e38893fb79b20837"",
  ""download_url"": ""https://raw.githubusercontent.com/To2004/helios-public-site/main/README.md?token=BEGUPZAXP74MEL23BSJFMH3KORXRJAA"",
  ""type"": ""file"",
  ""content"": ""# helios-public-site\n\nPublic Helios Grid website and network status pages. Already published.\n"",
  ""encoding"": ""base64"",
  ""_links"": {
    ""self"": ""https://api.github.com/repos/To2004/helios-public-site/contents/README.md?ref=main"",
    ""git"": ""https://api.github.com/repos/To2004/helios-public-site/git/blobs/3fae114a8f96e771ccdfdcc6e38893fb79b20837"",
    ""html"": ""https://github.com/To2004/helios-public-site/blob/main/README.md""
  }
}",v8_scale,false
537,2026-08-06T14:00:57,github_helios,scale@github_helios,SCALE,helios-public-site,list_commits,OK,"{""owner"": ""To2004"", ""repo"": ""helios-public-site""}","[
  {
    ""sha"": ""c042ca0ce26e1bd7c51220c7f4c9dc48d74f3898"",
    ""node_id"": ""C_kwDOTm9TQtoAKGMwNDJjYTBjZTI2ZTFiZDdjNTEyMjBjN2Y0YzlkYzQ4ZDc0ZjM4OTg"",
    ""commit"": {
      ""author"": {
        ""name"": ""To2004"",
        ""email"": ""151865316+To2004@users.noreply.github.com"",
        ""date"": ""2026-07-29T11:57:02Z""
      },
      ""committer"": {
        ""name"": ""GitHub"",
        ""email"": ""noreply@github.com"",
        ""date"": ""2026-07-29T11:57:02Z""
      },
      ""message"": ""Probe: tool/asset homing check (#1)\n\nProbe: verify merge_pull_request works"",
      ""tree"": {
        ""sha"": ""4e14f0cd2bfc694281e661b47c57d6a7bfc900ba"",
        ""url"": ""https://api.github.com/repos/To2004/helios-public-site/git/trees/4e14f0cd2bfc694281e661b47c57d6a7bfc900ba""
      },
      ""url"": ""https://api.github.com/repos/To2004/helios-public-site/git/commits/c042ca0ce26e1bd7c51220c7f4c9dc48d74f3898"",
      ""comment_count"": 0,
      ""verification"": {
        ""verified"": true,
        ""reason"": ""valid"",
        ""signature"": ""-----BEGIN PGP SIGNATURE-----\n\nwsFcBAABCAAQBQJqaeqOCRC1aQ7uu5UhlAAAuq0QAJkHCAafKOP+OctKs57G64Hw\nIyygS5L0141IlKedaWwDSAPfokO4fZoYyoVz7Os4/7ZVB8ePL7jWk1TiDneWcFNC\nVvRLtqiGGGLaqIEIBES44S4xXzU8FnQJHrdW+piqhT/j34jl3MkrUXnlNRepn7Xq\nBJC6IB09uATBpQkbGAmk71BV3PGZd61rgkjDyYoRpEdOStQAD+C3X2Ul60f5/HnO\n5Y051CjkQ4HqQrMAl46BMRVU2ROLd3LlgTEenxLyf0ZSrOeChH1Y0JCm+lMYRLZM\nb1n2ow23Gs/NMUtiRP5ORsftX+NkvEOAaU+uHAB75xmN4x1xum1Y50B1FC3oc+tX\nGHEs+iKSQ3UphV9jfC9JybdaIvmVd/6sE9kw7h4cFZ6wmGKoFrrlZ28TWdmyBGVZ",v8_scale,false
538,2026-08-06T14:00:58,github_helios,scale@github_helios,SCALE,helios-public-site,list_issues,OK,"{""owner"": ""To2004"", ""repo"": ""helios-public-site"", ""state"": ""all""}","[
  {
    ""url"": ""https://api.github.com/repos/To2004/helios-public-site/issues/29"",
    ""repository_url"": ""https://api.github.com/repos/To2004/helios-public-site"",
    ""labels_url"": ""https://api.github.com/repos/To2004/helios-public-site/issues/29/labels{/name}"",
    ""comments_url"": ""https://api.github.com/repos/To2004/helios-public-site/issues/29/comments"",
    ""events_url"": ""https://api.github.com/repos/To2004/helios-public-site/issues/29/events"",
    ""html_url"": ""https://github.com/To2004/helios-public-site/issues/29"",
    ""id"": 5080622301,
    ""node_id"": ""I_kwDOTm9TQs8AAAABLtQk3Q"",
    ""number"": 29,
    ""title"": ""[mcp-v8-scale] issue"",
    ""user"": {
      ""login"": ""To2004"",
      ""id"": 151865316,
      ""node_id"": ""U_kgDOCQ1H5A"",
      ""avatar_url"": ""https://avatars.githubusercontent.com/u/151865316?v=4"",
      ""gravatar_id"": """",
      ""url"": ""https://api.github.com/users/To2004"",
      ""html_url"": ""https://github.com/To2004"",
      ""followers_url"": ""https://api.github.com/users/To2004/followers"",
      ""following_url"": ""https://api.github.com/users/To2004/following{/other_user}"",
      ""gists_url"": ""https://api.github.com/users/To2004/gists{/gist_id}"",
      ""starred_url"": ""https://api.github.com/users/To2004/starred{/owner}{/repo}"",
      ""subscriptions_url"": ""https://api.github.com/users/To2004/subscriptions"",
      ""organizations_url"": ""https://api.github.com/users/To2004/orgs"",
      ""repos_url"": ""https://api.github.com/users/To2004/repos"",
      ""events_url"": ""https",v8_scale,false
539,2026-08-06T14:00:59,github_helios,scale@github_helios,SCALE,helios-public-site,get_issue,OK,"{""owner"": ""To2004"", ""repo"": ""helios-public-site"", ""issue_number"": 29}","{
  ""url"": ""https://api.github.com/repos/To2004/helios-public-site/issues/29"",
  ""repository_url"": ""https://api.github.com/repos/To2004/helios-public-site"",
  ""labels_url"": ""https://api.github.com/repos/To2004/helios-public-site/issues/29/labels{/name}"",
  ""comments_url"": ""https://api.github.com/repos/To2004/helios-public-site/issues/29/comments"",
  ""events_url"": ""https://api.github.com/repos/To2004/helios-public-site/issues/29/events"",
  ""html_url"": ""https://github.com/To2004/helios-public-site/issues/29"",
  ""id"": 5080622301,
  ""node_id"": ""I_kwDOTm9TQs8AAAABLtQk3Q"",
  ""number"": 29,
  ""title"": ""[mcp-v8-scale] issue"",
  ""user"": {
    ""login"": ""To2004"",
    ""id"": 151865316,
    ""node_id"": ""U_kgDOCQ1H5A"",
    ""avatar_url"": ""https://avatars.githubusercontent.com/u/151865316?v=4"",
    ""gravatar_id"": """",
    ""url"": ""https://api.github.com/users/To2004"",
    ""html_url"": ""https://github.com/To2004"",
    ""followers_url"": ""https://api.github.com/users/To2004/followers"",
    ""following_url"": ""https://api.github.com/users/To2004/following{/other_user}"",
    ""gists_url"": ""https://api.github.com/users/To2004/gists{/gist_id}"",
    ""starred_url"": ""https://api.github.com/users/To2004/starred{/owner}{/repo}"",
    ""subscriptions_url"": ""https://api.github.com/users/To2004/subscriptions"",
    ""organizations_url"": ""https://api.github.com/users/To2004/orgs"",
    ""repos_url"": ""https://api.github.com/users/To2004/repos"",
    ""events_url"": ""https://api.github.com/users/To2004/events{/privacy}"",
    ""r",v8_scale,false
540,2026-08-06T14:00:00,github_helios,scale@github_helios,SCALE,helios-public-site,get_issue,OK,"{""owner"": ""To2004"", ""repo"": ""helios-public-site"", ""issue_number"": 28}","{
  ""url"": ""https://api.github.com/repos/To2004/helios-public-site/issues/28"",
  ""repository_url"": ""https://api.github.com/repos/To2004/helios-public-site"",
  ""labels_url"": ""https://api.github.com/repos/To2004/helios-public-site/issues/28/labels{/name}"",
  ""comments_url"": ""https://api.github.com/repos/To2004/helios-public-site/issues/28/comments"",
  ""events_url"": ""https://api.github.com/repos/To2004/helios-public-site/issues/28/events"",
  ""html_url"": ""https://github.com/To2004/helios-public-site/pull/28"",
  ""id"": 5080621582,
  ""node_id"": ""PR_kwDOTm9TQs77jmip"",
  ""number"": 28,
  ""title"": ""[mcp-v8-scale] PR"",
  ""user"": {
    ""login"": ""To2004"",
    ""id"": 151865316,
    ""node_id"": ""U_kgDOCQ1H5A"",
    ""avatar_url"": ""https://avatars.githubusercontent.com/u/151865316?v=4"",
    ""gravatar_id"": """",
    ""url"": ""https://api.github.com/users/To2004"",
    ""html_url"": ""https://github.com/To2004"",
    ""followers_url"": ""https://api.github.com/users/To2004/followers"",
    ""following_url"": ""https://api.github.com/users/To2004/following{/other_user}"",
    ""gists_url"": ""https://api.github.com/users/To2004/gists{/gist_id}"",
    ""starred_url"": ""https://api.github.com/users/To2004/starred{/owner}{/repo}"",
    ""subscriptions_url"": ""https://api.github.com/users/To2004/subscriptions"",
    ""organizations_url"": ""https://api.github.com/users/To2004/orgs"",
    ""repos_url"": ""https://api.github.com/users/To2004/repos"",
    ""events_url"": ""https://api.github.com/users/To2004/events{/privacy}"",
    ""received_ev",v8_scale,false
541,2026-08-06T14:00:01,github_helios,scale@github_helios,SCALE,helios-public-site,list_pull_requests,OK,"{""owner"": ""To2004"", ""repo"": ""helios-public-site"", ""state"": ""all""}","[
  {
    ""url"": ""https://api.github.com/repos/To2004/helios-public-site/pulls/28"",
    ""id"": 4220414121,
    ""node_id"": ""PR_kwDOTm9TQs77jmip"",
    ""html_url"": ""https://github.com/To2004/helios-public-site/pull/28"",
    ""diff_url"": ""https://github.com/To2004/helios-public-site/pull/28.diff"",
    ""patch_url"": ""https://github.com/To2004/helios-public-site/pull/28.patch"",
    ""issue_url"": ""https://api.github.com/repos/To2004/helios-public-site/issues/28"",
    ""number"": 28,
    ""state"": ""closed"",
    ""locked"": false,
    ""title"": ""[mcp-v8-scale] PR"",
    ""user"": {
      ""login"": ""To2004"",
      ""id"": 151865316,
      ""avatar_url"": ""https://avatars.githubusercontent.com/u/151865316?v=4"",
      ""url"": ""https://api.github.com/users/To2004"",
      ""html_url"": ""https://github.com/To2004""
    },
    ""body"": ""[mcp-v8-scale]"",
    ""created_at"": ""2026-08-06T11:22:01Z"",
    ""updated_at"": ""2026-08-06T11:22:11Z"",
    ""closed_at"": ""2026-08-06T11:22:06Z"",
    ""merged_at"": ""2026-08-06T11:22:06Z"",
    ""merge_commit_sha"": ""0cd6cdfa89494329a071b4349d61162e6caeb594"",
    ""assignee"": null,
    ""assignees"": [],
    ""requested_reviewers"": [],
    ""labels"": [],
    ""head"": {
      ""label"": ""To2004:scale/2026-08-06-helios-p"",
      ""ref"": ""scale/2026-08-06-helios-p"",
      ""sha"": ""0fc14ba5813ad2e9328d5eea13c28a9005648ffa"",
      ""user"": {
        ""login"": ""To2004"",
        ""id"": 151865316,
        ""avatar_url"": ""https://avatars.githubusercontent.com/u/151865316?v=4"",
        ""url"": ""https://api.github.c",v8_scale,false
542,2026-08-06T14:00:02,github_helios,scale@github_helios,SCALE,helios-public-site,get_pull_request,OK,"{""owner"": ""To2004"", ""repo"": ""helios-public-site"", ""pull_number"": 28}","{
  ""url"": ""https://api.github.com/repos/To2004/helios-public-site/pulls/28"",
  ""id"": 4220414121,
  ""node_id"": ""PR_kwDOTm9TQs77jmip"",
  ""html_url"": ""https://github.com/To2004/helios-public-site/pull/28"",
  ""diff_url"": ""https://github.com/To2004/helios-public-site/pull/28.diff"",
  ""patch_url"": ""https://github.com/To2004/helios-public-site/pull/28.patch"",
  ""issue_url"": ""https://api.github.com/repos/To2004/helios-public-site/issues/28"",
  ""number"": 28,
  ""state"": ""closed"",
  ""locked"": false,
  ""title"": ""[mcp-v8-scale] PR"",
  ""user"": {
    ""login"": ""To2004"",
    ""id"": 151865316,
    ""avatar_url"": ""https://avatars.githubusercontent.com/u/151865316?v=4"",
    ""url"": ""https://api.github.com/users/To2004"",
    ""html_url"": ""https://github.com/To2004""
  },
  ""body"": ""[mcp-v8-scale]"",
  ""created_at"": ""2026-08-06T11:22:01Z"",
  ""updated_at"": ""2026-08-06T11:22:11Z"",
  ""closed_at"": ""2026-08-06T11:22:06Z"",
  ""merged_at"": ""2026-08-06T11:22:06Z"",
  ""merge_commit_sha"": ""0cd6cdfa89494329a071b4349d61162e6caeb594"",
  ""assignee"": null,
  ""assignees"": [],
  ""requested_reviewers"": [],
  ""labels"": [],
  ""head"": {
    ""label"": ""To2004:scale/2026-08-06-helios-p"",
    ""ref"": ""scale/2026-08-06-helios-p"",
    ""sha"": ""0fc14ba5813ad2e9328d5eea13c28a9005648ffa"",
    ""user"": {
      ""login"": ""To2004"",
      ""id"": 151865316,
      ""avatar_url"": ""https://avatars.githubusercontent.com/u/151865316?v=4"",
      ""url"": ""https://api.github.com/users/To2004"",
      ""html_url"": ""https://github.com/To2004""
    },
    ""re",v8_scale,false
543,2026-08-06T14:00:03,github_helios,scale@github_helios,SCALE,helios-public-site,get_pull_request_files,OK,"{""owner"": ""To2004"", ""repo"": ""helios-public-site"", ""pull_number"": 28}","[
  {
    ""sha"": ""ca5f323e964e66f2308a25f5ab94f6fb836018d9"",
    ""filename"": ""scale-2026-08-06-b.md"",
    ""status"": ""added"",
    ""additions"": 1,
    ""deletions"": 0,
    ""changes"": 1,
    ""blob_url"": ""https://github.com/To2004/helios-public-site/blob/0fc14ba5813ad2e9328d5eea13c28a9005648ffa/scale-2026-08-06-b.md"",
    ""raw_url"": ""https://github.com/To2004/helios-public-site/raw/0fc14ba5813ad2e9328d5eea13c28a9005648ffa/scale-2026-08-06-b.md"",
    ""contents_url"": ""https://api.github.com/repos/To2004/helios-public-site/contents/scale-2026-08-06-b.md?ref=0fc14ba5813ad2e9328d5eea13c28a9005648ffa"",
    ""patch"": ""@@ -0,0 +1 @@\n+[mcp-v8-scale]""
  },
  {
    ""sha"": ""ca5f323e964e66f2308a25f5ab94f6fb836018d9"",
    ""filename"": ""scale-2026-08-06.md"",
    ""status"": ""added"",
    ""additions"": 1,
    ""deletions"": 0,
    ""changes"": 1,
    ""blob_url"": ""https://github.com/To2004/helios-public-site/blob/0fc14ba5813ad2e9328d5eea13c28a9005648ffa/scale-2026-08-06.md"",
    ""raw_url"": ""https://github.com/To2004/helios-public-site/raw/0fc14ba5813ad2e9328d5eea13c28a9005648ffa/scale-2026-08-06.md"",
    ""contents_url"": ""https://api.github.com/repos/To2004/helios-public-site/contents/scale-2026-08-06.md?ref=0fc14ba5813ad2e9328d5eea13c28a9005648ffa"",
    ""patch"": ""@@ -0,0 +1 @@\n+[mcp-v8-scale]""
  }
]",v8_scale,false
544,2026-08-06T14:00:04,github_helios,scale@github_helios,SCALE,helios-public-site,get_pull_request_status,OK,"{""owner"": ""To2004"", ""repo"": ""helios-public-site"", ""pull_number"": 28}","{
  ""state"": ""pending"",
  ""statuses"": [],
  ""sha"": ""0fc14ba5813ad2e9328d5eea13c28a9005648ffa"",
  ""total_count"": 0
}",v8_scale,false
545,2026-08-06T14:00:05,github_helios,scale@github_helios,SCALE,helios-public-site,get_pull_request_comments,OK,"{""owner"": ""To2004"", ""repo"": ""helios-public-site"", ""pull_number"": 28}",[],v8_scale,false
546,2026-08-06T14:00:06,github_helios,scale@github_helios,SCALE,helios-public-site,get_pull_request_reviews,OK,"{""owner"": ""To2004"", ""repo"": ""helios-public-site"", ""pull_number"": 28}","[
  {
    ""id"": 4874076940,
    ""node_id"": ""PRR_kwDOTm9TQs8AAAABIoSDDA"",
    ""user"": {
      ""login"": ""To2004"",
      ""id"": 151865316,
      ""avatar_url"": ""https://avatars.githubusercontent.com/u/151865316?v=4"",
      ""url"": ""https://api.github.com/users/To2004"",
      ""html_url"": ""https://github.com/To2004""
    },
    ""body"": ""[mcp-v8-scale] review"",
    ""state"": ""COMMENTED"",
    ""html_url"": ""https://github.com/To2004/helios-public-site/pull/28#pullrequestreview-4874076940"",
    ""pull_request_url"": ""https://api.github.com/repos/To2004/helios-public-site/pulls/28"",
    ""commit_id"": ""0fc14ba5813ad2e9328d5eea13c28a9005648ffa"",
    ""submitted_at"": ""2026-08-06T11:22:04Z"",
    ""author_association"": ""OWNER""
  }
]",v8_scale,false
547,2026-08-06T14:00:07,github_helios,scale@github_helios,SCALE,helios-grid-infra-config,get_file_contents,OK,"{""owner"": ""To2004"", ""repo"": ""helios-grid-infra-config"", ""path"": ""README.md""}","{
  ""name"": ""README.md"",
  ""path"": ""README.md"",
  ""sha"": ""a33835db9971d364684fac8988dc5a4a35541e53"",
  ""size"": 149,
  ""url"": ""https://api.github.com/repos/To2004/helios-grid-infra-config/contents/README.md?ref=main"",
  ""html_url"": ""https://github.com/To2004/helios-grid-infra-config/blob/main/README.md"",
  ""git_url"": ""https://api.github.com/repos/To2004/helios-grid-infra-config/git/blobs/a33835db9971d364684fac8988dc5a4a35541e53"",
  ""download_url"": ""https://raw.githubusercontent.com/To2004/helios-grid-infra-config/main/README.md?token=BEGUPZEXBDXRWFOIG3WPQF3KORXRXAA"",
  ""type"": ""file"",
  ""content"": ""# helios-grid-infra-config\n\nInfrastructure as code for the grid platform. A merge reconfigures systems inside the CIP electronic security perimeter.\n"",
  ""encoding"": ""base64"",
  ""_links"": {
    ""self"": ""https://api.github.com/repos/To2004/helios-grid-infra-config/contents/README.md?ref=main"",
    ""git"": ""https://api.github.com/repos/To2004/helios-grid-infra-config/git/blobs/a33835db9971d364684fac8988dc5a4a35541e53"",
    ""html"": ""https://github.com/To2004/helios-grid-infra-config/blob/main/README.md""
  }
}",v8_scale,false
548,2026-08-06T14:00:08,github_helios,scale@github_helios,SCALE,helios-grid-infra-config,list_commits,OK,"{""owner"": ""To2004"", ""repo"": ""helios-grid-infra-config""}","[
  {
    ""sha"": ""cdb06fc7397f0faed390ec0ba2b3c81b23c19f72"",
    ""node_id"": ""C_kwDOTm9SgNoAKGNkYjA2ZmM3Mzk3ZjBmYWVkMzkwZWMwYmEyYjNjODFiMjNjMTlmNzI"",
    ""commit"": {
      ""author"": {
        ""name"": ""To2004"",
        ""email"": ""151865316+To2004@users.noreply.github.com"",
        ""date"": ""2026-08-03T10:18:32Z""
      },
      ""committer"": {
        ""name"": ""To2004"",
        ""email"": ""151865316+To2004@users.noreply.github.com"",
        ""date"": ""2026-08-03T10:18:32Z""
      },
      ""message"": ""[mcp-scale-corpus] cleanup"",
      ""tree"": {
        ""sha"": ""d4ab354ea3d9acf7cf44d8f4e24732460ce7c4b6"",
        ""url"": ""https://api.github.com/repos/To2004/helios-grid-infra-config/git/trees/d4ab354ea3d9acf7cf44d8f4e24732460ce7c4b6""
      },
      ""url"": ""https://api.github.com/repos/To2004/helios-grid-infra-config/git/commits/cdb06fc7397f0faed390ec0ba2b3c81b23c19f72"",
      ""comment_count"": 0,
      ""verification"": {
        ""verified"": false,
        ""reason"": ""unsigned"",
        ""signature"": null,
        ""payload"": null,
        ""verified_at"": null
      }
    },
    ""url"": ""https://api.github.com/repos/To2004/helios-grid-infra-config/commits/cdb06fc7397f0faed390ec0ba2b3c81b23c19f72"",
    ""html_url"": ""https://github.com/To2004/helios-grid-infra-config/commit/cdb06fc7397f0faed390ec0ba2b3c81b23c19f72"",
    ""comments_url"": ""https://api.github.com/repos/To2004/helios-grid-infra-config/commits/cdb06fc7397f0faed390ec0ba2b3c81b23c19f72/comments"",
    ""author"": {
      ""login"": ""To2004"",
      """,v8_scale,false
549,2026-08-06T14:00:09,github_helios,scale@github_helios,SCALE,helios-grid-infra-config,list_issues,OK,"{""owner"": ""To2004"", ""repo"": ""helios-grid-infra-config"", ""state"": ""all""}","[
  {
    ""url"": ""https://api.github.com/repos/To2004/helios-grid-infra-config/issues/35"",
    ""repository_url"": ""https://api.github.com/repos/To2004/helios-grid-infra-config"",
    ""labels_url"": ""https://api.github.com/repos/To2004/helios-grid-infra-config/issues/35/labels{/name}"",
    ""comments_url"": ""https://api.github.com/repos/To2004/helios-grid-infra-config/issues/35/comments"",
    ""events_url"": ""https://api.github.com/repos/To2004/helios-grid-infra-config/issues/35/events"",
    ""html_url"": ""https://github.com/To2004/helios-grid-infra-config/issues/35"",
    ""id"": 5080624438,
    ""node_id"": ""I_kwDOTm9SgM8AAAABLtQtNg"",
    ""number"": 35,
    ""title"": ""[mcp-v8-scale] issue"",
    ""user"": {
      ""login"": ""To2004"",
      ""id"": 151865316,
      ""node_id"": ""U_kgDOCQ1H5A"",
      ""avatar_url"": ""https://avatars.githubusercontent.com/u/151865316?v=4"",
      ""gravatar_id"": """",
      ""url"": ""https://api.github.com/users/To2004"",
      ""html_url"": ""https://github.com/To2004"",
      ""followers_url"": ""https://api.github.com/users/To2004/followers"",
      ""following_url"": ""https://api.github.com/users/To2004/following{/other_user}"",
      ""gists_url"": ""https://api.github.com/users/To2004/gists{/gist_id}"",
      ""starred_url"": ""https://api.github.com/users/To2004/starred{/owner}{/repo}"",
      ""subscriptions_url"": ""https://api.github.com/users/To2004/subscriptions"",
      ""organizations_url"": ""https://api.github.com/users/To2004/orgs"",
      ""repos_url"": ""https://api.github.com/users/To200",v8_scale,false
550,2026-08-06T14:00:10,github_helios,scale@github_helios,SCALE,helios-grid-infra-config,get_issue,OK,"{""owner"": ""To2004"", ""repo"": ""helios-grid-infra-config"", ""issue_number"": 35}","{
  ""url"": ""https://api.github.com/repos/To2004/helios-grid-infra-config/issues/35"",
  ""repository_url"": ""https://api.github.com/repos/To2004/helios-grid-infra-config"",
  ""labels_url"": ""https://api.github.com/repos/To2004/helios-grid-infra-config/issues/35/labels{/name}"",
  ""comments_url"": ""https://api.github.com/repos/To2004/helios-grid-infra-config/issues/35/comments"",
  ""events_url"": ""https://api.github.com/repos/To2004/helios-grid-infra-config/issues/35/events"",
  ""html_url"": ""https://github.com/To2004/helios-grid-infra-config/issues/35"",
  ""id"": 5080624438,
  ""node_id"": ""I_kwDOTm9SgM8AAAABLtQtNg"",
  ""number"": 35,
  ""title"": ""[mcp-v8-scale] issue"",
  ""user"": {
    ""login"": ""To2004"",
    ""id"": 151865316,
    ""node_id"": ""U_kgDOCQ1H5A"",
    ""avatar_url"": ""https://avatars.githubusercontent.com/u/151865316?v=4"",
    ""gravatar_id"": """",
    ""url"": ""https://api.github.com/users/To2004"",
    ""html_url"": ""https://github.com/To2004"",
    ""followers_url"": ""https://api.github.com/users/To2004/followers"",
    ""following_url"": ""https://api.github.com/users/To2004/following{/other_user}"",
    ""gists_url"": ""https://api.github.com/users/To2004/gists{/gist_id}"",
    ""starred_url"": ""https://api.github.com/users/To2004/starred{/owner}{/repo}"",
    ""subscriptions_url"": ""https://api.github.com/users/To2004/subscriptions"",
    ""organizations_url"": ""https://api.github.com/users/To2004/orgs"",
    ""repos_url"": ""https://api.github.com/users/To2004/repos"",
    ""events_url"": ""https://api.github.com/us",v8_scale,false
551,2026-08-06T14:00:11,github_helios,scale@github_helios,SCALE,helios-grid-infra-config,get_issue,OK,"{""owner"": ""To2004"", ""repo"": ""helios-grid-infra-config"", ""issue_number"": 34}","{
  ""url"": ""https://api.github.com/repos/To2004/helios-grid-infra-config/issues/34"",
  ""repository_url"": ""https://api.github.com/repos/To2004/helios-grid-infra-config"",
  ""labels_url"": ""https://api.github.com/repos/To2004/helios-grid-infra-config/issues/34/labels{/name}"",
  ""comments_url"": ""https://api.github.com/repos/To2004/helios-grid-infra-config/issues/34/comments"",
  ""events_url"": ""https://api.github.com/repos/To2004/helios-grid-infra-config/issues/34/events"",
  ""html_url"": ""https://github.com/To2004/helios-grid-infra-config/pull/34"",
  ""id"": 5080623680,
  ""node_id"": ""PR_kwDOTm9SgM77jm_U"",
  ""number"": 34,
  ""title"": ""[mcp-v8-scale] PR"",
  ""user"": {
    ""login"": ""To2004"",
    ""id"": 151865316,
    ""node_id"": ""U_kgDOCQ1H5A"",
    ""avatar_url"": ""https://avatars.githubusercontent.com/u/151865316?v=4"",
    ""gravatar_id"": """",
    ""url"": ""https://api.github.com/users/To2004"",
    ""html_url"": ""https://github.com/To2004"",
    ""followers_url"": ""https://api.github.com/users/To2004/followers"",
    ""following_url"": ""https://api.github.com/users/To2004/following{/other_user}"",
    ""gists_url"": ""https://api.github.com/users/To2004/gists{/gist_id}"",
    ""starred_url"": ""https://api.github.com/users/To2004/starred{/owner}{/repo}"",
    ""subscriptions_url"": ""https://api.github.com/users/To2004/subscriptions"",
    ""organizations_url"": ""https://api.github.com/users/To2004/orgs"",
    ""repos_url"": ""https://api.github.com/users/To2004/repos"",
    ""events_url"": ""https://api.github.com/users/To2004",v8_scale,false
552,2026-08-06T14:00:12,github_helios,scale@github_helios,SCALE,helios-grid-infra-config,list_pull_requests,OK,"{""owner"": ""To2004"", ""repo"": ""helios-grid-infra-config"", ""state"": ""all""}","[
  {
    ""url"": ""https://api.github.com/repos/To2004/helios-grid-infra-config/pulls/34"",
    ""id"": 4220415956,
    ""node_id"": ""PR_kwDOTm9SgM77jm_U"",
    ""html_url"": ""https://github.com/To2004/helios-grid-infra-config/pull/34"",
    ""diff_url"": ""https://github.com/To2004/helios-grid-infra-config/pull/34.diff"",
    ""patch_url"": ""https://github.com/To2004/helios-grid-infra-config/pull/34.patch"",
    ""issue_url"": ""https://api.github.com/repos/To2004/helios-grid-infra-config/issues/34"",
    ""number"": 34,
    ""state"": ""closed"",
    ""locked"": false,
    ""title"": ""[mcp-v8-scale] PR"",
    ""user"": {
      ""login"": ""To2004"",
      ""id"": 151865316,
      ""avatar_url"": ""https://avatars.githubusercontent.com/u/151865316?v=4"",
      ""url"": ""https://api.github.com/users/To2004"",
      ""html_url"": ""https://github.com/To2004""
    },
    ""body"": ""[mcp-v8-scale]"",
    ""created_at"": ""2026-08-06T11:22:19Z"",
    ""updated_at"": ""2026-08-06T11:22:29Z"",
    ""closed_at"": ""2026-08-06T11:22:24Z"",
    ""merged_at"": ""2026-08-06T11:22:24Z"",
    ""merge_commit_sha"": ""ea48d68a58a08157b4b39ddde081b6eda4a32deb"",
    ""assignee"": null,
    ""assignees"": [],
    ""requested_reviewers"": [],
    ""labels"": [],
    ""head"": {
      ""label"": ""To2004:scale/2026-08-06-helios-g"",
      ""ref"": ""scale/2026-08-06-helios-g"",
      ""sha"": ""266aa3c953ff7d097872c306d96a30b9f0950033"",
      ""user"": {
        ""login"": ""To2004"",
        ""id"": 151865316,
        ""avatar_url"": ""https://avatars.githubusercontent.com/u/151865316?v=4"",
      ",v8_scale,false
553,2026-08-06T14:00:13,github_helios,scale@github_helios,SCALE,helios-grid-infra-config,get_pull_request,OK,"{""owner"": ""To2004"", ""repo"": ""helios-grid-infra-config"", ""pull_number"": 34}","{
  ""url"": ""https://api.github.com/repos/To2004/helios-grid-infra-config/pulls/34"",
  ""id"": 4220415956,
  ""node_id"": ""PR_kwDOTm9SgM77jm_U"",
  ""html_url"": ""https://github.com/To2004/helios-grid-infra-config/pull/34"",
  ""diff_url"": ""https://github.com/To2004/helios-grid-infra-config/pull/34.diff"",
  ""patch_url"": ""https://github.com/To2004/helios-grid-infra-config/pull/34.patch"",
  ""issue_url"": ""https://api.github.com/repos/To2004/helios-grid-infra-config/issues/34"",
  ""number"": 34,
  ""state"": ""closed"",
  ""locked"": false,
  ""title"": ""[mcp-v8-scale] PR"",
  ""user"": {
    ""login"": ""To2004"",
    ""id"": 151865316,
    ""avatar_url"": ""https://avatars.githubusercontent.com/u/151865316?v=4"",
    ""url"": ""https://api.github.com/users/To2004"",
    ""html_url"": ""https://github.com/To2004""
  },
  ""body"": ""[mcp-v8-scale]"",
  ""created_at"": ""2026-08-06T11:22:19Z"",
  ""updated_at"": ""2026-08-06T11:22:29Z"",
  ""closed_at"": ""2026-08-06T11:22:24Z"",
  ""merged_at"": ""2026-08-06T11:22:24Z"",
  ""merge_commit_sha"": ""ea48d68a58a08157b4b39ddde081b6eda4a32deb"",
  ""assignee"": null,
  ""assignees"": [],
  ""requested_reviewers"": [],
  ""labels"": [],
  ""head"": {
    ""label"": ""To2004:scale/2026-08-06-helios-g"",
    ""ref"": ""scale/2026-08-06-helios-g"",
    ""sha"": ""266aa3c953ff7d097872c306d96a30b9f0950033"",
    ""user"": {
      ""login"": ""To2004"",
      ""id"": 151865316,
      ""avatar_url"": ""https://avatars.githubusercontent.com/u/151865316?v=4"",
      ""url"": ""https://api.github.com/users/To2004"",
      ""html_url"": ""https://git",v8_scale,false
554,2026-08-06T14:00:14,github_helios,scale@github_helios,SCALE,helios-grid-infra-config,get_pull_request_files,OK,"{""owner"": ""To2004"", ""repo"": ""helios-grid-infra-config"", ""pull_number"": 34}","[
  {
    ""sha"": ""ca5f323e964e66f2308a25f5ab94f6fb836018d9"",
    ""filename"": ""scale-2026-08-06-b.md"",
    ""status"": ""added"",
    ""additions"": 1,
    ""deletions"": 0,
    ""changes"": 1,
    ""blob_url"": ""https://github.com/To2004/helios-grid-infra-config/blob/266aa3c953ff7d097872c306d96a30b9f0950033/scale-2026-08-06-b.md"",
    ""raw_url"": ""https://github.com/To2004/helios-grid-infra-config/raw/266aa3c953ff7d097872c306d96a30b9f0950033/scale-2026-08-06-b.md"",
    ""contents_url"": ""https://api.github.com/repos/To2004/helios-grid-infra-config/contents/scale-2026-08-06-b.md?ref=266aa3c953ff7d097872c306d96a30b9f0950033"",
    ""patch"": ""@@ -0,0 +1 @@\n+[mcp-v8-scale]""
  },
  {
    ""sha"": ""ca5f323e964e66f2308a25f5ab94f6fb836018d9"",
    ""filename"": ""scale-2026-08-06.md"",
    ""status"": ""added"",
    ""additions"": 1,
    ""deletions"": 0,
    ""changes"": 1,
    ""blob_url"": ""https://github.com/To2004/helios-grid-infra-config/blob/266aa3c953ff7d097872c306d96a30b9f0950033/scale-2026-08-06.md"",
    ""raw_url"": ""https://github.com/To2004/helios-grid-infra-config/raw/266aa3c953ff7d097872c306d96a30b9f0950033/scale-2026-08-06.md"",
    ""contents_url"": ""https://api.github.com/repos/To2004/helios-grid-infra-config/contents/scale-2026-08-06.md?ref=266aa3c953ff7d097872c306d96a30b9f0950033"",
    ""patch"": ""@@ -0,0 +1 @@\n+[mcp-v8-scale]""
  }
]",v8_scale,false
555,2026-08-06T14:00:15,github_helios,scale@github_helios,SCALE,helios-grid-infra-config,get_pull_request_status,OK,"{""owner"": ""To2004"", ""repo"": ""helios-grid-infra-config"", ""pull_number"": 34}","{
  ""state"": ""pending"",
  ""statuses"": [],
  ""sha"": ""266aa3c953ff7d097872c306d96a30b9f0950033"",
  ""total_count"": 0
}",v8_scale,false
556,2026-08-06T14:00:16,github_helios,scale@github_helios,SCALE,helios-grid-infra-config,get_pull_request_comments,OK,"{""owner"": ""To2004"", ""repo"": ""helios-grid-infra-config"", ""pull_number"": 34}",[],v8_scale,false
557,2026-08-06T14:00:17,github_helios,scale@github_helios,SCALE,helios-grid-infra-config,get_pull_request_reviews,OK,"{""owner"": ""To2004"", ""repo"": ""helios-grid-infra-config"", ""pull_number"": 34}","[
  {
    ""id"": 4874078782,
    ""node_id"": ""PRR_kwDOTm9SgM8AAAABIoSKPg"",
    ""user"": {
      ""login"": ""To2004"",
      ""id"": 151865316,
      ""avatar_url"": ""https://avatars.githubusercontent.com/u/151865316?v=4"",
      ""url"": ""https://api.github.com/users/To2004"",
      ""html_url"": ""https://github.com/To2004""
    },
    ""body"": ""[mcp-v8-scale] review"",
    ""state"": ""COMMENTED"",
    ""html_url"": ""https://github.com/To2004/helios-grid-infra-config/pull/34#pullrequestreview-4874078782"",
    ""pull_request_url"": ""https://api.github.com/repos/To2004/helios-grid-infra-config/pulls/34"",
    ""commit_id"": ""266aa3c953ff7d097872c306d96a30b9f0950033"",
    ""submitted_at"": ""2026-08-06T11:22:21Z"",
    ""author_association"": ""OWNER""
  }
]",v8_scale,false
558,2026-08-06T14:00:18,github_helios,scale@github_helios,SCALE,helios-ot-runbooks,get_file_contents,OK,"{""owner"": ""To2004"", ""repo"": ""helios-ot-runbooks"", ""path"": ""README.md""}","{
  ""name"": ""README.md"",
  ""path"": ""README.md"",
  ""sha"": ""3246cf176dea88e843e519222b375ad4eedbfec9"",
  ""size"": 127,
  ""url"": ""https://api.github.com/repos/To2004/helios-ot-runbooks/contents/README.md?ref=main"",
  ""html_url"": ""https://github.com/To2004/helios-ot-runbooks/blob/main/README.md"",
  ""git_url"": ""https://api.github.com/repos/To2004/helios-ot-runbooks/git/blobs/3246cf176dea88e843e519222b375ad4eedbfec9"",
  ""download_url"": ""https://raw.githubusercontent.com/To2004/helios-ot-runbooks/main/README.md?token=BEGUPZHJ25PXEDR4RC6JVODKORXSDAA"",
  ""type"": ""file"",
  ""content"": ""# helios-ot-runbooks\n\nOperational runbooks for the OT estate: switching procedures, patch windows and CIP evidence collection.\n"",
  ""encoding"": ""base64"",
  ""_links"": {
    ""self"": ""https://api.github.com/repos/To2004/helios-ot-runbooks/contents/README.md?ref=main"",
    ""git"": ""https://api.github.com/repos/To2004/helios-ot-runbooks/git/blobs/3246cf176dea88e843e519222b375ad4eedbfec9"",
    ""html"": ""https://github.com/To2004/helios-ot-runbooks/blob/main/README.md""
  }
}",v8_scale,false
559,2026-08-06T14:00:19,github_helios,scale@github_helios,SCALE,helios-ot-runbooks,list_commits,OK,"{""owner"": ""To2004"", ""repo"": ""helios-ot-runbooks""}","[
  {
    ""sha"": ""f910bef8e06b9ae9150312901f38a541a8add88e"",
    ""node_id"": ""C_kwDOTm9S9doAKGY5MTBiZWY4ZTA2YjlhZTkxNTAzMTI5MDFmMzhhNTQxYThhZGQ4OGU"",
    ""commit"": {
      ""author"": {
        ""name"": ""To2004"",
        ""email"": ""151865316+To2004@users.noreply.github.com"",
        ""date"": ""2026-07-29T09:02:50Z""
      },
      ""committer"": {
        ""name"": ""To2004"",
        ""email"": ""151865316+To2004@users.noreply.github.com"",
        ""date"": ""2026-07-29T09:02:50Z""
      },
      ""message"": ""Add runbooks/cip-007-patching.md"",
      ""tree"": {
        ""sha"": ""9abb30376d0cb68b1c35f46b97b208a91a601c22"",
        ""url"": ""https://api.github.com/repos/To2004/helios-ot-runbooks/git/trees/9abb30376d0cb68b1c35f46b97b208a91a601c22""
      },
      ""url"": ""https://api.github.com/repos/To2004/helios-ot-runbooks/git/commits/f910bef8e06b9ae9150312901f38a541a8add88e"",
      ""comment_count"": 0,
      ""verification"": {
        ""verified"": false,
        ""reason"": ""unsigned"",
        ""signature"": null,
        ""payload"": null,
        ""verified_at"": null
      }
    },
    ""url"": ""https://api.github.com/repos/To2004/helios-ot-runbooks/commits/f910bef8e06b9ae9150312901f38a541a8add88e"",
    ""html_url"": ""https://github.com/To2004/helios-ot-runbooks/commit/f910bef8e06b9ae9150312901f38a541a8add88e"",
    ""comments_url"": ""https://api.github.com/repos/To2004/helios-ot-runbooks/commits/f910bef8e06b9ae9150312901f38a541a8add88e/comments"",
    ""author"": {
      ""login"": ""To2004"",
      ""id"": 151865316,
      ""n",v8_scale,false
560,2026-08-06T14:00:20,github_helios,scale@github_helios,SCALE,helios-ot-runbooks,list_issues,OK,"{""owner"": ""To2004"", ""repo"": ""helios-ot-runbooks"", ""state"": ""all""}","[
  {
    ""url"": ""https://api.github.com/repos/To2004/helios-ot-runbooks/issues/10"",
    ""repository_url"": ""https://api.github.com/repos/To2004/helios-ot-runbooks"",
    ""labels_url"": ""https://api.github.com/repos/To2004/helios-ot-runbooks/issues/10/labels{/name}"",
    ""comments_url"": ""https://api.github.com/repos/To2004/helios-ot-runbooks/issues/10/comments"",
    ""events_url"": ""https://api.github.com/repos/To2004/helios-ot-runbooks/issues/10/events"",
    ""html_url"": ""https://github.com/To2004/helios-ot-runbooks/issues/10"",
    ""id"": 5080626479,
    ""node_id"": ""I_kwDOTm9S9c8AAAABLtQ1Lw"",
    ""number"": 10,
    ""title"": ""[mcp-v8-scale] issue"",
    ""user"": {
      ""login"": ""To2004"",
      ""id"": 151865316,
      ""node_id"": ""U_kgDOCQ1H5A"",
      ""avatar_url"": ""https://avatars.githubusercontent.com/u/151865316?v=4"",
      ""gravatar_id"": """",
      ""url"": ""https://api.github.com/users/To2004"",
      ""html_url"": ""https://github.com/To2004"",
      ""followers_url"": ""https://api.github.com/users/To2004/followers"",
      ""following_url"": ""https://api.github.com/users/To2004/following{/other_user}"",
      ""gists_url"": ""https://api.github.com/users/To2004/gists{/gist_id}"",
      ""starred_url"": ""https://api.github.com/users/To2004/starred{/owner}{/repo}"",
      ""subscriptions_url"": ""https://api.github.com/users/To2004/subscriptions"",
      ""organizations_url"": ""https://api.github.com/users/To2004/orgs"",
      ""repos_url"": ""https://api.github.com/users/To2004/repos"",
      ""events_url"": ""https",v8_scale,false
561,2026-08-06T14:00:21,github_helios,scale@github_helios,SCALE,helios-ot-runbooks,get_issue,OK,"{""owner"": ""To2004"", ""repo"": ""helios-ot-runbooks"", ""issue_number"": 10}","{
  ""url"": ""https://api.github.com/repos/To2004/helios-ot-runbooks/issues/10"",
  ""repository_url"": ""https://api.github.com/repos/To2004/helios-ot-runbooks"",
  ""labels_url"": ""https://api.github.com/repos/To2004/helios-ot-runbooks/issues/10/labels{/name}"",
  ""comments_url"": ""https://api.github.com/repos/To2004/helios-ot-runbooks/issues/10/comments"",
  ""events_url"": ""https://api.github.com/repos/To2004/helios-ot-runbooks/issues/10/events"",
  ""html_url"": ""https://github.com/To2004/helios-ot-runbooks/issues/10"",
  ""id"": 5080626479,
  ""node_id"": ""I_kwDOTm9S9c8AAAABLtQ1Lw"",
  ""number"": 10,
  ""title"": ""[mcp-v8-scale] issue"",
  ""user"": {
    ""login"": ""To2004"",
    ""id"": 151865316,
    ""node_id"": ""U_kgDOCQ1H5A"",
    ""avatar_url"": ""https://avatars.githubusercontent.com/u/151865316?v=4"",
    ""gravatar_id"": """",
    ""url"": ""https://api.github.com/users/To2004"",
    ""html_url"": ""https://github.com/To2004"",
    ""followers_url"": ""https://api.github.com/users/To2004/followers"",
    ""following_url"": ""https://api.github.com/users/To2004/following{/other_user}"",
    ""gists_url"": ""https://api.github.com/users/To2004/gists{/gist_id}"",
    ""starred_url"": ""https://api.github.com/users/To2004/starred{/owner}{/repo}"",
    ""subscriptions_url"": ""https://api.github.com/users/To2004/subscriptions"",
    ""organizations_url"": ""https://api.github.com/users/To2004/orgs"",
    ""repos_url"": ""https://api.github.com/users/To2004/repos"",
    ""events_url"": ""https://api.github.com/users/To2004/events{/privacy}"",
    ""r",v8_scale,false
562,2026-08-06T14:00:22,github_helios,scale@github_helios,SCALE,helios-ot-runbooks,get_issue,OK,"{""owner"": ""To2004"", ""repo"": ""helios-ot-runbooks"", ""issue_number"": 9}","{
  ""url"": ""https://api.github.com/repos/To2004/helios-ot-runbooks/issues/9"",
  ""repository_url"": ""https://api.github.com/repos/To2004/helios-ot-runbooks"",
  ""labels_url"": ""https://api.github.com/repos/To2004/helios-ot-runbooks/issues/9/labels{/name}"",
  ""comments_url"": ""https://api.github.com/repos/To2004/helios-ot-runbooks/issues/9/comments"",
  ""events_url"": ""https://api.github.com/repos/To2004/helios-ot-runbooks/issues/9/events"",
  ""html_url"": ""https://github.com/To2004/helios-ot-runbooks/pull/9"",
  ""id"": 5080625768,
  ""node_id"": ""PR_kwDOTm9S9c77jnbL"",
  ""number"": 9,
  ""title"": ""[mcp-v8-scale] PR"",
  ""user"": {
    ""login"": ""To2004"",
    ""id"": 151865316,
    ""node_id"": ""U_kgDOCQ1H5A"",
    ""avatar_url"": ""https://avatars.githubusercontent.com/u/151865316?v=4"",
    ""gravatar_id"": """",
    ""url"": ""https://api.github.com/users/To2004"",
    ""html_url"": ""https://github.com/To2004"",
    ""followers_url"": ""https://api.github.com/users/To2004/followers"",
    ""following_url"": ""https://api.github.com/users/To2004/following{/other_user}"",
    ""gists_url"": ""https://api.github.com/users/To2004/gists{/gist_id}"",
    ""starred_url"": ""https://api.github.com/users/To2004/starred{/owner}{/repo}"",
    ""subscriptions_url"": ""https://api.github.com/users/To2004/subscriptions"",
    ""organizations_url"": ""https://api.github.com/users/To2004/orgs"",
    ""repos_url"": ""https://api.github.com/users/To2004/repos"",
    ""events_url"": ""https://api.github.com/users/To2004/events{/privacy}"",
    ""received_events_u",v8_scale,false
563,2026-08-06T14:00:23,github_helios,scale@github_helios,SCALE,helios-ot-runbooks,list_pull_requests,OK,"{""owner"": ""To2004"", ""repo"": ""helios-ot-runbooks"", ""state"": ""all""}","[
  {
    ""url"": ""https://api.github.com/repos/To2004/helios-ot-runbooks/pulls/9"",
    ""id"": 4220417739,
    ""node_id"": ""PR_kwDOTm9S9c77jnbL"",
    ""html_url"": ""https://github.com/To2004/helios-ot-runbooks/pull/9"",
    ""diff_url"": ""https://github.com/To2004/helios-ot-runbooks/pull/9.diff"",
    ""patch_url"": ""https://github.com/To2004/helios-ot-runbooks/pull/9.patch"",
    ""issue_url"": ""https://api.github.com/repos/To2004/helios-ot-runbooks/issues/9"",
    ""number"": 9,
    ""state"": ""closed"",
    ""locked"": false,
    ""title"": ""[mcp-v8-scale] PR"",
    ""user"": {
      ""login"": ""To2004"",
      ""id"": 151865316,
      ""avatar_url"": ""https://avatars.githubusercontent.com/u/151865316?v=4"",
      ""url"": ""https://api.github.com/users/To2004"",
      ""html_url"": ""https://github.com/To2004""
    },
    ""body"": ""[mcp-v8-scale]"",
    ""created_at"": ""2026-08-06T11:22:37Z"",
    ""updated_at"": ""2026-08-06T11:22:47Z"",
    ""closed_at"": ""2026-08-06T11:22:42Z"",
    ""merged_at"": ""2026-08-06T11:22:42Z"",
    ""merge_commit_sha"": ""e42c69e9d9561173cbe35c803d1e6504e2bb9524"",
    ""assignee"": null,
    ""assignees"": [],
    ""requested_reviewers"": [],
    ""labels"": [],
    ""head"": {
      ""label"": ""To2004:scale/2026-08-06-helios-o"",
      ""ref"": ""scale/2026-08-06-helios-o"",
      ""sha"": ""3781be7127b208d4ec3f298b16a559d21f92c855"",
      ""user"": {
        ""login"": ""To2004"",
        ""id"": 151865316,
        ""avatar_url"": ""https://avatars.githubusercontent.com/u/151865316?v=4"",
        ""url"": ""https://api.github.com/use",v8_scale,false
564,2026-08-06T14:00:24,github_helios,scale@github_helios,SCALE,helios-ot-runbooks,get_pull_request,OK,"{""owner"": ""To2004"", ""repo"": ""helios-ot-runbooks"", ""pull_number"": 9}","{
  ""url"": ""https://api.github.com/repos/To2004/helios-ot-runbooks/pulls/9"",
  ""id"": 4220417739,
  ""node_id"": ""PR_kwDOTm9S9c77jnbL"",
  ""html_url"": ""https://github.com/To2004/helios-ot-runbooks/pull/9"",
  ""diff_url"": ""https://github.com/To2004/helios-ot-runbooks/pull/9.diff"",
  ""patch_url"": ""https://github.com/To2004/helios-ot-runbooks/pull/9.patch"",
  ""issue_url"": ""https://api.github.com/repos/To2004/helios-ot-runbooks/issues/9"",
  ""number"": 9,
  ""state"": ""closed"",
  ""locked"": false,
  ""title"": ""[mcp-v8-scale] PR"",
  ""user"": {
    ""login"": ""To2004"",
    ""id"": 151865316,
    ""avatar_url"": ""https://avatars.githubusercontent.com/u/151865316?v=4"",
    ""url"": ""https://api.github.com/users/To2004"",
    ""html_url"": ""https://github.com/To2004""
  },
  ""body"": ""[mcp-v8-scale]"",
  ""created_at"": ""2026-08-06T11:22:37Z"",
  ""updated_at"": ""2026-08-06T11:22:47Z"",
  ""closed_at"": ""2026-08-06T11:22:42Z"",
  ""merged_at"": ""2026-08-06T11:22:42Z"",
  ""merge_commit_sha"": ""e42c69e9d9561173cbe35c803d1e6504e2bb9524"",
  ""assignee"": null,
  ""assignees"": [],
  ""requested_reviewers"": [],
  ""labels"": [],
  ""head"": {
    ""label"": ""To2004:scale/2026-08-06-helios-o"",
    ""ref"": ""scale/2026-08-06-helios-o"",
    ""sha"": ""3781be7127b208d4ec3f298b16a559d21f92c855"",
    ""user"": {
      ""login"": ""To2004"",
      ""id"": 151865316,
      ""avatar_url"": ""https://avatars.githubusercontent.com/u/151865316?v=4"",
      ""url"": ""https://api.github.com/users/To2004"",
      ""html_url"": ""https://github.com/To2004""
    },
    ""repo"": {",v8_scale,false
565,2026-08-06T14:00:25,github_helios,scale@github_helios,SCALE,helios-ot-runbooks,get_pull_request_files,OK,"{""owner"": ""To2004"", ""repo"": ""helios-ot-runbooks"", ""pull_number"": 9}","[
  {
    ""sha"": ""ca5f323e964e66f2308a25f5ab94f6fb836018d9"",
    ""filename"": ""scale-2026-08-06-b.md"",
    ""status"": ""added"",
    ""additions"": 1,
    ""deletions"": 0,
    ""changes"": 1,
    ""blob_url"": ""https://github.com/To2004/helios-ot-runbooks/blob/3781be7127b208d4ec3f298b16a559d21f92c855/scale-2026-08-06-b.md"",
    ""raw_url"": ""https://github.com/To2004/helios-ot-runbooks/raw/3781be7127b208d4ec3f298b16a559d21f92c855/scale-2026-08-06-b.md"",
    ""contents_url"": ""https://api.github.com/repos/To2004/helios-ot-runbooks/contents/scale-2026-08-06-b.md?ref=3781be7127b208d4ec3f298b16a559d21f92c855"",
    ""patch"": ""@@ -0,0 +1 @@\n+[mcp-v8-scale]""
  },
  {
    ""sha"": ""ca5f323e964e66f2308a25f5ab94f6fb836018d9"",
    ""filename"": ""scale-2026-08-06.md"",
    ""status"": ""added"",
    ""additions"": 1,
    ""deletions"": 0,
    ""changes"": 1,
    ""blob_url"": ""https://github.com/To2004/helios-ot-runbooks/blob/3781be7127b208d4ec3f298b16a559d21f92c855/scale-2026-08-06.md"",
    ""raw_url"": ""https://github.com/To2004/helios-ot-runbooks/raw/3781be7127b208d4ec3f298b16a559d21f92c855/scale-2026-08-06.md"",
    ""contents_url"": ""https://api.github.com/repos/To2004/helios-ot-runbooks/contents/scale-2026-08-06.md?ref=3781be7127b208d4ec3f298b16a559d21f92c855"",
    ""patch"": ""@@ -0,0 +1 @@\n+[mcp-v8-scale]""
  }
]",v8_scale,false
566,2026-08-06T14:00:26,github_helios,scale@github_helios,SCALE,helios-ot-runbooks,get_pull_request_status,OK,"{""owner"": ""To2004"", ""repo"": ""helios-ot-runbooks"", ""pull_number"": 9}","{
  ""state"": ""pending"",
  ""statuses"": [],
  ""sha"": ""3781be7127b208d4ec3f298b16a559d21f92c855"",
  ""total_count"": 0
}",v8_scale,false
567,2026-08-06T14:00:27,github_helios,scale@github_helios,SCALE,helios-ot-runbooks,get_pull_request_comments,OK,"{""owner"": ""To2004"", ""repo"": ""helios-ot-runbooks"", ""pull_number"": 9}",[],v8_scale,false
568,2026-08-06T14:00:28,github_helios,scale@github_helios,SCALE,helios-ot-runbooks,get_pull_request_reviews,OK,"{""owner"": ""To2004"", ""repo"": ""helios-ot-runbooks"", ""pull_number"": 9}","[
  {
    ""id"": 4874080625,
    ""node_id"": ""PRR_kwDOTm9S9c8AAAABIoSRcQ"",
    ""user"": {
      ""login"": ""To2004"",
      ""id"": 151865316,
      ""avatar_url"": ""https://avatars.githubusercontent.com/u/151865316?v=4"",
      ""url"": ""https://api.github.com/users/To2004"",
      ""html_url"": ""https://github.com/To2004""
    },
    ""body"": ""[mcp-v8-scale] review"",
    ""state"": ""COMMENTED"",
    ""html_url"": ""https://github.com/To2004/helios-ot-runbooks/pull/9#pullrequestreview-4874080625"",
    ""pull_request_url"": ""https://api.github.com/repos/To2004/helios-ot-runbooks/pulls/9"",
    ""commit_id"": ""3781be7127b208d4ec3f298b16a559d21f92c855"",
    ""submitted_at"": ""2026-08-06T11:22:39Z"",
    ""author_association"": ""OWNER""
  }
]",v8_scale,false
569,2026-08-06T14:00:29,github_helios,scale@github_helios,SCALE,helios-market-bidding-engine,get_file_contents,OK,"{""owner"": ""To2004"", ""repo"": ""helios-market-bidding-engine"", ""path"": ""README.md""}","{
  ""name"": ""README.md"",
  ""path"": ""README.md"",
  ""sha"": ""84c80adaf93c06a8651d11d911f9c4ebdac211c0"",
  ""size"": 124,
  ""url"": ""https://api.github.com/repos/To2004/helios-market-bidding-engine/contents/README.md?ref=main"",
  ""html_url"": ""https://github.com/To2004/helios-market-bidding-engine/blob/main/README.md"",
  ""git_url"": ""https://api.github.com/repos/To2004/helios-market-bidding-engine/git/blobs/84c80adaf93c06a8651d11d911f9c4ebdac211c0"",
  ""download_url"": ""https://raw.githubusercontent.com/To2004/helios-market-bidding-engine/main/README.md?token=BEGUPZAMYOZZX56TTOFDZOTKORXSPAA"",
  ""type"": ""file"",
  ""content"": ""# helios-market-bidding-engine\n\nDay-ahead and intraday bidding strategy code. The strategy parameters are market-sensitive.\n"",
  ""encoding"": ""base64"",
  ""_links"": {
    ""self"": ""https://api.github.com/repos/To2004/helios-market-bidding-engine/contents/README.md?ref=main"",
    ""git"": ""https://api.github.com/repos/To2004/helios-market-bidding-engine/git/blobs/84c80adaf93c06a8651d11d911f9c4ebdac211c0"",
    ""html"": ""https://github.com/To2004/helios-market-bidding-engine/blob/main/README.md""
  }
}",v8_scale,false
570,2026-08-06T14:00:30,github_helios,scale@github_helios,SCALE,helios-market-bidding-engine,list_commits,OK,"{""owner"": ""To2004"", ""repo"": ""helios-market-bidding-engine""}","[
  {
    ""sha"": ""a613e0fc87d5a8a8497ed30b562b87a6eaef761f"",
    ""node_id"": ""C_kwDOTm9Su9oAKGE2MTNlMGZjODdkNWE4YTg0OTdlZDMwYjU2MmI4N2E2ZWFlZjc2MWY"",
    ""commit"": {
      ""author"": {
        ""name"": ""To2004"",
        ""email"": ""151865316+To2004@users.noreply.github.com"",
        ""date"": ""2026-07-29T09:02:45Z""
      },
      ""committer"": {
        ""name"": ""To2004"",
        ""email"": ""151865316+To2004@users.noreply.github.com"",
        ""date"": ""2026-07-29T09:02:45Z""
      },
      ""message"": ""Add strategy/ramp.md"",
      ""tree"": {
        ""sha"": ""752431b140170d3578b05a95aeb8886445c10180"",
        ""url"": ""https://api.github.com/repos/To2004/helios-market-bidding-engine/git/trees/752431b140170d3578b05a95aeb8886445c10180""
      },
      ""url"": ""https://api.github.com/repos/To2004/helios-market-bidding-engine/git/commits/a613e0fc87d5a8a8497ed30b562b87a6eaef761f"",
      ""comment_count"": 0,
      ""verification"": {
        ""verified"": false,
        ""reason"": ""unsigned"",
        ""signature"": null,
        ""payload"": null,
        ""verified_at"": null
      }
    },
    ""url"": ""https://api.github.com/repos/To2004/helios-market-bidding-engine/commits/a613e0fc87d5a8a8497ed30b562b87a6eaef761f"",
    ""html_url"": ""https://github.com/To2004/helios-market-bidding-engine/commit/a613e0fc87d5a8a8497ed30b562b87a6eaef761f"",
    ""comments_url"": ""https://api.github.com/repos/To2004/helios-market-bidding-engine/commits/a613e0fc87d5a8a8497ed30b562b87a6eaef761f/comments"",
    ""author"": {
      ""login"": ""To",v8_scale,false
571,2026-08-06T14:00:31,github_helios,scale@github_helios,SCALE,helios-market-bidding-engine,list_issues,OK,"{""owner"": ""To2004"", ""repo"": ""helios-market-bidding-engine"", ""state"": ""all""}","[
  {
    ""url"": ""https://api.github.com/repos/To2004/helios-market-bidding-engine/issues/10"",
    ""repository_url"": ""https://api.github.com/repos/To2004/helios-market-bidding-engine"",
    ""labels_url"": ""https://api.github.com/repos/To2004/helios-market-bidding-engine/issues/10/labels{/name}"",
    ""comments_url"": ""https://api.github.com/repos/To2004/helios-market-bidding-engine/issues/10/comments"",
    ""events_url"": ""https://api.github.com/repos/To2004/helios-market-bidding-engine/issues/10/events"",
    ""html_url"": ""https://github.com/To2004/helios-market-bidding-engine/issues/10"",
    ""id"": 5080617833,
    ""node_id"": ""I_kwDOTm9Su88AAAABLtQTaQ"",
    ""number"": 10,
    ""title"": ""[mcp-v8-scale] issue"",
    ""user"": {
      ""login"": ""To2004"",
      ""id"": 151865316,
      ""node_id"": ""U_kgDOCQ1H5A"",
      ""avatar_url"": ""https://avatars.githubusercontent.com/u/151865316?v=4"",
      ""gravatar_id"": """",
      ""url"": ""https://api.github.com/users/To2004"",
      ""html_url"": ""https://github.com/To2004"",
      ""followers_url"": ""https://api.github.com/users/To2004/followers"",
      ""following_url"": ""https://api.github.com/users/To2004/following{/other_user}"",
      ""gists_url"": ""https://api.github.com/users/To2004/gists{/gist_id}"",
      ""starred_url"": ""https://api.github.com/users/To2004/starred{/owner}{/repo}"",
      ""subscriptions_url"": ""https://api.github.com/users/To2004/subscriptions"",
      ""organizations_url"": ""https://api.github.com/users/To2004/orgs"",
      ""repos_url"": ""https://ap",v8_scale,false
572,2026-08-06T14:00:32,github_helios,scale@github_helios,SCALE,helios-market-bidding-engine,get_issue,OK,"{""owner"": ""To2004"", ""repo"": ""helios-market-bidding-engine"", ""issue_number"": 10}","{
  ""url"": ""https://api.github.com/repos/To2004/helios-market-bidding-engine/issues/10"",
  ""repository_url"": ""https://api.github.com/repos/To2004/helios-market-bidding-engine"",
  ""labels_url"": ""https://api.github.com/repos/To2004/helios-market-bidding-engine/issues/10/labels{/name}"",
  ""comments_url"": ""https://api.github.com/repos/To2004/helios-market-bidding-engine/issues/10/comments"",
  ""events_url"": ""https://api.github.com/repos/To2004/helios-market-bidding-engine/issues/10/events"",
  ""html_url"": ""https://github.com/To2004/helios-market-bidding-engine/issues/10"",
  ""id"": 5080617833,
  ""node_id"": ""I_kwDOTm9Su88AAAABLtQTaQ"",
  ""number"": 10,
  ""title"": ""[mcp-v8-scale] issue"",
  ""user"": {
    ""login"": ""To2004"",
    ""id"": 151865316,
    ""node_id"": ""U_kgDOCQ1H5A"",
    ""avatar_url"": ""https://avatars.githubusercontent.com/u/151865316?v=4"",
    ""gravatar_id"": """",
    ""url"": ""https://api.github.com/users/To2004"",
    ""html_url"": ""https://github.com/To2004"",
    ""followers_url"": ""https://api.github.com/users/To2004/followers"",
    ""following_url"": ""https://api.github.com/users/To2004/following{/other_user}"",
    ""gists_url"": ""https://api.github.com/users/To2004/gists{/gist_id}"",
    ""starred_url"": ""https://api.github.com/users/To2004/starred{/owner}{/repo}"",
    ""subscriptions_url"": ""https://api.github.com/users/To2004/subscriptions"",
    ""organizations_url"": ""https://api.github.com/users/To2004/orgs"",
    ""repos_url"": ""https://api.github.com/users/To2004/repos"",
    ""events_url"": ""h",v8_scale,false
573,2026-08-06T14:00:33,github_helios,scale@github_helios,SCALE,helios-market-bidding-engine,get_issue,OK,"{""owner"": ""To2004"", ""repo"": ""helios-market-bidding-engine"", ""issue_number"": 9}","{
  ""url"": ""https://api.github.com/repos/To2004/helios-market-bidding-engine/issues/9"",
  ""repository_url"": ""https://api.github.com/repos/To2004/helios-market-bidding-engine"",
  ""labels_url"": ""https://api.github.com/repos/To2004/helios-market-bidding-engine/issues/9/labels{/name}"",
  ""comments_url"": ""https://api.github.com/repos/To2004/helios-market-bidding-engine/issues/9/comments"",
  ""events_url"": ""https://api.github.com/repos/To2004/helios-market-bidding-engine/issues/9/events"",
  ""html_url"": ""https://github.com/To2004/helios-market-bidding-engine/pull/9"",
  ""id"": 5080617206,
  ""node_id"": ""PR_kwDOTm9Su877jlnA"",
  ""number"": 9,
  ""title"": ""[mcp-v8-scale] PR"",
  ""user"": {
    ""login"": ""To2004"",
    ""id"": 151865316,
    ""node_id"": ""U_kgDOCQ1H5A"",
    ""avatar_url"": ""https://avatars.githubusercontent.com/u/151865316?v=4"",
    ""gravatar_id"": """",
    ""url"": ""https://api.github.com/users/To2004"",
    ""html_url"": ""https://github.com/To2004"",
    ""followers_url"": ""https://api.github.com/users/To2004/followers"",
    ""following_url"": ""https://api.github.com/users/To2004/following{/other_user}"",
    ""gists_url"": ""https://api.github.com/users/To2004/gists{/gist_id}"",
    ""starred_url"": ""https://api.github.com/users/To2004/starred{/owner}{/repo}"",
    ""subscriptions_url"": ""https://api.github.com/users/To2004/subscriptions"",
    ""organizations_url"": ""https://api.github.com/users/To2004/orgs"",
    ""repos_url"": ""https://api.github.com/users/To2004/repos"",
    ""events_url"": ""https://api.githu",v8_scale,false
574,2026-08-06T14:00:34,github_helios,scale@github_helios,SCALE,helios-market-bidding-engine,list_pull_requests,OK,"{""owner"": ""To2004"", ""repo"": ""helios-market-bidding-engine"", ""state"": ""all""}","[
  {
    ""url"": ""https://api.github.com/repos/To2004/helios-market-bidding-engine/pulls/9"",
    ""id"": 4220410304,
    ""node_id"": ""PR_kwDOTm9Su877jlnA"",
    ""html_url"": ""https://github.com/To2004/helios-market-bidding-engine/pull/9"",
    ""diff_url"": ""https://github.com/To2004/helios-market-bidding-engine/pull/9.diff"",
    ""patch_url"": ""https://github.com/To2004/helios-market-bidding-engine/pull/9.patch"",
    ""issue_url"": ""https://api.github.com/repos/To2004/helios-market-bidding-engine/issues/9"",
    ""number"": 9,
    ""state"": ""closed"",
    ""locked"": false,
    ""title"": ""[mcp-v8-scale] PR"",
    ""user"": {
      ""login"": ""To2004"",
      ""id"": 151865316,
      ""avatar_url"": ""https://avatars.githubusercontent.com/u/151865316?v=4"",
      ""url"": ""https://api.github.com/users/To2004"",
      ""html_url"": ""https://github.com/To2004""
    },
    ""body"": ""[mcp-v8-scale]"",
    ""created_at"": ""2026-08-06T11:21:26Z"",
    ""updated_at"": ""2026-08-06T11:21:36Z"",
    ""closed_at"": ""2026-08-06T11:21:31Z"",
    ""merged_at"": ""2026-08-06T11:21:31Z"",
    ""merge_commit_sha"": ""de6466f86a81a1520eba6aeb7a5d2bc33b52d7d9"",
    ""assignee"": null,
    ""assignees"": [],
    ""requested_reviewers"": [],
    ""labels"": [],
    ""head"": {
      ""label"": ""To2004:scale/2026-08-06-helios-m"",
      ""ref"": ""scale/2026-08-06-helios-m"",
      ""sha"": ""324cbc66b177e7b22ebaa8f2c6a23c7dde7fc4b2"",
      ""user"": {
        ""login"": ""To2004"",
        ""id"": 151865316,
        ""avatar_url"": ""https://avatars.githubusercontent.com/u/15186531",v8_scale,false
575,2026-08-06T14:00:35,github_helios,scale@github_helios,SCALE,helios-market-bidding-engine,get_pull_request,OK,"{""owner"": ""To2004"", ""repo"": ""helios-market-bidding-engine"", ""pull_number"": 9}","{
  ""url"": ""https://api.github.com/repos/To2004/helios-market-bidding-engine/pulls/9"",
  ""id"": 4220410304,
  ""node_id"": ""PR_kwDOTm9Su877jlnA"",
  ""html_url"": ""https://github.com/To2004/helios-market-bidding-engine/pull/9"",
  ""diff_url"": ""https://github.com/To2004/helios-market-bidding-engine/pull/9.diff"",
  ""patch_url"": ""https://github.com/To2004/helios-market-bidding-engine/pull/9.patch"",
  ""issue_url"": ""https://api.github.com/repos/To2004/helios-market-bidding-engine/issues/9"",
  ""number"": 9,
  ""state"": ""closed"",
  ""locked"": false,
  ""title"": ""[mcp-v8-scale] PR"",
  ""user"": {
    ""login"": ""To2004"",
    ""id"": 151865316,
    ""avatar_url"": ""https://avatars.githubusercontent.com/u/151865316?v=4"",
    ""url"": ""https://api.github.com/users/To2004"",
    ""html_url"": ""https://github.com/To2004""
  },
  ""body"": ""[mcp-v8-scale]"",
  ""created_at"": ""2026-08-06T11:21:26Z"",
  ""updated_at"": ""2026-08-06T11:21:36Z"",
  ""closed_at"": ""2026-08-06T11:21:31Z"",
  ""merged_at"": ""2026-08-06T11:21:31Z"",
  ""merge_commit_sha"": ""de6466f86a81a1520eba6aeb7a5d2bc33b52d7d9"",
  ""assignee"": null,
  ""assignees"": [],
  ""requested_reviewers"": [],
  ""labels"": [],
  ""head"": {
    ""label"": ""To2004:scale/2026-08-06-helios-m"",
    ""ref"": ""scale/2026-08-06-helios-m"",
    ""sha"": ""324cbc66b177e7b22ebaa8f2c6a23c7dde7fc4b2"",
    ""user"": {
      ""login"": ""To2004"",
      ""id"": 151865316,
      ""avatar_url"": ""https://avatars.githubusercontent.com/u/151865316?v=4"",
      ""url"": ""https://api.github.com/users/To2004"",
      ""html_url""",v8_scale,false
576,2026-08-06T14:00:36,github_helios,scale@github_helios,SCALE,helios-market-bidding-engine,get_pull_request_files,OK,"{""owner"": ""To2004"", ""repo"": ""helios-market-bidding-engine"", ""pull_number"": 9}","[
  {
    ""sha"": ""ca5f323e964e66f2308a25f5ab94f6fb836018d9"",
    ""filename"": ""scale-2026-08-06-b.md"",
    ""status"": ""added"",
    ""additions"": 1,
    ""deletions"": 0,
    ""changes"": 1,
    ""blob_url"": ""https://github.com/To2004/helios-market-bidding-engine/blob/324cbc66b177e7b22ebaa8f2c6a23c7dde7fc4b2/scale-2026-08-06-b.md"",
    ""raw_url"": ""https://github.com/To2004/helios-market-bidding-engine/raw/324cbc66b177e7b22ebaa8f2c6a23c7dde7fc4b2/scale-2026-08-06-b.md"",
    ""contents_url"": ""https://api.github.com/repos/To2004/helios-market-bidding-engine/contents/scale-2026-08-06-b.md?ref=324cbc66b177e7b22ebaa8f2c6a23c7dde7fc4b2"",
    ""patch"": ""@@ -0,0 +1 @@\n+[mcp-v8-scale]""
  },
  {
    ""sha"": ""ca5f323e964e66f2308a25f5ab94f6fb836018d9"",
    ""filename"": ""scale-2026-08-06.md"",
    ""status"": ""added"",
    ""additions"": 1,
    ""deletions"": 0,
    ""changes"": 1,
    ""blob_url"": ""https://github.com/To2004/helios-market-bidding-engine/blob/324cbc66b177e7b22ebaa8f2c6a23c7dde7fc4b2/scale-2026-08-06.md"",
    ""raw_url"": ""https://github.com/To2004/helios-market-bidding-engine/raw/324cbc66b177e7b22ebaa8f2c6a23c7dde7fc4b2/scale-2026-08-06.md"",
    ""contents_url"": ""https://api.github.com/repos/To2004/helios-market-bidding-engine/contents/scale-2026-08-06.md?ref=324cbc66b177e7b22ebaa8f2c6a23c7dde7fc4b2"",
    ""patch"": ""@@ -0,0 +1 @@\n+[mcp-v8-scale]""
  }
]",v8_scale,false
577,2026-08-06T14:00:37,github_helios,scale@github_helios,SCALE,helios-market-bidding-engine,get_pull_request_status,OK,"{""owner"": ""To2004"", ""repo"": ""helios-market-bidding-engine"", ""pull_number"": 9}","{
  ""state"": ""pending"",
  ""statuses"": [],
  ""sha"": ""324cbc66b177e7b22ebaa8f2c6a23c7dde7fc4b2"",
  ""total_count"": 0
}",v8_scale,false
578,2026-08-06T14:00:38,github_helios,scale@github_helios,SCALE,helios-market-bidding-engine,get_pull_request_comments,OK,"{""owner"": ""To2004"", ""repo"": ""helios-market-bidding-engine"", ""pull_number"": 9}",[],v8_scale,false
579,2026-08-06T14:00:39,github_helios,scale@github_helios,SCALE,helios-market-bidding-engine,get_pull_request_reviews,OK,"{""owner"": ""To2004"", ""repo"": ""helios-market-bidding-engine"", ""pull_number"": 9}","[
  {
    ""id"": 4874072936,
    ""node_id"": ""PRR_kwDOTm9Su88AAAABIoRzaA"",
    ""user"": {
      ""login"": ""To2004"",
      ""id"": 151865316,
      ""avatar_url"": ""https://avatars.githubusercontent.com/u/151865316?v=4"",
      ""url"": ""https://api.github.com/users/To2004"",
      ""html_url"": ""https://github.com/To2004""
    },
    ""body"": ""[mcp-v8-scale] review"",
    ""state"": ""COMMENTED"",
    ""html_url"": ""https://github.com/To2004/helios-market-bidding-engine/pull/9#pullrequestreview-4874072936"",
    ""pull_request_url"": ""https://api.github.com/repos/To2004/helios-market-bidding-engine/pulls/9"",
    ""commit_id"": ""324cbc66b177e7b22ebaa8f2c6a23c7dde7fc4b2"",
    ""submitted_at"": ""2026-08-06T11:21:28Z"",
    ""author_association"": ""OWNER""
  }
]",v8_scale,false
580,2026-08-06T14:00:40,github_helios,scale@github_helios,SCALE,helios-scada-gateway,get_file_contents,OK,"{""owner"": ""To2004"", ""repo"": ""helios-scada-gateway"", ""path"": ""README.md""}","{
  ""name"": ""README.md"",
  ""path"": ""README.md"",
  ""sha"": ""aa474c8de7c3844706c223a210447c93abc62044"",
  ""size"": 157,
  ""url"": ""https://api.github.com/repos/To2004/helios-scada-gateway/contents/README.md?ref=main"",
  ""html_url"": ""https://github.com/To2004/helios-scada-gateway/blob/main/README.md"",
  ""git_url"": ""https://api.github.com/repos/To2004/helios-scada-gateway/git/blobs/aa474c8de7c3844706c223a210447c93abc62044"",
  ""download_url"": ""https://raw.githubusercontent.com/To2004/helios-scada-gateway/main/README.md?token=BEGUPZE4JUCH6PUSSHRFVRDKORXS3AA"",
  ""type"": ""file"",
  ""content"": ""# helios-scada-gateway\n\nProtocol gateway fronting the transmission SCADA estate. Code here sits on the control-room path and is a NERC CIP BES cyber system.\n"",
  ""encoding"": ""base64"",
  ""_links"": {
    ""self"": ""https://api.github.com/repos/To2004/helios-scada-gateway/contents/README.md?ref=main"",
    ""git"": ""https://api.github.com/repos/To2004/helios-scada-gateway/git/blobs/aa474c8de7c3844706c223a210447c93abc62044"",
    ""html"": ""https://github.com/To2004/helios-scada-gateway/blob/main/README.md""
  }
}",v8_scale,false
581,2026-08-06T14:00:41,github_helios,scale@github_helios,SCALE,helios-scada-gateway,list_commits,OK,"{""owner"": ""To2004"", ""repo"": ""helios-scada-gateway""}","[
  {
    ""sha"": ""4884c7ec5dab7812f2dc1dbc5cebcc25b6ea2018"",
    ""node_id"": ""C_kwDOTm9SOtoAKDQ4ODRjN2VjNWRhYjc4MTJmMmRjMWRiYzVjZWJjYzI1YjZlYTIwMTg"",
    ""commit"": {
      ""author"": {
        ""name"": ""To2004"",
        ""email"": ""151865316+To2004@users.noreply.github.com"",
        ""date"": ""2026-08-03T10:17:09Z""
      },
      ""committer"": {
        ""name"": ""To2004"",
        ""email"": ""151865316+To2004@users.noreply.github.com"",
        ""date"": ""2026-08-03T10:17:09Z""
      },
      ""message"": ""[mcp-scale-corpus] cleanup"",
      ""tree"": {
        ""sha"": ""90e1ebb47af419858a49cd8c592679579c95f642"",
        ""url"": ""https://api.github.com/repos/To2004/helios-scada-gateway/git/trees/90e1ebb47af419858a49cd8c592679579c95f642""
      },
      ""url"": ""https://api.github.com/repos/To2004/helios-scada-gateway/git/commits/4884c7ec5dab7812f2dc1dbc5cebcc25b6ea2018"",
      ""comment_count"": 0,
      ""verification"": {
        ""verified"": false,
        ""reason"": ""unsigned"",
        ""signature"": null,
        ""payload"": null,
        ""verified_at"": null
      }
    },
    ""url"": ""https://api.github.com/repos/To2004/helios-scada-gateway/commits/4884c7ec5dab7812f2dc1dbc5cebcc25b6ea2018"",
    ""html_url"": ""https://github.com/To2004/helios-scada-gateway/commit/4884c7ec5dab7812f2dc1dbc5cebcc25b6ea2018"",
    ""comments_url"": ""https://api.github.com/repos/To2004/helios-scada-gateway/commits/4884c7ec5dab7812f2dc1dbc5cebcc25b6ea2018/comments"",
    ""author"": {
      ""login"": ""To2004"",
      ""id"": 151865316,
    ",v8_scale,false
582,2026-08-06T14:00:42,github_helios,scale@github_helios,SCALE,helios-scada-gateway,list_issues,OK,"{""owner"": ""To2004"", ""repo"": ""helios-scada-gateway"", ""state"": ""all""}","[
  {
    ""url"": ""https://api.github.com/repos/To2004/helios-scada-gateway/issues/32"",
    ""repository_url"": ""https://api.github.com/repos/To2004/helios-scada-gateway"",
    ""labels_url"": ""https://api.github.com/repos/To2004/helios-scada-gateway/issues/32/labels{/name}"",
    ""comments_url"": ""https://api.github.com/repos/To2004/helios-scada-gateway/issues/32/comments"",
    ""events_url"": ""https://api.github.com/repos/To2004/helios-scada-gateway/issues/32/events"",
    ""html_url"": ""https://github.com/To2004/helios-scada-gateway/issues/32"",
    ""id"": 5080620170,
    ""node_id"": ""I_kwDOTm9SOs8AAAABLtQcig"",
    ""number"": 32,
    ""title"": ""[mcp-v8-scale] issue"",
    ""user"": {
      ""login"": ""To2004"",
      ""id"": 151865316,
      ""node_id"": ""U_kgDOCQ1H5A"",
      ""avatar_url"": ""https://avatars.githubusercontent.com/u/151865316?v=4"",
      ""gravatar_id"": """",
      ""url"": ""https://api.github.com/users/To2004"",
      ""html_url"": ""https://github.com/To2004"",
      ""followers_url"": ""https://api.github.com/users/To2004/followers"",
      ""following_url"": ""https://api.github.com/users/To2004/following{/other_user}"",
      ""gists_url"": ""https://api.github.com/users/To2004/gists{/gist_id}"",
      ""starred_url"": ""https://api.github.com/users/To2004/starred{/owner}{/repo}"",
      ""subscriptions_url"": ""https://api.github.com/users/To2004/subscriptions"",
      ""organizations_url"": ""https://api.github.com/users/To2004/orgs"",
      ""repos_url"": ""https://api.github.com/users/To2004/repos"",
      ""events_",v8_scale,false
583,2026-08-06T14:00:43,github_helios,scale@github_helios,SCALE,helios-scada-gateway,get_issue,OK,"{""owner"": ""To2004"", ""repo"": ""helios-scada-gateway"", ""issue_number"": 32}","{
  ""url"": ""https://api.github.com/repos/To2004/helios-scada-gateway/issues/32"",
  ""repository_url"": ""https://api.github.com/repos/To2004/helios-scada-gateway"",
  ""labels_url"": ""https://api.github.com/repos/To2004/helios-scada-gateway/issues/32/labels{/name}"",
  ""comments_url"": ""https://api.github.com/repos/To2004/helios-scada-gateway/issues/32/comments"",
  ""events_url"": ""https://api.github.com/repos/To2004/helios-scada-gateway/issues/32/events"",
  ""html_url"": ""https://github.com/To2004/helios-scada-gateway/issues/32"",
  ""id"": 5080620170,
  ""node_id"": ""I_kwDOTm9SOs8AAAABLtQcig"",
  ""number"": 32,
  ""title"": ""[mcp-v8-scale] issue"",
  ""user"": {
    ""login"": ""To2004"",
    ""id"": 151865316,
    ""node_id"": ""U_kgDOCQ1H5A"",
    ""avatar_url"": ""https://avatars.githubusercontent.com/u/151865316?v=4"",
    ""gravatar_id"": """",
    ""url"": ""https://api.github.com/users/To2004"",
    ""html_url"": ""https://github.com/To2004"",
    ""followers_url"": ""https://api.github.com/users/To2004/followers"",
    ""following_url"": ""https://api.github.com/users/To2004/following{/other_user}"",
    ""gists_url"": ""https://api.github.com/users/To2004/gists{/gist_id}"",
    ""starred_url"": ""https://api.github.com/users/To2004/starred{/owner}{/repo}"",
    ""subscriptions_url"": ""https://api.github.com/users/To2004/subscriptions"",
    ""organizations_url"": ""https://api.github.com/users/To2004/orgs"",
    ""repos_url"": ""https://api.github.com/users/To2004/repos"",
    ""events_url"": ""https://api.github.com/users/To2004/events{/priva",v8_scale,false
584,2026-08-06T14:00:44,github_helios,scale@github_helios,SCALE,helios-scada-gateway,get_issue,OK,"{""owner"": ""To2004"", ""repo"": ""helios-scada-gateway"", ""issue_number"": 31}","{
  ""url"": ""https://api.github.com/repos/To2004/helios-scada-gateway/issues/31"",
  ""repository_url"": ""https://api.github.com/repos/To2004/helios-scada-gateway"",
  ""labels_url"": ""https://api.github.com/repos/To2004/helios-scada-gateway/issues/31/labels{/name}"",
  ""comments_url"": ""https://api.github.com/repos/To2004/helios-scada-gateway/issues/31/comments"",
  ""events_url"": ""https://api.github.com/repos/To2004/helios-scada-gateway/issues/31/events"",
  ""html_url"": ""https://github.com/To2004/helios-scada-gateway/pull/31"",
  ""id"": 5080619411,
  ""node_id"": ""PR_kwDOTm9SOs77jmE5"",
  ""number"": 31,
  ""title"": ""[mcp-v8-scale] PR"",
  ""user"": {
    ""login"": ""To2004"",
    ""id"": 151865316,
    ""node_id"": ""U_kgDOCQ1H5A"",
    ""avatar_url"": ""https://avatars.githubusercontent.com/u/151865316?v=4"",
    ""gravatar_id"": """",
    ""url"": ""https://api.github.com/users/To2004"",
    ""html_url"": ""https://github.com/To2004"",
    ""followers_url"": ""https://api.github.com/users/To2004/followers"",
    ""following_url"": ""https://api.github.com/users/To2004/following{/other_user}"",
    ""gists_url"": ""https://api.github.com/users/To2004/gists{/gist_id}"",
    ""starred_url"": ""https://api.github.com/users/To2004/starred{/owner}{/repo}"",
    ""subscriptions_url"": ""https://api.github.com/users/To2004/subscriptions"",
    ""organizations_url"": ""https://api.github.com/users/To2004/orgs"",
    ""repos_url"": ""https://api.github.com/users/To2004/repos"",
    ""events_url"": ""https://api.github.com/users/To2004/events{/privacy}"",
    ",v8_scale,false
585,2026-08-06T14:00:45,github_helios,scale@github_helios,SCALE,helios-scada-gateway,list_pull_requests,OK,"{""owner"": ""To2004"", ""repo"": ""helios-scada-gateway"", ""state"": ""all""}","[
  {
    ""url"": ""https://api.github.com/repos/To2004/helios-scada-gateway/pulls/31"",
    ""id"": 4220412217,
    ""node_id"": ""PR_kwDOTm9SOs77jmE5"",
    ""html_url"": ""https://github.com/To2004/helios-scada-gateway/pull/31"",
    ""diff_url"": ""https://github.com/To2004/helios-scada-gateway/pull/31.diff"",
    ""patch_url"": ""https://github.com/To2004/helios-scada-gateway/pull/31.patch"",
    ""issue_url"": ""https://api.github.com/repos/To2004/helios-scada-gateway/issues/31"",
    ""number"": 31,
    ""state"": ""closed"",
    ""locked"": false,
    ""title"": ""[mcp-v8-scale] PR"",
    ""user"": {
      ""login"": ""To2004"",
      ""id"": 151865316,
      ""avatar_url"": ""https://avatars.githubusercontent.com/u/151865316?v=4"",
      ""url"": ""https://api.github.com/users/To2004"",
      ""html_url"": ""https://github.com/To2004""
    },
    ""body"": ""[mcp-v8-scale]"",
    ""created_at"": ""2026-08-06T11:21:43Z"",
    ""updated_at"": ""2026-08-06T11:21:53Z"",
    ""closed_at"": ""2026-08-06T11:21:49Z"",
    ""merged_at"": ""2026-08-06T11:21:49Z"",
    ""merge_commit_sha"": ""b89e8936b791dc3b8d8b6967569996075dcb933d"",
    ""assignee"": null,
    ""assignees"": [],
    ""requested_reviewers"": [],
    ""labels"": [],
    ""head"": {
      ""label"": ""To2004:scale/2026-08-06-helios-s"",
      ""ref"": ""scale/2026-08-06-helios-s"",
      ""sha"": ""4b967d94d9fd069f599b129ddc216a2998d96601"",
      ""user"": {
        ""login"": ""To2004"",
        ""id"": 151865316,
        ""avatar_url"": ""https://avatars.githubusercontent.com/u/151865316?v=4"",
        ""url"": ""https://ap",v8_scale,false
586,2026-08-06T14:00:46,github_helios,scale@github_helios,SCALE,helios-scada-gateway,get_pull_request,OK,"{""owner"": ""To2004"", ""repo"": ""helios-scada-gateway"", ""pull_number"": 31}","{
  ""url"": ""https://api.github.com/repos/To2004/helios-scada-gateway/pulls/31"",
  ""id"": 4220412217,
  ""node_id"": ""PR_kwDOTm9SOs77jmE5"",
  ""html_url"": ""https://github.com/To2004/helios-scada-gateway/pull/31"",
  ""diff_url"": ""https://github.com/To2004/helios-scada-gateway/pull/31.diff"",
  ""patch_url"": ""https://github.com/To2004/helios-scada-gateway/pull/31.patch"",
  ""issue_url"": ""https://api.github.com/repos/To2004/helios-scada-gateway/issues/31"",
  ""number"": 31,
  ""state"": ""closed"",
  ""locked"": false,
  ""title"": ""[mcp-v8-scale] PR"",
  ""user"": {
    ""login"": ""To2004"",
    ""id"": 151865316,
    ""avatar_url"": ""https://avatars.githubusercontent.com/u/151865316?v=4"",
    ""url"": ""https://api.github.com/users/To2004"",
    ""html_url"": ""https://github.com/To2004""
  },
  ""body"": ""[mcp-v8-scale]"",
  ""created_at"": ""2026-08-06T11:21:43Z"",
  ""updated_at"": ""2026-08-06T11:21:53Z"",
  ""closed_at"": ""2026-08-06T11:21:49Z"",
  ""merged_at"": ""2026-08-06T11:21:49Z"",
  ""merge_commit_sha"": ""b89e8936b791dc3b8d8b6967569996075dcb933d"",
  ""assignee"": null,
  ""assignees"": [],
  ""requested_reviewers"": [],
  ""labels"": [],
  ""head"": {
    ""label"": ""To2004:scale/2026-08-06-helios-s"",
    ""ref"": ""scale/2026-08-06-helios-s"",
    ""sha"": ""4b967d94d9fd069f599b129ddc216a2998d96601"",
    ""user"": {
      ""login"": ""To2004"",
      ""id"": 151865316,
      ""avatar_url"": ""https://avatars.githubusercontent.com/u/151865316?v=4"",
      ""url"": ""https://api.github.com/users/To2004"",
      ""html_url"": ""https://github.com/To2004""
    ",v8_scale,false
587,2026-08-06T14:00:47,github_helios,scale@github_helios,SCALE,helios-scada-gateway,get_pull_request_files,OK,"{""owner"": ""To2004"", ""repo"": ""helios-scada-gateway"", ""pull_number"": 31}","[
  {
    ""sha"": ""ca5f323e964e66f2308a25f5ab94f6fb836018d9"",
    ""filename"": ""scale-2026-08-06-b.md"",
    ""status"": ""added"",
    ""additions"": 1,
    ""deletions"": 0,
    ""changes"": 1,
    ""blob_url"": ""https://github.com/To2004/helios-scada-gateway/blob/4b967d94d9fd069f599b129ddc216a2998d96601/scale-2026-08-06-b.md"",
    ""raw_url"": ""https://github.com/To2004/helios-scada-gateway/raw/4b967d94d9fd069f599b129ddc216a2998d96601/scale-2026-08-06-b.md"",
    ""contents_url"": ""https://api.github.com/repos/To2004/helios-scada-gateway/contents/scale-2026-08-06-b.md?ref=4b967d94d9fd069f599b129ddc216a2998d96601"",
    ""patch"": ""@@ -0,0 +1 @@\n+[mcp-v8-scale]""
  },
  {
    ""sha"": ""ca5f323e964e66f2308a25f5ab94f6fb836018d9"",
    ""filename"": ""scale-2026-08-06.md"",
    ""status"": ""added"",
    ""additions"": 1,
    ""deletions"": 0,
    ""changes"": 1,
    ""blob_url"": ""https://github.com/To2004/helios-scada-gateway/blob/4b967d94d9fd069f599b129ddc216a2998d96601/scale-2026-08-06.md"",
    ""raw_url"": ""https://github.com/To2004/helios-scada-gateway/raw/4b967d94d9fd069f599b129ddc216a2998d96601/scale-2026-08-06.md"",
    ""contents_url"": ""https://api.github.com/repos/To2004/helios-scada-gateway/contents/scale-2026-08-06.md?ref=4b967d94d9fd069f599b129ddc216a2998d96601"",
    ""patch"": ""@@ -0,0 +1 @@\n+[mcp-v8-scale]""
  }
]",v8_scale,false
588,2026-08-06T14:00:48,github_helios,scale@github_helios,SCALE,helios-scada-gateway,get_pull_request_status,OK,"{""owner"": ""To2004"", ""repo"": ""helios-scada-gateway"", ""pull_number"": 31}","{
  ""state"": ""pending"",
  ""statuses"": [],
  ""sha"": ""4b967d94d9fd069f599b129ddc216a2998d96601"",
  ""total_count"": 0
}",v8_scale,false
589,2026-08-06T14:00:49,github_helios,scale@github_helios,SCALE,helios-scada-gateway,get_pull_request_comments,OK,"{""owner"": ""To2004"", ""repo"": ""helios-scada-gateway"", ""pull_number"": 31}",[],v8_scale,false
590,2026-08-06T14:00:50,github_helios,scale@github_helios,SCALE,helios-scada-gateway,get_pull_request_reviews,OK,"{""owner"": ""To2004"", ""repo"": ""helios-scada-gateway"", ""pull_number"": 31}","[
  {
    ""id"": 4874074979,
    ""node_id"": ""PRR_kwDOTm9SOs8AAAABIoR7Yw"",
    ""user"": {
      ""login"": ""To2004"",
      ""id"": 151865316,
      ""avatar_url"": ""https://avatars.githubusercontent.com/u/151865316?v=4"",
      ""url"": ""https://api.github.com/users/To2004"",
      ""html_url"": ""https://github.com/To2004""
    },
    ""body"": ""[mcp-v8-scale] review"",
    ""state"": ""COMMENTED"",
    ""html_url"": ""https://github.com/To2004/helios-scada-gateway/pull/31#pullrequestreview-4874074979"",
    ""pull_request_url"": ""https://api.github.com/repos/To2004/helios-scada-gateway/pulls/31"",
    ""commit_id"": ""4b967d94d9fd069f599b129ddc216a2998d96601"",
    ""submitted_at"": ""2026-08-06T11:21:46Z"",
    ""author_association"": ""OWNER""
  }
]",v8_scale,false
591,2026-08-06T14:00:51,github_helios,scale@github_helios,SCALE,helios-public-site,get_file_contents,OK,"{""owner"": ""To2004"", ""repo"": ""helios-public-site"", ""path"": ""README.md""}","{
  ""name"": ""README.md"",
  ""path"": ""README.md"",
  ""sha"": ""3fae114a8f96e771ccdfdcc6e38893fb79b20837"",
  ""size"": 94,
  ""url"": ""https://api.github.com/repos/To2004/helios-public-site/contents/README.md?ref=main"",
  ""html_url"": ""https://github.com/To2004/helios-public-site/blob/main/README.md"",
  ""git_url"": ""https://api.github.com/repos/To2004/helios-public-site/git/blobs/3fae114a8f96e771ccdfdcc6e38893fb79b20837"",
  ""download_url"": ""https://raw.githubusercontent.com/To2004/helios-public-site/main/README.md?token=BEGUPZAHIPMH7VAYVPUFGNDKORXTHAA"",
  ""type"": ""file"",
  ""content"": ""# helios-public-site\n\nPublic Helios Grid website and network status pages. Already published.\n"",
  ""encoding"": ""base64"",
  ""_links"": {
    ""self"": ""https://api.github.com/repos/To2004/helios-public-site/contents/README.md?ref=main"",
    ""git"": ""https://api.github.com/repos/To2004/helios-public-site/git/blobs/3fae114a8f96e771ccdfdcc6e38893fb79b20837"",
    ""html"": ""https://github.com/To2004/helios-public-site/blob/main/README.md""
  }
}",v8_scale,false
592,2026-08-06T14:00:52,github_helios,scale@github_helios,SCALE,helios-public-site,list_commits,OK,"{""owner"": ""To2004"", ""repo"": ""helios-public-site""}","[
  {
    ""sha"": ""c042ca0ce26e1bd7c51220c7f4c9dc48d74f3898"",
    ""node_id"": ""C_kwDOTm9TQtoAKGMwNDJjYTBjZTI2ZTFiZDdjNTEyMjBjN2Y0YzlkYzQ4ZDc0ZjM4OTg"",
    ""commit"": {
      ""author"": {
        ""name"": ""To2004"",
        ""email"": ""151865316+To2004@users.noreply.github.com"",
        ""date"": ""2026-07-29T11:57:02Z""
      },
      ""committer"": {
        ""name"": ""GitHub"",
        ""email"": ""noreply@github.com"",
        ""date"": ""2026-07-29T11:57:02Z""
      },
      ""message"": ""Probe: tool/asset homing check (#1)\n\nProbe: verify merge_pull_request works"",
      ""tree"": {
        ""sha"": ""4e14f0cd2bfc694281e661b47c57d6a7bfc900ba"",
        ""url"": ""https://api.github.com/repos/To2004/helios-public-site/git/trees/4e14f0cd2bfc694281e661b47c57d6a7bfc900ba""
      },
      ""url"": ""https://api.github.com/repos/To2004/helios-public-site/git/commits/c042ca0ce26e1bd7c51220c7f4c9dc48d74f3898"",
      ""comment_count"": 0,
      ""verification"": {
        ""verified"": true,
        ""reason"": ""valid"",
        ""signature"": ""-----BEGIN PGP SIGNATURE-----\n\nwsFcBAABCAAQBQJqaeqOCRC1aQ7uu5UhlAAAuq0QAJkHCAafKOP+OctKs57G64Hw\nIyygS5L0141IlKedaWwDSAPfokO4fZoYyoVz7Os4/7ZVB8ePL7jWk1TiDneWcFNC\nVvRLtqiGGGLaqIEIBES44S4xXzU8FnQJHrdW+piqhT/j34jl3MkrUXnlNRepn7Xq\nBJC6IB09uATBpQkbGAmk71BV3PGZd61rgkjDyYoRpEdOStQAD+C3X2Ul60f5/HnO\n5Y051CjkQ4HqQrMAl46BMRVU2ROLd3LlgTEenxLyf0ZSrOeChH1Y0JCm+lMYRLZM\nb1n2ow23Gs/NMUtiRP5ORsftX+NkvEOAaU+uHAB75xmN4x1xum1Y50B1FC3oc+tX\nGHEs+iKSQ3UphV9jfC9JybdaIvmVd/6sE9kw7h4cFZ6wmGKoFrrlZ28TWdmyBGVZ",v8_scale,false
593,2026-08-06T14:00:53,github_helios,scale@github_helios,SCALE,helios-public-site,list_issues,OK,"{""owner"": ""To2004"", ""repo"": ""helios-public-site"", ""state"": ""all""}","[
  {
    ""url"": ""https://api.github.com/repos/To2004/helios-public-site/issues/29"",
    ""repository_url"": ""https://api.github.com/repos/To2004/helios-public-site"",
    ""labels_url"": ""https://api.github.com/repos/To2004/helios-public-site/issues/29/labels{/name}"",
    ""comments_url"": ""https://api.github.com/repos/To2004/helios-public-site/issues/29/comments"",
    ""events_url"": ""https://api.github.com/repos/To2004/helios-public-site/issues/29/events"",
    ""html_url"": ""https://github.com/To2004/helios-public-site/issues/29"",
    ""id"": 5080622301,
    ""node_id"": ""I_kwDOTm9TQs8AAAABLtQk3Q"",
    ""number"": 29,
    ""title"": ""[mcp-v8-scale] issue"",
    ""user"": {
      ""login"": ""To2004"",
      ""id"": 151865316,
      ""node_id"": ""U_kgDOCQ1H5A"",
      ""avatar_url"": ""https://avatars.githubusercontent.com/u/151865316?v=4"",
      ""gravatar_id"": """",
      ""url"": ""https://api.github.com/users/To2004"",
      ""html_url"": ""https://github.com/To2004"",
      ""followers_url"": ""https://api.github.com/users/To2004/followers"",
      ""following_url"": ""https://api.github.com/users/To2004/following{/other_user}"",
      ""gists_url"": ""https://api.github.com/users/To2004/gists{/gist_id}"",
      ""starred_url"": ""https://api.github.com/users/To2004/starred{/owner}{/repo}"",
      ""subscriptions_url"": ""https://api.github.com/users/To2004/subscriptions"",
      ""organizations_url"": ""https://api.github.com/users/To2004/orgs"",
      ""repos_url"": ""https://api.github.com/users/To2004/repos"",
      ""events_url"": ""https",v8_scale,false
594,2026-08-06T14:00:54,github_helios,scale@github_helios,SCALE,helios-public-site,get_issue,OK,"{""owner"": ""To2004"", ""repo"": ""helios-public-site"", ""issue_number"": 29}","{
  ""url"": ""https://api.github.com/repos/To2004/helios-public-site/issues/29"",
  ""repository_url"": ""https://api.github.com/repos/To2004/helios-public-site"",
  ""labels_url"": ""https://api.github.com/repos/To2004/helios-public-site/issues/29/labels{/name}"",
  ""comments_url"": ""https://api.github.com/repos/To2004/helios-public-site/issues/29/comments"",
  ""events_url"": ""https://api.github.com/repos/To2004/helios-public-site/issues/29/events"",
  ""html_url"": ""https://github.com/To2004/helios-public-site/issues/29"",
  ""id"": 5080622301,
  ""node_id"": ""I_kwDOTm9TQs8AAAABLtQk3Q"",
  ""number"": 29,
  ""title"": ""[mcp-v8-scale] issue"",
  ""user"": {
    ""login"": ""To2004"",
    ""id"": 151865316,
    ""node_id"": ""U_kgDOCQ1H5A"",
    ""avatar_url"": ""https://avatars.githubusercontent.com/u/151865316?v=4"",
    ""gravatar_id"": """",
    ""url"": ""https://api.github.com/users/To2004"",
    ""html_url"": ""https://github.com/To2004"",
    ""followers_url"": ""https://api.github.com/users/To2004/followers"",
    ""following_url"": ""https://api.github.com/users/To2004/following{/other_user}"",
    ""gists_url"": ""https://api.github.com/users/To2004/gists{/gist_id}"",
    ""starred_url"": ""https://api.github.com/users/To2004/starred{/owner}{/repo}"",
    ""subscriptions_url"": ""https://api.github.com/users/To2004/subscriptions"",
    ""organizations_url"": ""https://api.github.com/users/To2004/orgs"",
    ""repos_url"": ""https://api.github.com/users/To2004/repos"",
    ""events_url"": ""https://api.github.com/users/To2004/events{/privacy}"",
    ""r",v8_scale,false
595,2026-08-06T14:00:55,github_helios,scale@github_helios,SCALE,helios-public-site,get_issue,OK,"{""owner"": ""To2004"", ""repo"": ""helios-public-site"", ""issue_number"": 28}","{
  ""url"": ""https://api.github.com/repos/To2004/helios-public-site/issues/28"",
  ""repository_url"": ""https://api.github.com/repos/To2004/helios-public-site"",
  ""labels_url"": ""https://api.github.com/repos/To2004/helios-public-site/issues/28/labels{/name}"",
  ""comments_url"": ""https://api.github.com/repos/To2004/helios-public-site/issues/28/comments"",
  ""events_url"": ""https://api.github.com/repos/To2004/helios-public-site/issues/28/events"",
  ""html_url"": ""https://github.com/To2004/helios-public-site/pull/28"",
  ""id"": 5080621582,
  ""node_id"": ""PR_kwDOTm9TQs77jmip"",
  ""number"": 28,
  ""title"": ""[mcp-v8-scale] PR"",
  ""user"": {
    ""login"": ""To2004"",
    ""id"": 151865316,
    ""node_id"": ""U_kgDOCQ1H5A"",
    ""avatar_url"": ""https://avatars.githubusercontent.com/u/151865316?v=4"",
    ""gravatar_id"": """",
    ""url"": ""https://api.github.com/users/To2004"",
    ""html_url"": ""https://github.com/To2004"",
    ""followers_url"": ""https://api.github.com/users/To2004/followers"",
    ""following_url"": ""https://api.github.com/users/To2004/following{/other_user}"",
    ""gists_url"": ""https://api.github.com/users/To2004/gists{/gist_id}"",
    ""starred_url"": ""https://api.github.com/users/To2004/starred{/owner}{/repo}"",
    ""subscriptions_url"": ""https://api.github.com/users/To2004/subscriptions"",
    ""organizations_url"": ""https://api.github.com/users/To2004/orgs"",
    ""repos_url"": ""https://api.github.com/users/To2004/repos"",
    ""events_url"": ""https://api.github.com/users/To2004/events{/privacy}"",
    ""received_ev",v8_scale,false
596,2026-08-06T14:00:56,github_helios,scale@github_helios,SCALE,helios-public-site,list_pull_requests,OK,"{""owner"": ""To2004"", ""repo"": ""helios-public-site"", ""state"": ""all""}","[
  {
    ""url"": ""https://api.github.com/repos/To2004/helios-public-site/pulls/28"",
    ""id"": 4220414121,
    ""node_id"": ""PR_kwDOTm9TQs77jmip"",
    ""html_url"": ""https://github.com/To2004/helios-public-site/pull/28"",
    ""diff_url"": ""https://github.com/To2004/helios-public-site/pull/28.diff"",
    ""patch_url"": ""https://github.com/To2004/helios-public-site/pull/28.patch"",
    ""issue_url"": ""https://api.github.com/repos/To2004/helios-public-site/issues/28"",
    ""number"": 28,
    ""state"": ""closed"",
    ""locked"": false,
    ""title"": ""[mcp-v8-scale] PR"",
    ""user"": {
      ""login"": ""To2004"",
      ""id"": 151865316,
      ""avatar_url"": ""https://avatars.githubusercontent.com/u/151865316?v=4"",
      ""url"": ""https://api.github.com/users/To2004"",
      ""html_url"": ""https://github.com/To2004""
    },
    ""body"": ""[mcp-v8-scale]"",
    ""created_at"": ""2026-08-06T11:22:01Z"",
    ""updated_at"": ""2026-08-06T11:22:11Z"",
    ""closed_at"": ""2026-08-06T11:22:06Z"",
    ""merged_at"": ""2026-08-06T11:22:06Z"",
    ""merge_commit_sha"": ""0cd6cdfa89494329a071b4349d61162e6caeb594"",
    ""assignee"": null,
    ""assignees"": [],
    ""requested_reviewers"": [],
    ""labels"": [],
    ""head"": {
      ""label"": ""To2004:scale/2026-08-06-helios-p"",
      ""ref"": ""scale/2026-08-06-helios-p"",
      ""sha"": ""0fc14ba5813ad2e9328d5eea13c28a9005648ffa"",
      ""user"": {
        ""login"": ""To2004"",
        ""id"": 151865316,
        ""avatar_url"": ""https://avatars.githubusercontent.com/u/151865316?v=4"",
        ""url"": ""https://api.github.c",v8_scale,false
597,2026-08-06T14:00:57,github_helios,scale@github_helios,SCALE,helios-public-site,get_pull_request,OK,"{""owner"": ""To2004"", ""repo"": ""helios-public-site"", ""pull_number"": 28}","{
  ""url"": ""https://api.github.com/repos/To2004/helios-public-site/pulls/28"",
  ""id"": 4220414121,
  ""node_id"": ""PR_kwDOTm9TQs77jmip"",
  ""html_url"": ""https://github.com/To2004/helios-public-site/pull/28"",
  ""diff_url"": ""https://github.com/To2004/helios-public-site/pull/28.diff"",
  ""patch_url"": ""https://github.com/To2004/helios-public-site/pull/28.patch"",
  ""issue_url"": ""https://api.github.com/repos/To2004/helios-public-site/issues/28"",
  ""number"": 28,
  ""state"": ""closed"",
  ""locked"": false,
  ""title"": ""[mcp-v8-scale] PR"",
  ""user"": {
    ""login"": ""To2004"",
    ""id"": 151865316,
    ""avatar_url"": ""https://avatars.githubusercontent.com/u/151865316?v=4"",
    ""url"": ""https://api.github.com/users/To2004"",
    ""html_url"": ""https://github.com/To2004""
  },
  ""body"": ""[mcp-v8-scale]"",
  ""created_at"": ""2026-08-06T11:22:01Z"",
  ""updated_at"": ""2026-08-06T11:22:11Z"",
  ""closed_at"": ""2026-08-06T11:22:06Z"",
  ""merged_at"": ""2026-08-06T11:22:06Z"",
  ""merge_commit_sha"": ""0cd6cdfa89494329a071b4349d61162e6caeb594"",
  ""assignee"": null,
  ""assignees"": [],
  ""requested_reviewers"": [],
  ""labels"": [],
  ""head"": {
    ""label"": ""To2004:scale/2026-08-06-helios-p"",
    ""ref"": ""scale/2026-08-06-helios-p"",
    ""sha"": ""0fc14ba5813ad2e9328d5eea13c28a9005648ffa"",
    ""user"": {
      ""login"": ""To2004"",
      ""id"": 151865316,
      ""avatar_url"": ""https://avatars.githubusercontent.com/u/151865316?v=4"",
      ""url"": ""https://api.github.com/users/To2004"",
      ""html_url"": ""https://github.com/To2004""
    },
    ""re",v8_scale,false
598,2026-08-06T14:00:58,github_helios,scale@github_helios,SCALE,helios-public-site,get_pull_request_files,OK,"{""owner"": ""To2004"", ""repo"": ""helios-public-site"", ""pull_number"": 28}","[
  {
    ""sha"": ""ca5f323e964e66f2308a25f5ab94f6fb836018d9"",
    ""filename"": ""scale-2026-08-06-b.md"",
    ""status"": ""added"",
    ""additions"": 1,
    ""deletions"": 0,
    ""changes"": 1,
    ""blob_url"": ""https://github.com/To2004/helios-public-site/blob/0fc14ba5813ad2e9328d5eea13c28a9005648ffa/scale-2026-08-06-b.md"",
    ""raw_url"": ""https://github.com/To2004/helios-public-site/raw/0fc14ba5813ad2e9328d5eea13c28a9005648ffa/scale-2026-08-06-b.md"",
    ""contents_url"": ""https://api.github.com/repos/To2004/helios-public-site/contents/scale-2026-08-06-b.md?ref=0fc14ba5813ad2e9328d5eea13c28a9005648ffa"",
    ""patch"": ""@@ -0,0 +1 @@\n+[mcp-v8-scale]""
  },
  {
    ""sha"": ""ca5f323e964e66f2308a25f5ab94f6fb836018d9"",
    ""filename"": ""scale-2026-08-06.md"",
    ""status"": ""added"",
    ""additions"": 1,
    ""deletions"": 0,
    ""changes"": 1,
    ""blob_url"": ""https://github.com/To2004/helios-public-site/blob/0fc14ba5813ad2e9328d5eea13c28a9005648ffa/scale-2026-08-06.md"",
    ""raw_url"": ""https://github.com/To2004/helios-public-site/raw/0fc14ba5813ad2e9328d5eea13c28a9005648ffa/scale-2026-08-06.md"",
    ""contents_url"": ""https://api.github.com/repos/To2004/helios-public-site/contents/scale-2026-08-06.md?ref=0fc14ba5813ad2e9328d5eea13c28a9005648ffa"",
    ""patch"": ""@@ -0,0 +1 @@\n+[mcp-v8-scale]""
  }
]",v8_scale,false
599,2026-08-06T14:00:59,github_helios,scale@github_helios,SCALE,helios-public-site,get_pull_request_status,OK,"{""owner"": ""To2004"", ""repo"": ""helios-public-site"", ""pull_number"": 28}","{
  ""state"": ""pending"",
  ""statuses"": [],
  ""sha"": ""0fc14ba5813ad2e9328d5eea13c28a9005648ffa"",
  ""total_count"": 0
}",v8_scale,false
600,2026-08-06T14:00:00,github_helios,scale@github_helios,SCALE,helios-public-site,get_pull_request_comments,OK,"{""owner"": ""To2004"", ""repo"": ""helios-public-site"", ""pull_number"": 28}",[],v8_scale,false
601,2026-08-06T14:00:01,github_helios,scale@github_helios,SCALE,helios-public-site,get_pull_request_reviews,OK,"{""owner"": ""To2004"", ""repo"": ""helios-public-site"", ""pull_number"": 28}","[
  {
    ""id"": 4874076940,
    ""node_id"": ""PRR_kwDOTm9TQs8AAAABIoSDDA"",
    ""user"": {
      ""login"": ""To2004"",
      ""id"": 151865316,
      ""avatar_url"": ""https://avatars.githubusercontent.com/u/151865316?v=4"",
      ""url"": ""https://api.github.com/users/To2004"",
      ""html_url"": ""https://github.com/To2004""
    },
    ""body"": ""[mcp-v8-scale] review"",
    ""state"": ""COMMENTED"",
    ""html_url"": ""https://github.com/To2004/helios-public-site/pull/28#pullrequestreview-4874076940"",
    ""pull_request_url"": ""https://api.github.com/repos/To2004/helios-public-site/pulls/28"",
    ""commit_id"": ""0fc14ba5813ad2e9328d5eea13c28a9005648ffa"",
    ""submitted_at"": ""2026-08-06T11:22:04Z"",
    ""author_association"": ""OWNER""
  }
]",v8_scale,false
602,2026-08-06T14:00:02,github_helios,scale@github_helios,SCALE,helios-grid-infra-config,get_file_contents,OK,"{""owner"": ""To2004"", ""repo"": ""helios-grid-infra-config"", ""path"": ""README.md""}","{
  ""name"": ""README.md"",
  ""path"": ""README.md"",
  ""sha"": ""a33835db9971d364684fac8988dc5a4a35541e53"",
  ""size"": 149,
  ""url"": ""https://api.github.com/repos/To2004/helios-grid-infra-config/contents/README.md?ref=main"",
  ""html_url"": ""https://github.com/To2004/helios-grid-infra-config/blob/main/README.md"",
  ""git_url"": ""https://api.github.com/repos/To2004/helios-grid-infra-config/git/blobs/a33835db9971d364684fac8988dc5a4a35541e53"",
  ""download_url"": ""https://raw.githubusercontent.com/To2004/helios-grid-infra-config/main/README.md?token=BEGUPZCBUPN265SNLOYMUFLKORXTTAA"",
  ""type"": ""file"",
  ""content"": ""# helios-grid-infra-config\n\nInfrastructure as code for the grid platform. A merge reconfigures systems inside the CIP electronic security perimeter.\n"",
  ""encoding"": ""base64"",
  ""_links"": {
    ""self"": ""https://api.github.com/repos/To2004/helios-grid-infra-config/contents/README.md?ref=main"",
    ""git"": ""https://api.github.com/repos/To2004/helios-grid-infra-config/git/blobs/a33835db9971d364684fac8988dc5a4a35541e53"",
    ""html"": ""https://github.com/To2004/helios-grid-infra-config/blob/main/README.md""
  }
}",v8_scale,false
603,2026-08-06T14:00:03,github_helios,scale@github_helios,SCALE,helios-grid-infra-config,list_commits,OK,"{""owner"": ""To2004"", ""repo"": ""helios-grid-infra-config""}","[
  {
    ""sha"": ""cdb06fc7397f0faed390ec0ba2b3c81b23c19f72"",
    ""node_id"": ""C_kwDOTm9SgNoAKGNkYjA2ZmM3Mzk3ZjBmYWVkMzkwZWMwYmEyYjNjODFiMjNjMTlmNzI"",
    ""commit"": {
      ""author"": {
        ""name"": ""To2004"",
        ""email"": ""151865316+To2004@users.noreply.github.com"",
        ""date"": ""2026-08-03T10:18:32Z""
      },
      ""committer"": {
        ""name"": ""To2004"",
        ""email"": ""151865316+To2004@users.noreply.github.com"",
        ""date"": ""2026-08-03T10:18:32Z""
      },
      ""message"": ""[mcp-scale-corpus] cleanup"",
      ""tree"": {
        ""sha"": ""d4ab354ea3d9acf7cf44d8f4e24732460ce7c4b6"",
        ""url"": ""https://api.github.com/repos/To2004/helios-grid-infra-config/git/trees/d4ab354ea3d9acf7cf44d8f4e24732460ce7c4b6""
      },
      ""url"": ""https://api.github.com/repos/To2004/helios-grid-infra-config/git/commits/cdb06fc7397f0faed390ec0ba2b3c81b23c19f72"",
      ""comment_count"": 0,
      ""verification"": {
        ""verified"": false,
        ""reason"": ""unsigned"",
        ""signature"": null,
        ""payload"": null,
        ""verified_at"": null
      }
    },
    ""url"": ""https://api.github.com/repos/To2004/helios-grid-infra-config/commits/cdb06fc7397f0faed390ec0ba2b3c81b23c19f72"",
    ""html_url"": ""https://github.com/To2004/helios-grid-infra-config/commit/cdb06fc7397f0faed390ec0ba2b3c81b23c19f72"",
    ""comments_url"": ""https://api.github.com/repos/To2004/helios-grid-infra-config/commits/cdb06fc7397f0faed390ec0ba2b3c81b23c19f72/comments"",
    ""author"": {
      ""login"": ""To2004"",
      """,v8_scale,false
604,2026-08-06T14:00:04,github_helios,scale@github_helios,SCALE,helios-grid-infra-config,list_issues,OK,"{""owner"": ""To2004"", ""repo"": ""helios-grid-infra-config"", ""state"": ""all""}","[
  {
    ""url"": ""https://api.github.com/repos/To2004/helios-grid-infra-config/issues/35"",
    ""repository_url"": ""https://api.github.com/repos/To2004/helios-grid-infra-config"",
    ""labels_url"": ""https://api.github.com/repos/To2004/helios-grid-infra-config/issues/35/labels{/name}"",
    ""comments_url"": ""https://api.github.com/repos/To2004/helios-grid-infra-config/issues/35/comments"",
    ""events_url"": ""https://api.github.com/repos/To2004/helios-grid-infra-config/issues/35/events"",
    ""html_url"": ""https://github.com/To2004/helios-grid-infra-config/issues/35"",
    ""id"": 5080624438,
    ""node_id"": ""I_kwDOTm9SgM8AAAABLtQtNg"",
    ""number"": 35,
    ""title"": ""[mcp-v8-scale] issue"",
    ""user"": {
      ""login"": ""To2004"",
      ""id"": 151865316,
      ""node_id"": ""U_kgDOCQ1H5A"",
      ""avatar_url"": ""https://avatars.githubusercontent.com/u/151865316?v=4"",
      ""gravatar_id"": """",
      ""url"": ""https://api.github.com/users/To2004"",
      ""html_url"": ""https://github.com/To2004"",
      ""followers_url"": ""https://api.github.com/users/To2004/followers"",
      ""following_url"": ""https://api.github.com/users/To2004/following{/other_user}"",
      ""gists_url"": ""https://api.github.com/users/To2004/gists{/gist_id}"",
      ""starred_url"": ""https://api.github.com/users/To2004/starred{/owner}{/repo}"",
      ""subscriptions_url"": ""https://api.github.com/users/To2004/subscriptions"",
      ""organizations_url"": ""https://api.github.com/users/To2004/orgs"",
      ""repos_url"": ""https://api.github.com/users/To200",v8_scale,false
605,2026-08-06T14:00:05,github_helios,scale@github_helios,SCALE,helios-grid-infra-config,get_issue,OK,"{""owner"": ""To2004"", ""repo"": ""helios-grid-infra-config"", ""issue_number"": 35}","{
  ""url"": ""https://api.github.com/repos/To2004/helios-grid-infra-config/issues/35"",
  ""repository_url"": ""https://api.github.com/repos/To2004/helios-grid-infra-config"",
  ""labels_url"": ""https://api.github.com/repos/To2004/helios-grid-infra-config/issues/35/labels{/name}"",
  ""comments_url"": ""https://api.github.com/repos/To2004/helios-grid-infra-config/issues/35/comments"",
  ""events_url"": ""https://api.github.com/repos/To2004/helios-grid-infra-config/issues/35/events"",
  ""html_url"": ""https://github.com/To2004/helios-grid-infra-config/issues/35"",
  ""id"": 5080624438,
  ""node_id"": ""I_kwDOTm9SgM8AAAABLtQtNg"",
  ""number"": 35,
  ""title"": ""[mcp-v8-scale] issue"",
  ""user"": {
    ""login"": ""To2004"",
    ""id"": 151865316,
    ""node_id"": ""U_kgDOCQ1H5A"",
    ""avatar_url"": ""https://avatars.githubusercontent.com/u/151865316?v=4"",
    ""gravatar_id"": """",
    ""url"": ""https://api.github.com/users/To2004"",
    ""html_url"": ""https://github.com/To2004"",
    ""followers_url"": ""https://api.github.com/users/To2004/followers"",
    ""following_url"": ""https://api.github.com/users/To2004/following{/other_user}"",
    ""gists_url"": ""https://api.github.com/users/To2004/gists{/gist_id}"",
    ""starred_url"": ""https://api.github.com/users/To2004/starred{/owner}{/repo}"",
    ""subscriptions_url"": ""https://api.github.com/users/To2004/subscriptions"",
    ""organizations_url"": ""https://api.github.com/users/To2004/orgs"",
    ""repos_url"": ""https://api.github.com/users/To2004/repos"",
    ""events_url"": ""https://api.github.com/us",v8_scale,false
606,2026-08-06T14:00:06,github_helios,scale@github_helios,SCALE,helios-grid-infra-config,get_issue,OK,"{""owner"": ""To2004"", ""repo"": ""helios-grid-infra-config"", ""issue_number"": 34}","{
  ""url"": ""https://api.github.com/repos/To2004/helios-grid-infra-config/issues/34"",
  ""repository_url"": ""https://api.github.com/repos/To2004/helios-grid-infra-config"",
  ""labels_url"": ""https://api.github.com/repos/To2004/helios-grid-infra-config/issues/34/labels{/name}"",
  ""comments_url"": ""https://api.github.com/repos/To2004/helios-grid-infra-config/issues/34/comments"",
  ""events_url"": ""https://api.github.com/repos/To2004/helios-grid-infra-config/issues/34/events"",
  ""html_url"": ""https://github.com/To2004/helios-grid-infra-config/pull/34"",
  ""id"": 5080623680,
  ""node_id"": ""PR_kwDOTm9SgM77jm_U"",
  ""number"": 34,
  ""title"": ""[mcp-v8-scale] PR"",
  ""user"": {
    ""login"": ""To2004"",
    ""id"": 151865316,
    ""node_id"": ""U_kgDOCQ1H5A"",
    ""avatar_url"": ""https://avatars.githubusercontent.com/u/151865316?v=4"",
    ""gravatar_id"": """",
    ""url"": ""https://api.github.com/users/To2004"",
    ""html_url"": ""https://github.com/To2004"",
    ""followers_url"": ""https://api.github.com/users/To2004/followers"",
    ""following_url"": ""https://api.github.com/users/To2004/following{/other_user}"",
    ""gists_url"": ""https://api.github.com/users/To2004/gists{/gist_id}"",
    ""starred_url"": ""https://api.github.com/users/To2004/starred{/owner}{/repo}"",
    ""subscriptions_url"": ""https://api.github.com/users/To2004/subscriptions"",
    ""organizations_url"": ""https://api.github.com/users/To2004/orgs"",
    ""repos_url"": ""https://api.github.com/users/To2004/repos"",
    ""events_url"": ""https://api.github.com/users/To2004",v8_scale,false
607,2026-08-06T14:00:07,github_helios,scale@github_helios,SCALE,helios-grid-infra-config,list_pull_requests,OK,"{""owner"": ""To2004"", ""repo"": ""helios-grid-infra-config"", ""state"": ""all""}","[
  {
    ""url"": ""https://api.github.com/repos/To2004/helios-grid-infra-config/pulls/34"",
    ""id"": 4220415956,
    ""node_id"": ""PR_kwDOTm9SgM77jm_U"",
    ""html_url"": ""https://github.com/To2004/helios-grid-infra-config/pull/34"",
    ""diff_url"": ""https://github.com/To2004/helios-grid-infra-config/pull/34.diff"",
    ""patch_url"": ""https://github.com/To2004/helios-grid-infra-config/pull/34.patch"",
    ""issue_url"": ""https://api.github.com/repos/To2004/helios-grid-infra-config/issues/34"",
    ""number"": 34,
    ""state"": ""closed"",
    ""locked"": false,
    ""title"": ""[mcp-v8-scale] PR"",
    ""user"": {
      ""login"": ""To2004"",
      ""id"": 151865316,
      ""avatar_url"": ""https://avatars.githubusercontent.com/u/151865316?v=4"",
      ""url"": ""https://api.github.com/users/To2004"",
      ""html_url"": ""https://github.com/To2004""
    },
    ""body"": ""[mcp-v8-scale]"",
    ""created_at"": ""2026-08-06T11:22:19Z"",
    ""updated_at"": ""2026-08-06T11:22:29Z"",
    ""closed_at"": ""2026-08-06T11:22:24Z"",
    ""merged_at"": ""2026-08-06T11:22:24Z"",
    ""merge_commit_sha"": ""ea48d68a58a08157b4b39ddde081b6eda4a32deb"",
    ""assignee"": null,
    ""assignees"": [],
    ""requested_reviewers"": [],
    ""labels"": [],
    ""head"": {
      ""label"": ""To2004:scale/2026-08-06-helios-g"",
      ""ref"": ""scale/2026-08-06-helios-g"",
      ""sha"": ""266aa3c953ff7d097872c306d96a30b9f0950033"",
      ""user"": {
        ""login"": ""To2004"",
        ""id"": 151865316,
        ""avatar_url"": ""https://avatars.githubusercontent.com/u/151865316?v=4"",
      ",v8_scale,false
608,2026-08-06T14:00:08,github_helios,scale@github_helios,SCALE,helios-grid-infra-config,get_pull_request,OK,"{""owner"": ""To2004"", ""repo"": ""helios-grid-infra-config"", ""pull_number"": 34}","{
  ""url"": ""https://api.github.com/repos/To2004/helios-grid-infra-config/pulls/34"",
  ""id"": 4220415956,
  ""node_id"": ""PR_kwDOTm9SgM77jm_U"",
  ""html_url"": ""https://github.com/To2004/helios-grid-infra-config/pull/34"",
  ""diff_url"": ""https://github.com/To2004/helios-grid-infra-config/pull/34.diff"",
  ""patch_url"": ""https://github.com/To2004/helios-grid-infra-config/pull/34.patch"",
  ""issue_url"": ""https://api.github.com/repos/To2004/helios-grid-infra-config/issues/34"",
  ""number"": 34,
  ""state"": ""closed"",
  ""locked"": false,
  ""title"": ""[mcp-v8-scale] PR"",
  ""user"": {
    ""login"": ""To2004"",
    ""id"": 151865316,
    ""avatar_url"": ""https://avatars.githubusercontent.com/u/151865316?v=4"",
    ""url"": ""https://api.github.com/users/To2004"",
    ""html_url"": ""https://github.com/To2004""
  },
  ""body"": ""[mcp-v8-scale]"",
  ""created_at"": ""2026-08-06T11:22:19Z"",
  ""updated_at"": ""2026-08-06T11:22:29Z"",
  ""closed_at"": ""2026-08-06T11:22:24Z"",
  ""merged_at"": ""2026-08-06T11:22:24Z"",
  ""merge_commit_sha"": ""ea48d68a58a08157b4b39ddde081b6eda4a32deb"",
  ""assignee"": null,
  ""assignees"": [],
  ""requested_reviewers"": [],
  ""labels"": [],
  ""head"": {
    ""label"": ""To2004:scale/2026-08-06-helios-g"",
    ""ref"": ""scale/2026-08-06-helios-g"",
    ""sha"": ""266aa3c953ff7d097872c306d96a30b9f0950033"",
    ""user"": {
      ""login"": ""To2004"",
      ""id"": 151865316,
      ""avatar_url"": ""https://avatars.githubusercontent.com/u/151865316?v=4"",
      ""url"": ""https://api.github.com/users/To2004"",
      ""html_url"": ""https://git",v8_scale,false
609,2026-08-06T14:00:09,github_helios,scale@github_helios,SCALE,helios-grid-infra-config,get_pull_request_files,OK,"{""owner"": ""To2004"", ""repo"": ""helios-grid-infra-config"", ""pull_number"": 34}","[
  {
    ""sha"": ""ca5f323e964e66f2308a25f5ab94f6fb836018d9"",
    ""filename"": ""scale-2026-08-06-b.md"",
    ""status"": ""added"",
    ""additions"": 1,
    ""deletions"": 0,
    ""changes"": 1,
    ""blob_url"": ""https://github.com/To2004/helios-grid-infra-config/blob/266aa3c953ff7d097872c306d96a30b9f0950033/scale-2026-08-06-b.md"",
    ""raw_url"": ""https://github.com/To2004/helios-grid-infra-config/raw/266aa3c953ff7d097872c306d96a30b9f0950033/scale-2026-08-06-b.md"",
    ""contents_url"": ""https://api.github.com/repos/To2004/helios-grid-infra-config/contents/scale-2026-08-06-b.md?ref=266aa3c953ff7d097872c306d96a30b9f0950033"",
    ""patch"": ""@@ -0,0 +1 @@\n+[mcp-v8-scale]""
  },
  {
    ""sha"": ""ca5f323e964e66f2308a25f5ab94f6fb836018d9"",
    ""filename"": ""scale-2026-08-06.md"",
    ""status"": ""added"",
    ""additions"": 1,
    ""deletions"": 0,
    ""changes"": 1,
    ""blob_url"": ""https://github.com/To2004/helios-grid-infra-config/blob/266aa3c953ff7d097872c306d96a30b9f0950033/scale-2026-08-06.md"",
    ""raw_url"": ""https://github.com/To2004/helios-grid-infra-config/raw/266aa3c953ff7d097872c306d96a30b9f0950033/scale-2026-08-06.md"",
    ""contents_url"": ""https://api.github.com/repos/To2004/helios-grid-infra-config/contents/scale-2026-08-06.md?ref=266aa3c953ff7d097872c306d96a30b9f0950033"",
    ""patch"": ""@@ -0,0 +1 @@\n+[mcp-v8-scale]""
  }
]",v8_scale,false
610,2026-08-06T14:00:10,github_helios,scale@github_helios,SCALE,helios-grid-infra-config,get_pull_request_status,OK,"{""owner"": ""To2004"", ""repo"": ""helios-grid-infra-config"", ""pull_number"": 34}","{
  ""state"": ""pending"",
  ""statuses"": [],
  ""sha"": ""266aa3c953ff7d097872c306d96a30b9f0950033"",
  ""total_count"": 0
}",v8_scale,false
611,2026-08-06T14:00:11,github_helios,scale@github_helios,SCALE,helios-grid-infra-config,get_pull_request_comments,OK,"{""owner"": ""To2004"", ""repo"": ""helios-grid-infra-config"", ""pull_number"": 34}",[],v8_scale,false
612,2026-08-06T14:00:12,github_helios,scale@github_helios,SCALE,helios-grid-infra-config,get_pull_request_reviews,OK,"{""owner"": ""To2004"", ""repo"": ""helios-grid-infra-config"", ""pull_number"": 34}","[
  {
    ""id"": 4874078782,
    ""node_id"": ""PRR_kwDOTm9SgM8AAAABIoSKPg"",
    ""user"": {
      ""login"": ""To2004"",
      ""id"": 151865316,
      ""avatar_url"": ""https://avatars.githubusercontent.com/u/151865316?v=4"",
      ""url"": ""https://api.github.com/users/To2004"",
      ""html_url"": ""https://github.com/To2004""
    },
    ""body"": ""[mcp-v8-scale] review"",
    ""state"": ""COMMENTED"",
    ""html_url"": ""https://github.com/To2004/helios-grid-infra-config/pull/34#pullrequestreview-4874078782"",
    ""pull_request_url"": ""https://api.github.com/repos/To2004/helios-grid-infra-config/pulls/34"",
    ""commit_id"": ""266aa3c953ff7d097872c306d96a30b9f0950033"",
    ""submitted_at"": ""2026-08-06T11:22:21Z"",
    ""author_association"": ""OWNER""
  }
]",v8_scale,false
613,2026-08-06T14:00:13,github_helios,scale@github_helios,SCALE,helios-ot-runbooks,get_file_contents,OK,"{""owner"": ""To2004"", ""repo"": ""helios-ot-runbooks"", ""path"": ""README.md""}","{
  ""name"": ""README.md"",
  ""path"": ""README.md"",
  ""sha"": ""3246cf176dea88e843e519222b375ad4eedbfec9"",
  ""size"": 127,
  ""url"": ""https://api.github.com/repos/To2004/helios-ot-runbooks/contents/README.md?ref=main"",
  ""html_url"": ""https://github.com/To2004/helios-ot-runbooks/blob/main/README.md"",
  ""git_url"": ""https://api.github.com/repos/To2004/helios-ot-runbooks/git/blobs/3246cf176dea88e843e519222b375ad4eedbfec9"",
  ""download_url"": ""https://raw.githubusercontent.com/To2004/helios-ot-runbooks/main/README.md?token=BEGUPZA7VFRJTIT3MW6LT6DKORXUBAA"",
  ""type"": ""file"",
  ""content"": ""# helios-ot-runbooks\n\nOperational runbooks for the OT estate: switching procedures, patch windows and CIP evidence collection.\n"",
  ""encoding"": ""base64"",
  ""_links"": {
    ""self"": ""https://api.github.com/repos/To2004/helios-ot-runbooks/contents/README.md?ref=main"",
    ""git"": ""https://api.github.com/repos/To2004/helios-ot-runbooks/git/blobs/3246cf176dea88e843e519222b375ad4eedbfec9"",
    ""html"": ""https://github.com/To2004/helios-ot-runbooks/blob/main/README.md""
  }
}",v8_scale,false
614,2026-08-06T14:00:14,github_helios,scale@github_helios,SCALE,helios-ot-runbooks,list_commits,OK,"{""owner"": ""To2004"", ""repo"": ""helios-ot-runbooks""}","[
  {
    ""sha"": ""f910bef8e06b9ae9150312901f38a541a8add88e"",
    ""node_id"": ""C_kwDOTm9S9doAKGY5MTBiZWY4ZTA2YjlhZTkxNTAzMTI5MDFmMzhhNTQxYThhZGQ4OGU"",
    ""commit"": {
      ""author"": {
        ""name"": ""To2004"",
        ""email"": ""151865316+To2004@users.noreply.github.com"",
        ""date"": ""2026-07-29T09:02:50Z""
      },
      ""committer"": {
        ""name"": ""To2004"",
        ""email"": ""151865316+To2004@users.noreply.github.com"",
        ""date"": ""2026-07-29T09:02:50Z""
      },
      ""message"": ""Add runbooks/cip-007-patching.md"",
      ""tree"": {
        ""sha"": ""9abb30376d0cb68b1c35f46b97b208a91a601c22"",
        ""url"": ""https://api.github.com/repos/To2004/helios-ot-runbooks/git/trees/9abb30376d0cb68b1c35f46b97b208a91a601c22""
      },
      ""url"": ""https://api.github.com/repos/To2004/helios-ot-runbooks/git/commits/f910bef8e06b9ae9150312901f38a541a8add88e"",
      ""comment_count"": 0,
      ""verification"": {
        ""verified"": false,
        ""reason"": ""unsigned"",
        ""signature"": null,
        ""payload"": null,
        ""verified_at"": null
      }
    },
    ""url"": ""https://api.github.com/repos/To2004/helios-ot-runbooks/commits/f910bef8e06b9ae9150312901f38a541a8add88e"",
    ""html_url"": ""https://github.com/To2004/helios-ot-runbooks/commit/f910bef8e06b9ae9150312901f38a541a8add88e"",
    ""comments_url"": ""https://api.github.com/repos/To2004/helios-ot-runbooks/commits/f910bef8e06b9ae9150312901f38a541a8add88e/comments"",
    ""author"": {
      ""login"": ""To2004"",
      ""id"": 151865316,
      ""n",v8_scale,false
615,2026-08-06T14:00:15,github_helios,scale@github_helios,SCALE,helios-ot-runbooks,list_issues,OK,"{""owner"": ""To2004"", ""repo"": ""helios-ot-runbooks"", ""state"": ""all""}","[
  {
    ""url"": ""https://api.github.com/repos/To2004/helios-ot-runbooks/issues/10"",
    ""repository_url"": ""https://api.github.com/repos/To2004/helios-ot-runbooks"",
    ""labels_url"": ""https://api.github.com/repos/To2004/helios-ot-runbooks/issues/10/labels{/name}"",
    ""comments_url"": ""https://api.github.com/repos/To2004/helios-ot-runbooks/issues/10/comments"",
    ""events_url"": ""https://api.github.com/repos/To2004/helios-ot-runbooks/issues/10/events"",
    ""html_url"": ""https://github.com/To2004/helios-ot-runbooks/issues/10"",
    ""id"": 5080626479,
    ""node_id"": ""I_kwDOTm9S9c8AAAABLtQ1Lw"",
    ""number"": 10,
    ""title"": ""[mcp-v8-scale] issue"",
    ""user"": {
      ""login"": ""To2004"",
      ""id"": 151865316,
      ""node_id"": ""U_kgDOCQ1H5A"",
      ""avatar_url"": ""https://avatars.githubusercontent.com/u/151865316?v=4"",
      ""gravatar_id"": """",
      ""url"": ""https://api.github.com/users/To2004"",
      ""html_url"": ""https://github.com/To2004"",
      ""followers_url"": ""https://api.github.com/users/To2004/followers"",
      ""following_url"": ""https://api.github.com/users/To2004/following{/other_user}"",
      ""gists_url"": ""https://api.github.com/users/To2004/gists{/gist_id}"",
      ""starred_url"": ""https://api.github.com/users/To2004/starred{/owner}{/repo}"",
      ""subscriptions_url"": ""https://api.github.com/users/To2004/subscriptions"",
      ""organizations_url"": ""https://api.github.com/users/To2004/orgs"",
      ""repos_url"": ""https://api.github.com/users/To2004/repos"",
      ""events_url"": ""https",v8_scale,false
616,2026-08-06T14:00:16,github_helios,scale@github_helios,SCALE,helios-ot-runbooks,get_issue,OK,"{""owner"": ""To2004"", ""repo"": ""helios-ot-runbooks"", ""issue_number"": 10}","{
  ""url"": ""https://api.github.com/repos/To2004/helios-ot-runbooks/issues/10"",
  ""repository_url"": ""https://api.github.com/repos/To2004/helios-ot-runbooks"",
  ""labels_url"": ""https://api.github.com/repos/To2004/helios-ot-runbooks/issues/10/labels{/name}"",
  ""comments_url"": ""https://api.github.com/repos/To2004/helios-ot-runbooks/issues/10/comments"",
  ""events_url"": ""https://api.github.com/repos/To2004/helios-ot-runbooks/issues/10/events"",
  ""html_url"": ""https://github.com/To2004/helios-ot-runbooks/issues/10"",
  ""id"": 5080626479,
  ""node_id"": ""I_kwDOTm9S9c8AAAABLtQ1Lw"",
  ""number"": 10,
  ""title"": ""[mcp-v8-scale] issue"",
  ""user"": {
    ""login"": ""To2004"",
    ""id"": 151865316,
    ""node_id"": ""U_kgDOCQ1H5A"",
    ""avatar_url"": ""https://avatars.githubusercontent.com/u/151865316?v=4"",
    ""gravatar_id"": """",
    ""url"": ""https://api.github.com/users/To2004"",
    ""html_url"": ""https://github.com/To2004"",
    ""followers_url"": ""https://api.github.com/users/To2004/followers"",
    ""following_url"": ""https://api.github.com/users/To2004/following{/other_user}"",
    ""gists_url"": ""https://api.github.com/users/To2004/gists{/gist_id}"",
    ""starred_url"": ""https://api.github.com/users/To2004/starred{/owner}{/repo}"",
    ""subscriptions_url"": ""https://api.github.com/users/To2004/subscriptions"",
    ""organizations_url"": ""https://api.github.com/users/To2004/orgs"",
    ""repos_url"": ""https://api.github.com/users/To2004/repos"",
    ""events_url"": ""https://api.github.com/users/To2004/events{/privacy}"",
    ""r",v8_scale,false
617,2026-08-06T14:00:17,github_helios,scale@github_helios,SCALE,helios-ot-runbooks,get_issue,OK,"{""owner"": ""To2004"", ""repo"": ""helios-ot-runbooks"", ""issue_number"": 9}","{
  ""url"": ""https://api.github.com/repos/To2004/helios-ot-runbooks/issues/9"",
  ""repository_url"": ""https://api.github.com/repos/To2004/helios-ot-runbooks"",
  ""labels_url"": ""https://api.github.com/repos/To2004/helios-ot-runbooks/issues/9/labels{/name}"",
  ""comments_url"": ""https://api.github.com/repos/To2004/helios-ot-runbooks/issues/9/comments"",
  ""events_url"": ""https://api.github.com/repos/To2004/helios-ot-runbooks/issues/9/events"",
  ""html_url"": ""https://github.com/To2004/helios-ot-runbooks/pull/9"",
  ""id"": 5080625768,
  ""node_id"": ""PR_kwDOTm9S9c77jnbL"",
  ""number"": 9,
  ""title"": ""[mcp-v8-scale] PR"",
  ""user"": {
    ""login"": ""To2004"",
    ""id"": 151865316,
    ""node_id"": ""U_kgDOCQ1H5A"",
    ""avatar_url"": ""https://avatars.githubusercontent.com/u/151865316?v=4"",
    ""gravatar_id"": """",
    ""url"": ""https://api.github.com/users/To2004"",
    ""html_url"": ""https://github.com/To2004"",
    ""followers_url"": ""https://api.github.com/users/To2004/followers"",
    ""following_url"": ""https://api.github.com/users/To2004/following{/other_user}"",
    ""gists_url"": ""https://api.github.com/users/To2004/gists{/gist_id}"",
    ""starred_url"": ""https://api.github.com/users/To2004/starred{/owner}{/repo}"",
    ""subscriptions_url"": ""https://api.github.com/users/To2004/subscriptions"",
    ""organizations_url"": ""https://api.github.com/users/To2004/orgs"",
    ""repos_url"": ""https://api.github.com/users/To2004/repos"",
    ""events_url"": ""https://api.github.com/users/To2004/events{/privacy}"",
    ""received_events_u",v8_scale,false
618,2026-08-06T14:00:18,github_helios,scale@github_helios,SCALE,helios-ot-runbooks,list_pull_requests,OK,"{""owner"": ""To2004"", ""repo"": ""helios-ot-runbooks"", ""state"": ""all""}","[
  {
    ""url"": ""https://api.github.com/repos/To2004/helios-ot-runbooks/pulls/9"",
    ""id"": 4220417739,
    ""node_id"": ""PR_kwDOTm9S9c77jnbL"",
    ""html_url"": ""https://github.com/To2004/helios-ot-runbooks/pull/9"",
    ""diff_url"": ""https://github.com/To2004/helios-ot-runbooks/pull/9.diff"",
    ""patch_url"": ""https://github.com/To2004/helios-ot-runbooks/pull/9.patch"",
    ""issue_url"": ""https://api.github.com/repos/To2004/helios-ot-runbooks/issues/9"",
    ""number"": 9,
    ""state"": ""closed"",
    ""locked"": false,
    ""title"": ""[mcp-v8-scale] PR"",
    ""user"": {
      ""login"": ""To2004"",
      ""id"": 151865316,
      ""avatar_url"": ""https://avatars.githubusercontent.com/u/151865316?v=4"",
      ""url"": ""https://api.github.com/users/To2004"",
      ""html_url"": ""https://github.com/To2004""
    },
    ""body"": ""[mcp-v8-scale]"",
    ""created_at"": ""2026-08-06T11:22:37Z"",
    ""updated_at"": ""2026-08-06T11:22:47Z"",
    ""closed_at"": ""2026-08-06T11:22:42Z"",
    ""merged_at"": ""2026-08-06T11:22:42Z"",
    ""merge_commit_sha"": ""e42c69e9d9561173cbe35c803d1e6504e2bb9524"",
    ""assignee"": null,
    ""assignees"": [],
    ""requested_reviewers"": [],
    ""labels"": [],
    ""head"": {
      ""label"": ""To2004:scale/2026-08-06-helios-o"",
      ""ref"": ""scale/2026-08-06-helios-o"",
      ""sha"": ""3781be7127b208d4ec3f298b16a559d21f92c855"",
      ""user"": {
        ""login"": ""To2004"",
        ""id"": 151865316,
        ""avatar_url"": ""https://avatars.githubusercontent.com/u/151865316?v=4"",
        ""url"": ""https://api.github.com/use",v8_scale,false
619,2026-08-06T14:00:19,github_helios,scale@github_helios,SCALE,helios-ot-runbooks,get_pull_request,OK,"{""owner"": ""To2004"", ""repo"": ""helios-ot-runbooks"", ""pull_number"": 9}","{
  ""url"": ""https://api.github.com/repos/To2004/helios-ot-runbooks/pulls/9"",
  ""id"": 4220417739,
  ""node_id"": ""PR_kwDOTm9S9c77jnbL"",
  ""html_url"": ""https://github.com/To2004/helios-ot-runbooks/pull/9"",
  ""diff_url"": ""https://github.com/To2004/helios-ot-runbooks/pull/9.diff"",
  ""patch_url"": ""https://github.com/To2004/helios-ot-runbooks/pull/9.patch"",
  ""issue_url"": ""https://api.github.com/repos/To2004/helios-ot-runbooks/issues/9"",
  ""number"": 9,
  ""state"": ""closed"",
  ""locked"": false,
  ""title"": ""[mcp-v8-scale] PR"",
  ""user"": {
    ""login"": ""To2004"",
    ""id"": 151865316,
    ""avatar_url"": ""https://avatars.githubusercontent.com/u/151865316?v=4"",
    ""url"": ""https://api.github.com/users/To2004"",
    ""html_url"": ""https://github.com/To2004""
  },
  ""body"": ""[mcp-v8-scale]"",
  ""created_at"": ""2026-08-06T11:22:37Z"",
  ""updated_at"": ""2026-08-06T11:22:47Z"",
  ""closed_at"": ""2026-08-06T11:22:42Z"",
  ""merged_at"": ""2026-08-06T11:22:42Z"",
  ""merge_commit_sha"": ""e42c69e9d9561173cbe35c803d1e6504e2bb9524"",
  ""assignee"": null,
  ""assignees"": [],
  ""requested_reviewers"": [],
  ""labels"": [],
  ""head"": {
    ""label"": ""To2004:scale/2026-08-06-helios-o"",
    ""ref"": ""scale/2026-08-06-helios-o"",
    ""sha"": ""3781be7127b208d4ec3f298b16a559d21f92c855"",
    ""user"": {
      ""login"": ""To2004"",
      ""id"": 151865316,
      ""avatar_url"": ""https://avatars.githubusercontent.com/u/151865316?v=4"",
      ""url"": ""https://api.github.com/users/To2004"",
      ""html_url"": ""https://github.com/To2004""
    },
    ""repo"": {",v8_scale,false
620,2026-08-06T14:00:20,github_helios,scale@github_helios,SCALE,helios-ot-runbooks,get_pull_request_files,OK,"{""owner"": ""To2004"", ""repo"": ""helios-ot-runbooks"", ""pull_number"": 9}","[
  {
    ""sha"": ""ca5f323e964e66f2308a25f5ab94f6fb836018d9"",
    ""filename"": ""scale-2026-08-06-b.md"",
    ""status"": ""added"",
    ""additions"": 1,
    ""deletions"": 0,
    ""changes"": 1,
    ""blob_url"": ""https://github.com/To2004/helios-ot-runbooks/blob/3781be7127b208d4ec3f298b16a559d21f92c855/scale-2026-08-06-b.md"",
    ""raw_url"": ""https://github.com/To2004/helios-ot-runbooks/raw/3781be7127b208d4ec3f298b16a559d21f92c855/scale-2026-08-06-b.md"",
    ""contents_url"": ""https://api.github.com/repos/To2004/helios-ot-runbooks/contents/scale-2026-08-06-b.md?ref=3781be7127b208d4ec3f298b16a559d21f92c855"",
    ""patch"": ""@@ -0,0 +1 @@\n+[mcp-v8-scale]""
  },
  {
    ""sha"": ""ca5f323e964e66f2308a25f5ab94f6fb836018d9"",
    ""filename"": ""scale-2026-08-06.md"",
    ""status"": ""added"",
    ""additions"": 1,
    ""deletions"": 0,
    ""changes"": 1,
    ""blob_url"": ""https://github.com/To2004/helios-ot-runbooks/blob/3781be7127b208d4ec3f298b16a559d21f92c855/scale-2026-08-06.md"",
    ""raw_url"": ""https://github.com/To2004/helios-ot-runbooks/raw/3781be7127b208d4ec3f298b16a559d21f92c855/scale-2026-08-06.md"",
    ""contents_url"": ""https://api.github.com/repos/To2004/helios-ot-runbooks/contents/scale-2026-08-06.md?ref=3781be7127b208d4ec3f298b16a559d21f92c855"",
    ""patch"": ""@@ -0,0 +1 @@\n+[mcp-v8-scale]""
  }
]",v8_scale,false
621,2026-08-06T14:00:21,github_helios,scale@github_helios,SCALE,helios-ot-runbooks,get_pull_request_status,OK,"{""owner"": ""To2004"", ""repo"": ""helios-ot-runbooks"", ""pull_number"": 9}","{
  ""state"": ""pending"",
  ""statuses"": [],
  ""sha"": ""3781be7127b208d4ec3f298b16a559d21f92c855"",
  ""total_count"": 0
}",v8_scale,false
622,2026-08-06T14:00:22,github_helios,scale@github_helios,SCALE,helios-ot-runbooks,get_pull_request_comments,OK,"{""owner"": ""To2004"", ""repo"": ""helios-ot-runbooks"", ""pull_number"": 9}",[],v8_scale,false
623,2026-08-06T14:00:23,github_helios,scale@github_helios,SCALE,helios-ot-runbooks,get_pull_request_reviews,OK,"{""owner"": ""To2004"", ""repo"": ""helios-ot-runbooks"", ""pull_number"": 9}","[
  {
    ""id"": 4874080625,
    ""node_id"": ""PRR_kwDOTm9S9c8AAAABIoSRcQ"",
    ""user"": {
      ""login"": ""To2004"",
      ""id"": 151865316,
      ""avatar_url"": ""https://avatars.githubusercontent.com/u/151865316?v=4"",
      ""url"": ""https://api.github.com/users/To2004"",
      ""html_url"": ""https://github.com/To2004""
    },
    ""body"": ""[mcp-v8-scale] review"",
    ""state"": ""COMMENTED"",
    ""html_url"": ""https://github.com/To2004/helios-ot-runbooks/pull/9#pullrequestreview-4874080625"",
    ""pull_request_url"": ""https://api.github.com/repos/To2004/helios-ot-runbooks/pulls/9"",
    ""commit_id"": ""3781be7127b208d4ec3f298b16a559d21f92c855"",
    ""submitted_at"": ""2026-08-06T11:22:39Z"",
    ""author_association"": ""OWNER""
  }
]",v8_scale,false
624,2026-08-06T14:00:24,github_helios,scale@github_helios,SCALE,helios-market-bidding-engine,get_file_contents,OK,"{""owner"": ""To2004"", ""repo"": ""helios-market-bidding-engine"", ""path"": ""README.md""}","{
  ""name"": ""README.md"",
  ""path"": ""README.md"",
  ""sha"": ""84c80adaf93c06a8651d11d911f9c4ebdac211c0"",
  ""size"": 124,
  ""url"": ""https://api.github.com/repos/To2004/helios-market-bidding-engine/contents/README.md?ref=main"",
  ""html_url"": ""https://github.com/To2004/helios-market-bidding-engine/blob/main/README.md"",
  ""git_url"": ""https://api.github.com/repos/To2004/helios-market-bidding-engine/git/blobs/84c80adaf93c06a8651d11d911f9c4ebdac211c0"",
  ""download_url"": ""https://raw.githubusercontent.com/To2004/helios-market-bidding-engine/main/README.md?token=BEGUPZGUKBBRS7LOWCOPSY3KORXUNAA"",
  ""type"": ""file"",
  ""content"": ""# helios-market-bidding-engine\n\nDay-ahead and intraday bidding strategy code. The strategy parameters are market-sensitive.\n"",
  ""encoding"": ""base64"",
  ""_links"": {
    ""self"": ""https://api.github.com/repos/To2004/helios-market-bidding-engine/contents/README.md?ref=main"",
    ""git"": ""https://api.github.com/repos/To2004/helios-market-bidding-engine/git/blobs/84c80adaf93c06a8651d11d911f9c4ebdac211c0"",
    ""html"": ""https://github.com/To2004/helios-market-bidding-engine/blob/main/README.md""
  }
}",v8_scale,false
625,2026-08-06T14:00:25,github_helios,scale@github_helios,SCALE,helios-market-bidding-engine,list_commits,OK,"{""owner"": ""To2004"", ""repo"": ""helios-market-bidding-engine""}","[
  {
    ""sha"": ""a613e0fc87d5a8a8497ed30b562b87a6eaef761f"",
    ""node_id"": ""C_kwDOTm9Su9oAKGE2MTNlMGZjODdkNWE4YTg0OTdlZDMwYjU2MmI4N2E2ZWFlZjc2MWY"",
    ""commit"": {
      ""author"": {
        ""name"": ""To2004"",
        ""email"": ""151865316+To2004@users.noreply.github.com"",
        ""date"": ""2026-07-29T09:02:45Z""
      },
      ""committer"": {
        ""name"": ""To2004"",
        ""email"": ""151865316+To2004@users.noreply.github.com"",
        ""date"": ""2026-07-29T09:02:45Z""
      },
      ""message"": ""Add strategy/ramp.md"",
      ""tree"": {
        ""sha"": ""752431b140170d3578b05a95aeb8886445c10180"",
        ""url"": ""https://api.github.com/repos/To2004/helios-market-bidding-engine/git/trees/752431b140170d3578b05a95aeb8886445c10180""
      },
      ""url"": ""https://api.github.com/repos/To2004/helios-market-bidding-engine/git/commits/a613e0fc87d5a8a8497ed30b562b87a6eaef761f"",
      ""comment_count"": 0,
      ""verification"": {
        ""verified"": false,
        ""reason"": ""unsigned"",
        ""signature"": null,
        ""payload"": null,
        ""verified_at"": null
      }
    },
    ""url"": ""https://api.github.com/repos/To2004/helios-market-bidding-engine/commits/a613e0fc87d5a8a8497ed30b562b87a6eaef761f"",
    ""html_url"": ""https://github.com/To2004/helios-market-bidding-engine/commit/a613e0fc87d5a8a8497ed30b562b87a6eaef761f"",
    ""comments_url"": ""https://api.github.com/repos/To2004/helios-market-bidding-engine/commits/a613e0fc87d5a8a8497ed30b562b87a6eaef761f/comments"",
    ""author"": {
      ""login"": ""To",v8_scale,false
626,2026-08-06T14:00:26,github_helios,scale@github_helios,SCALE,helios-market-bidding-engine,list_issues,OK,"{""owner"": ""To2004"", ""repo"": ""helios-market-bidding-engine"", ""state"": ""all""}","[
  {
    ""url"": ""https://api.github.com/repos/To2004/helios-market-bidding-engine/issues/10"",
    ""repository_url"": ""https://api.github.com/repos/To2004/helios-market-bidding-engine"",
    ""labels_url"": ""https://api.github.com/repos/To2004/helios-market-bidding-engine/issues/10/labels{/name}"",
    ""comments_url"": ""https://api.github.com/repos/To2004/helios-market-bidding-engine/issues/10/comments"",
    ""events_url"": ""https://api.github.com/repos/To2004/helios-market-bidding-engine/issues/10/events"",
    ""html_url"": ""https://github.com/To2004/helios-market-bidding-engine/issues/10"",
    ""id"": 5080617833,
    ""node_id"": ""I_kwDOTm9Su88AAAABLtQTaQ"",
    ""number"": 10,
    ""title"": ""[mcp-v8-scale] issue"",
    ""user"": {
      ""login"": ""To2004"",
      ""id"": 151865316,
      ""node_id"": ""U_kgDOCQ1H5A"",
      ""avatar_url"": ""https://avatars.githubusercontent.com/u/151865316?v=4"",
      ""gravatar_id"": """",
      ""url"": ""https://api.github.com/users/To2004"",
      ""html_url"": ""https://github.com/To2004"",
      ""followers_url"": ""https://api.github.com/users/To2004/followers"",
      ""following_url"": ""https://api.github.com/users/To2004/following{/other_user}"",
      ""gists_url"": ""https://api.github.com/users/To2004/gists{/gist_id}"",
      ""starred_url"": ""https://api.github.com/users/To2004/starred{/owner}{/repo}"",
      ""subscriptions_url"": ""https://api.github.com/users/To2004/subscriptions"",
      ""organizations_url"": ""https://api.github.com/users/To2004/orgs"",
      ""repos_url"": ""https://ap",v8_scale,false
627,2026-08-06T14:00:27,github_helios,scale@github_helios,SCALE,helios-market-bidding-engine,get_issue,OK,"{""owner"": ""To2004"", ""repo"": ""helios-market-bidding-engine"", ""issue_number"": 10}","{
  ""url"": ""https://api.github.com/repos/To2004/helios-market-bidding-engine/issues/10"",
  ""repository_url"": ""https://api.github.com/repos/To2004/helios-market-bidding-engine"",
  ""labels_url"": ""https://api.github.com/repos/To2004/helios-market-bidding-engine/issues/10/labels{/name}"",
  ""comments_url"": ""https://api.github.com/repos/To2004/helios-market-bidding-engine/issues/10/comments"",
  ""events_url"": ""https://api.github.com/repos/To2004/helios-market-bidding-engine/issues/10/events"",
  ""html_url"": ""https://github.com/To2004/helios-market-bidding-engine/issues/10"",
  ""id"": 5080617833,
  ""node_id"": ""I_kwDOTm9Su88AAAABLtQTaQ"",
  ""number"": 10,
  ""title"": ""[mcp-v8-scale] issue"",
  ""user"": {
    ""login"": ""To2004"",
    ""id"": 151865316,
    ""node_id"": ""U_kgDOCQ1H5A"",
    ""avatar_url"": ""https://avatars.githubusercontent.com/u/151865316?v=4"",
    ""gravatar_id"": """",
    ""url"": ""https://api.github.com/users/To2004"",
    ""html_url"": ""https://github.com/To2004"",
    ""followers_url"": ""https://api.github.com/users/To2004/followers"",
    ""following_url"": ""https://api.github.com/users/To2004/following{/other_user}"",
    ""gists_url"": ""https://api.github.com/users/To2004/gists{/gist_id}"",
    ""starred_url"": ""https://api.github.com/users/To2004/starred{/owner}{/repo}"",
    ""subscriptions_url"": ""https://api.github.com/users/To2004/subscriptions"",
    ""organizations_url"": ""https://api.github.com/users/To2004/orgs"",
    ""repos_url"": ""https://api.github.com/users/To2004/repos"",
    ""events_url"": ""h",v8_scale,false
628,2026-08-06T14:00:28,github_helios,scale@github_helios,SCALE,helios-market-bidding-engine,get_issue,OK,"{""owner"": ""To2004"", ""repo"": ""helios-market-bidding-engine"", ""issue_number"": 9}","{
  ""url"": ""https://api.github.com/repos/To2004/helios-market-bidding-engine/issues/9"",
  ""repository_url"": ""https://api.github.com/repos/To2004/helios-market-bidding-engine"",
  ""labels_url"": ""https://api.github.com/repos/To2004/helios-market-bidding-engine/issues/9/labels{/name}"",
  ""comments_url"": ""https://api.github.com/repos/To2004/helios-market-bidding-engine/issues/9/comments"",
  ""events_url"": ""https://api.github.com/repos/To2004/helios-market-bidding-engine/issues/9/events"",
  ""html_url"": ""https://github.com/To2004/helios-market-bidding-engine/pull/9"",
  ""id"": 5080617206,
  ""node_id"": ""PR_kwDOTm9Su877jlnA"",
  ""number"": 9,
  ""title"": ""[mcp-v8-scale] PR"",
  ""user"": {
    ""login"": ""To2004"",
    ""id"": 151865316,
    ""node_id"": ""U_kgDOCQ1H5A"",
    ""avatar_url"": ""https://avatars.githubusercontent.com/u/151865316?v=4"",
    ""gravatar_id"": """",
    ""url"": ""https://api.github.com/users/To2004"",
    ""html_url"": ""https://github.com/To2004"",
    ""followers_url"": ""https://api.github.com/users/To2004/followers"",
    ""following_url"": ""https://api.github.com/users/To2004/following{/other_user}"",
    ""gists_url"": ""https://api.github.com/users/To2004/gists{/gist_id}"",
    ""starred_url"": ""https://api.github.com/users/To2004/starred{/owner}{/repo}"",
    ""subscriptions_url"": ""https://api.github.com/users/To2004/subscriptions"",
    ""organizations_url"": ""https://api.github.com/users/To2004/orgs"",
    ""repos_url"": ""https://api.github.com/users/To2004/repos"",
    ""events_url"": ""https://api.githu",v8_scale,false
629,2026-08-06T14:00:29,github_helios,scale@github_helios,SCALE,helios-market-bidding-engine,list_pull_requests,OK,"{""owner"": ""To2004"", ""repo"": ""helios-market-bidding-engine"", ""state"": ""all""}","[
  {
    ""url"": ""https://api.github.com/repos/To2004/helios-market-bidding-engine/pulls/9"",
    ""id"": 4220410304,
    ""node_id"": ""PR_kwDOTm9Su877jlnA"",
    ""html_url"": ""https://github.com/To2004/helios-market-bidding-engine/pull/9"",
    ""diff_url"": ""https://github.com/To2004/helios-market-bidding-engine/pull/9.diff"",
    ""patch_url"": ""https://github.com/To2004/helios-market-bidding-engine/pull/9.patch"",
    ""issue_url"": ""https://api.github.com/repos/To2004/helios-market-bidding-engine/issues/9"",
    ""number"": 9,
    ""state"": ""closed"",
    ""locked"": false,
    ""title"": ""[mcp-v8-scale] PR"",
    ""user"": {
      ""login"": ""To2004"",
      ""id"": 151865316,
      ""avatar_url"": ""https://avatars.githubusercontent.com/u/151865316?v=4"",
      ""url"": ""https://api.github.com/users/To2004"",
      ""html_url"": ""https://github.com/To2004""
    },
    ""body"": ""[mcp-v8-scale]"",
    ""created_at"": ""2026-08-06T11:21:26Z"",
    ""updated_at"": ""2026-08-06T11:21:36Z"",
    ""closed_at"": ""2026-08-06T11:21:31Z"",
    ""merged_at"": ""2026-08-06T11:21:31Z"",
    ""merge_commit_sha"": ""de6466f86a81a1520eba6aeb7a5d2bc33b52d7d9"",
    ""assignee"": null,
    ""assignees"": [],
    ""requested_reviewers"": [],
    ""labels"": [],
    ""head"": {
      ""label"": ""To2004:scale/2026-08-06-helios-m"",
      ""ref"": ""scale/2026-08-06-helios-m"",
      ""sha"": ""324cbc66b177e7b22ebaa8f2c6a23c7dde7fc4b2"",
      ""user"": {
        ""login"": ""To2004"",
        ""id"": 151865316,
        ""avatar_url"": ""https://avatars.githubusercontent.com/u/15186531",v8_scale,false
630,2026-08-06T14:00:30,github_helios,scale@github_helios,SCALE,helios-market-bidding-engine,get_pull_request,OK,"{""owner"": ""To2004"", ""repo"": ""helios-market-bidding-engine"", ""pull_number"": 9}","{
  ""url"": ""https://api.github.com/repos/To2004/helios-market-bidding-engine/pulls/9"",
  ""id"": 4220410304,
  ""node_id"": ""PR_kwDOTm9Su877jlnA"",
  ""html_url"": ""https://github.com/To2004/helios-market-bidding-engine/pull/9"",
  ""diff_url"": ""https://github.com/To2004/helios-market-bidding-engine/pull/9.diff"",
  ""patch_url"": ""https://github.com/To2004/helios-market-bidding-engine/pull/9.patch"",
  ""issue_url"": ""https://api.github.com/repos/To2004/helios-market-bidding-engine/issues/9"",
  ""number"": 9,
  ""state"": ""closed"",
  ""locked"": false,
  ""title"": ""[mcp-v8-scale] PR"",
  ""user"": {
    ""login"": ""To2004"",
    ""id"": 151865316,
    ""avatar_url"": ""https://avatars.githubusercontent.com/u/151865316?v=4"",
    ""url"": ""https://api.github.com/users/To2004"",
    ""html_url"": ""https://github.com/To2004""
  },
  ""body"": ""[mcp-v8-scale]"",
  ""created_at"": ""2026-08-06T11:21:26Z"",
  ""updated_at"": ""2026-08-06T11:21:36Z"",
  ""closed_at"": ""2026-08-06T11:21:31Z"",
  ""merged_at"": ""2026-08-06T11:21:31Z"",
  ""merge_commit_sha"": ""de6466f86a81a1520eba6aeb7a5d2bc33b52d7d9"",
  ""assignee"": null,
  ""assignees"": [],
  ""requested_reviewers"": [],
  ""labels"": [],
  ""head"": {
    ""label"": ""To2004:scale/2026-08-06-helios-m"",
    ""ref"": ""scale/2026-08-06-helios-m"",
    ""sha"": ""324cbc66b177e7b22ebaa8f2c6a23c7dde7fc4b2"",
    ""user"": {
      ""login"": ""To2004"",
      ""id"": 151865316,
      ""avatar_url"": ""https://avatars.githubusercontent.com/u/151865316?v=4"",
      ""url"": ""https://api.github.com/users/To2004"",
      ""html_url""",v8_scale,false
631,2026-08-06T14:00:31,github_helios,scale@github_helios,SCALE,helios-market-bidding-engine,get_pull_request_files,OK,"{""owner"": ""To2004"", ""repo"": ""helios-market-bidding-engine"", ""pull_number"": 9}","[
  {
    ""sha"": ""ca5f323e964e66f2308a25f5ab94f6fb836018d9"",
    ""filename"": ""scale-2026-08-06-b.md"",
    ""status"": ""added"",
    ""additions"": 1,
    ""deletions"": 0,
    ""changes"": 1,
    ""blob_url"": ""https://github.com/To2004/helios-market-bidding-engine/blob/324cbc66b177e7b22ebaa8f2c6a23c7dde7fc4b2/scale-2026-08-06-b.md"",
    ""raw_url"": ""https://github.com/To2004/helios-market-bidding-engine/raw/324cbc66b177e7b22ebaa8f2c6a23c7dde7fc4b2/scale-2026-08-06-b.md"",
    ""contents_url"": ""https://api.github.com/repos/To2004/helios-market-bidding-engine/contents/scale-2026-08-06-b.md?ref=324cbc66b177e7b22ebaa8f2c6a23c7dde7fc4b2"",
    ""patch"": ""@@ -0,0 +1 @@\n+[mcp-v8-scale]""
  },
  {
    ""sha"": ""ca5f323e964e66f2308a25f5ab94f6fb836018d9"",
    ""filename"": ""scale-2026-08-06.md"",
    ""status"": ""added"",
    ""additions"": 1,
    ""deletions"": 0,
    ""changes"": 1,
    ""blob_url"": ""https://github.com/To2004/helios-market-bidding-engine/blob/324cbc66b177e7b22ebaa8f2c6a23c7dde7fc4b2/scale-2026-08-06.md"",
    ""raw_url"": ""https://github.com/To2004/helios-market-bidding-engine/raw/324cbc66b177e7b22ebaa8f2c6a23c7dde7fc4b2/scale-2026-08-06.md"",
    ""contents_url"": ""https://api.github.com/repos/To2004/helios-market-bidding-engine/contents/scale-2026-08-06.md?ref=324cbc66b177e7b22ebaa8f2c6a23c7dde7fc4b2"",
    ""patch"": ""@@ -0,0 +1 @@\n+[mcp-v8-scale]""
  }
]",v8_scale,false
632,2026-08-06T14:00:32,github_helios,scale@github_helios,SCALE,helios-market-bidding-engine,get_pull_request_status,OK,"{""owner"": ""To2004"", ""repo"": ""helios-market-bidding-engine"", ""pull_number"": 9}","{
  ""state"": ""pending"",
  ""statuses"": [],
  ""sha"": ""324cbc66b177e7b22ebaa8f2c6a23c7dde7fc4b2"",
  ""total_count"": 0
}",v8_scale,false
633,2026-08-06T14:00:33,github_helios,scale@github_helios,SCALE,helios-market-bidding-engine,get_pull_request_comments,OK,"{""owner"": ""To2004"", ""repo"": ""helios-market-bidding-engine"", ""pull_number"": 9}",[],v8_scale,false
634,2026-08-06T14:00:34,github_helios,scale@github_helios,SCALE,helios-market-bidding-engine,get_pull_request_reviews,OK,"{""owner"": ""To2004"", ""repo"": ""helios-market-bidding-engine"", ""pull_number"": 9}","[
  {
    ""id"": 4874072936,
    ""node_id"": ""PRR_kwDOTm9Su88AAAABIoRzaA"",
    ""user"": {
      ""login"": ""To2004"",
      ""id"": 151865316,
      ""avatar_url"": ""https://avatars.githubusercontent.com/u/151865316?v=4"",
      ""url"": ""https://api.github.com/users/To2004"",
      ""html_url"": ""https://github.com/To2004""
    },
    ""body"": ""[mcp-v8-scale] review"",
    ""state"": ""COMMENTED"",
    ""html_url"": ""https://github.com/To2004/helios-market-bidding-engine/pull/9#pullrequestreview-4874072936"",
    ""pull_request_url"": ""https://api.github.com/repos/To2004/helios-market-bidding-engine/pulls/9"",
    ""commit_id"": ""324cbc66b177e7b22ebaa8f2c6a23c7dde7fc4b2"",
    ""submitted_at"": ""2026-08-06T11:21:28Z"",
    ""author_association"": ""OWNER""
  }
]",v8_scale,false
635,2026-08-06T14:00:35,github_helios,scale@github_helios,SCALE,code-records,search_code,OK,"{""q"": ""repo:To2004/helios-market-bidding-engine update""}","{
  ""total_count"": 0,
  ""incomplete_results"": false,
  ""items"": []
}",v8_scale,false
636,2026-08-06T14:00:36,github_helios,scale@github_helios,SCALE,helios-scada-gateway,get_file_contents,OK,"{""owner"": ""To2004"", ""repo"": ""helios-scada-gateway"", ""path"": ""README.md""}","{
  ""name"": ""README.md"",
  ""path"": ""README.md"",
  ""sha"": ""aa474c8de7c3844706c223a210447c93abc62044"",
  ""size"": 157,
  ""url"": ""https://api.github.com/repos/To2004/helios-scada-gateway/contents/README.md?ref=main"",
  ""html_url"": ""https://github.com/To2004/helios-scada-gateway/blob/main/README.md"",
  ""git_url"": ""https://api.github.com/repos/To2004/helios-scada-gateway/git/blobs/aa474c8de7c3844706c223a210447c93abc62044"",
  ""download_url"": ""https://raw.githubusercontent.com/To2004/helios-scada-gateway/main/README.md?token=BEGUPZFORBSHYRO6O6WPGEDKORXUZAA"",
  ""type"": ""file"",
  ""content"": ""# helios-scada-gateway\n\nProtocol gateway fronting the transmission SCADA estate. Code here sits on the control-room path and is a NERC CIP BES cyber system.\n"",
  ""encoding"": ""base64"",
  ""_links"": {
    ""self"": ""https://api.github.com/repos/To2004/helios-scada-gateway/contents/README.md?ref=main"",
    ""git"": ""https://api.github.com/repos/To2004/helios-scada-gateway/git/blobs/aa474c8de7c3844706c223a210447c93abc62044"",
    ""html"": ""https://github.com/To2004/helios-scada-gateway/blob/main/README.md""
  }
}",v8_scale,false
637,2026-08-06T14:00:37,github_helios,scale@github_helios,SCALE,helios-scada-gateway,list_commits,OK,"{""owner"": ""To2004"", ""repo"": ""helios-scada-gateway""}","[
  {
    ""sha"": ""4884c7ec5dab7812f2dc1dbc5cebcc25b6ea2018"",
    ""node_id"": ""C_kwDOTm9SOtoAKDQ4ODRjN2VjNWRhYjc4MTJmMmRjMWRiYzVjZWJjYzI1YjZlYTIwMTg"",
    ""commit"": {
      ""author"": {
        ""name"": ""To2004"",
        ""email"": ""151865316+To2004@users.noreply.github.com"",
        ""date"": ""2026-08-03T10:17:09Z""
      },
      ""committer"": {
        ""name"": ""To2004"",
        ""email"": ""151865316+To2004@users.noreply.github.com"",
        ""date"": ""2026-08-03T10:17:09Z""
      },
      ""message"": ""[mcp-scale-corpus] cleanup"",
      ""tree"": {
        ""sha"": ""90e1ebb47af419858a49cd8c592679579c95f642"",
        ""url"": ""https://api.github.com/repos/To2004/helios-scada-gateway/git/trees/90e1ebb47af419858a49cd8c592679579c95f642""
      },
      ""url"": ""https://api.github.com/repos/To2004/helios-scada-gateway/git/commits/4884c7ec5dab7812f2dc1dbc5cebcc25b6ea2018"",
      ""comment_count"": 0,
      ""verification"": {
        ""verified"": false,
        ""reason"": ""unsigned"",
        ""signature"": null,
        ""payload"": null,
        ""verified_at"": null
      }
    },
    ""url"": ""https://api.github.com/repos/To2004/helios-scada-gateway/commits/4884c7ec5dab7812f2dc1dbc5cebcc25b6ea2018"",
    ""html_url"": ""https://github.com/To2004/helios-scada-gateway/commit/4884c7ec5dab7812f2dc1dbc5cebcc25b6ea2018"",
    ""comments_url"": ""https://api.github.com/repos/To2004/helios-scada-gateway/commits/4884c7ec5dab7812f2dc1dbc5cebcc25b6ea2018/comments"",
    ""author"": {
      ""login"": ""To2004"",
      ""id"": 151865316,
    ",v8_scale,false
638,2026-08-06T14:00:38,github_helios,scale@github_helios,SCALE,helios-scada-gateway,list_issues,OK,"{""owner"": ""To2004"", ""repo"": ""helios-scada-gateway"", ""state"": ""all""}","[
  {
    ""url"": ""https://api.github.com/repos/To2004/helios-scada-gateway/issues/32"",
    ""repository_url"": ""https://api.github.com/repos/To2004/helios-scada-gateway"",
    ""labels_url"": ""https://api.github.com/repos/To2004/helios-scada-gateway/issues/32/labels{/name}"",
    ""comments_url"": ""https://api.github.com/repos/To2004/helios-scada-gateway/issues/32/comments"",
    ""events_url"": ""https://api.github.com/repos/To2004/helios-scada-gateway/issues/32/events"",
    ""html_url"": ""https://github.com/To2004/helios-scada-gateway/issues/32"",
    ""id"": 5080620170,
    ""node_id"": ""I_kwDOTm9SOs8AAAABLtQcig"",
    ""number"": 32,
    ""title"": ""[mcp-v8-scale] issue"",
    ""user"": {
      ""login"": ""To2004"",
      ""id"": 151865316,
      ""node_id"": ""U_kgDOCQ1H5A"",
      ""avatar_url"": ""https://avatars.githubusercontent.com/u/151865316?v=4"",
      ""gravatar_id"": """",
      ""url"": ""https://api.github.com/users/To2004"",
      ""html_url"": ""https://github.com/To2004"",
      ""followers_url"": ""https://api.github.com/users/To2004/followers"",
      ""following_url"": ""https://api.github.com/users/To2004/following{/other_user}"",
      ""gists_url"": ""https://api.github.com/users/To2004/gists{/gist_id}"",
      ""starred_url"": ""https://api.github.com/users/To2004/starred{/owner}{/repo}"",
      ""subscriptions_url"": ""https://api.github.com/users/To2004/subscriptions"",
      ""organizations_url"": ""https://api.github.com/users/To2004/orgs"",
      ""repos_url"": ""https://api.github.com/users/To2004/repos"",
      ""events_",v8_scale,false
639,2026-08-06T14:00:39,github_helios,scale@github_helios,SCALE,helios-scada-gateway,get_issue,OK,"{""owner"": ""To2004"", ""repo"": ""helios-scada-gateway"", ""issue_number"": 32}","{
  ""url"": ""https://api.github.com/repos/To2004/helios-scada-gateway/issues/32"",
  ""repository_url"": ""https://api.github.com/repos/To2004/helios-scada-gateway"",
  ""labels_url"": ""https://api.github.com/repos/To2004/helios-scada-gateway/issues/32/labels{/name}"",
  ""comments_url"": ""https://api.github.com/repos/To2004/helios-scada-gateway/issues/32/comments"",
  ""events_url"": ""https://api.github.com/repos/To2004/helios-scada-gateway/issues/32/events"",
  ""html_url"": ""https://github.com/To2004/helios-scada-gateway/issues/32"",
  ""id"": 5080620170,
  ""node_id"": ""I_kwDOTm9SOs8AAAABLtQcig"",
  ""number"": 32,
  ""title"": ""[mcp-v8-scale] issue"",
  ""user"": {
    ""login"": ""To2004"",
    ""id"": 151865316,
    ""node_id"": ""U_kgDOCQ1H5A"",
    ""avatar_url"": ""https://avatars.githubusercontent.com/u/151865316?v=4"",
    ""gravatar_id"": """",
    ""url"": ""https://api.github.com/users/To2004"",
    ""html_url"": ""https://github.com/To2004"",
    ""followers_url"": ""https://api.github.com/users/To2004/followers"",
    ""following_url"": ""https://api.github.com/users/To2004/following{/other_user}"",
    ""gists_url"": ""https://api.github.com/users/To2004/gists{/gist_id}"",
    ""starred_url"": ""https://api.github.com/users/To2004/starred{/owner}{/repo}"",
    ""subscriptions_url"": ""https://api.github.com/users/To2004/subscriptions"",
    ""organizations_url"": ""https://api.github.com/users/To2004/orgs"",
    ""repos_url"": ""https://api.github.com/users/To2004/repos"",
    ""events_url"": ""https://api.github.com/users/To2004/events{/priva",v8_scale,false
640,2026-08-06T14:00:40,github_helios,scale@github_helios,SCALE,helios-scada-gateway,get_issue,OK,"{""owner"": ""To2004"", ""repo"": ""helios-scada-gateway"", ""issue_number"": 31}","{
  ""url"": ""https://api.github.com/repos/To2004/helios-scada-gateway/issues/31"",
  ""repository_url"": ""https://api.github.com/repos/To2004/helios-scada-gateway"",
  ""labels_url"": ""https://api.github.com/repos/To2004/helios-scada-gateway/issues/31/labels{/name}"",
  ""comments_url"": ""https://api.github.com/repos/To2004/helios-scada-gateway/issues/31/comments"",
  ""events_url"": ""https://api.github.com/repos/To2004/helios-scada-gateway/issues/31/events"",
  ""html_url"": ""https://github.com/To2004/helios-scada-gateway/pull/31"",
  ""id"": 5080619411,
  ""node_id"": ""PR_kwDOTm9SOs77jmE5"",
  ""number"": 31,
  ""title"": ""[mcp-v8-scale] PR"",
  ""user"": {
    ""login"": ""To2004"",
    ""id"": 151865316,
    ""node_id"": ""U_kgDOCQ1H5A"",
    ""avatar_url"": ""https://avatars.githubusercontent.com/u/151865316?v=4"",
    ""gravatar_id"": """",
    ""url"": ""https://api.github.com/users/To2004"",
    ""html_url"": ""https://github.com/To2004"",
    ""followers_url"": ""https://api.github.com/users/To2004/followers"",
    ""following_url"": ""https://api.github.com/users/To2004/following{/other_user}"",
    ""gists_url"": ""https://api.github.com/users/To2004/gists{/gist_id}"",
    ""starred_url"": ""https://api.github.com/users/To2004/starred{/owner}{/repo}"",
    ""subscriptions_url"": ""https://api.github.com/users/To2004/subscriptions"",
    ""organizations_url"": ""https://api.github.com/users/To2004/orgs"",
    ""repos_url"": ""https://api.github.com/users/To2004/repos"",
    ""events_url"": ""https://api.github.com/users/To2004/events{/privacy}"",
    ",v8_scale,false
641,2026-08-06T14:00:41,github_helios,scale@github_helios,SCALE,helios-scada-gateway,list_pull_requests,OK,"{""owner"": ""To2004"", ""repo"": ""helios-scada-gateway"", ""state"": ""all""}","[
  {
    ""url"": ""https://api.github.com/repos/To2004/helios-scada-gateway/pulls/31"",
    ""id"": 4220412217,
    ""node_id"": ""PR_kwDOTm9SOs77jmE5"",
    ""html_url"": ""https://github.com/To2004/helios-scada-gateway/pull/31"",
    ""diff_url"": ""https://github.com/To2004/helios-scada-gateway/pull/31.diff"",
    ""patch_url"": ""https://github.com/To2004/helios-scada-gateway/pull/31.patch"",
    ""issue_url"": ""https://api.github.com/repos/To2004/helios-scada-gateway/issues/31"",
    ""number"": 31,
    ""state"": ""closed"",
    ""locked"": false,
    ""title"": ""[mcp-v8-scale] PR"",
    ""user"": {
      ""login"": ""To2004"",
      ""id"": 151865316,
      ""avatar_url"": ""https://avatars.githubusercontent.com/u/151865316?v=4"",
      ""url"": ""https://api.github.com/users/To2004"",
      ""html_url"": ""https://github.com/To2004""
    },
    ""body"": ""[mcp-v8-scale]"",
    ""created_at"": ""2026-08-06T11:21:43Z"",
    ""updated_at"": ""2026-08-06T11:21:53Z"",
    ""closed_at"": ""2026-08-06T11:21:49Z"",
    ""merged_at"": ""2026-08-06T11:21:49Z"",
    ""merge_commit_sha"": ""b89e8936b791dc3b8d8b6967569996075dcb933d"",
    ""assignee"": null,
    ""assignees"": [],
    ""requested_reviewers"": [],
    ""labels"": [],
    ""head"": {
      ""label"": ""To2004:scale/2026-08-06-helios-s"",
      ""ref"": ""scale/2026-08-06-helios-s"",
      ""sha"": ""4b967d94d9fd069f599b129ddc216a2998d96601"",
      ""user"": {
        ""login"": ""To2004"",
        ""id"": 151865316,
        ""avatar_url"": ""https://avatars.githubusercontent.com/u/151865316?v=4"",
        ""url"": ""https://ap",v8_scale,false
642,2026-08-06T14:00:42,github_helios,scale@github_helios,SCALE,helios-scada-gateway,get_pull_request,OK,"{""owner"": ""To2004"", ""repo"": ""helios-scada-gateway"", ""pull_number"": 31}","{
  ""url"": ""https://api.github.com/repos/To2004/helios-scada-gateway/pulls/31"",
  ""id"": 4220412217,
  ""node_id"": ""PR_kwDOTm9SOs77jmE5"",
  ""html_url"": ""https://github.com/To2004/helios-scada-gateway/pull/31"",
  ""diff_url"": ""https://github.com/To2004/helios-scada-gateway/pull/31.diff"",
  ""patch_url"": ""https://github.com/To2004/helios-scada-gateway/pull/31.patch"",
  ""issue_url"": ""https://api.github.com/repos/To2004/helios-scada-gateway/issues/31"",
  ""number"": 31,
  ""state"": ""closed"",
  ""locked"": false,
  ""title"": ""[mcp-v8-scale] PR"",
  ""user"": {
    ""login"": ""To2004"",
    ""id"": 151865316,
    ""avatar_url"": ""https://avatars.githubusercontent.com/u/151865316?v=4"",
    ""url"": ""https://api.github.com/users/To2004"",
    ""html_url"": ""https://github.com/To2004""
  },
  ""body"": ""[mcp-v8-scale]"",
  ""created_at"": ""2026-08-06T11:21:43Z"",
  ""updated_at"": ""2026-08-06T11:21:53Z"",
  ""closed_at"": ""2026-08-06T11:21:49Z"",
  ""merged_at"": ""2026-08-06T11:21:49Z"",
  ""merge_commit_sha"": ""b89e8936b791dc3b8d8b6967569996075dcb933d"",
  ""assignee"": null,
  ""assignees"": [],
  ""requested_reviewers"": [],
  ""labels"": [],
  ""head"": {
    ""label"": ""To2004:scale/2026-08-06-helios-s"",
    ""ref"": ""scale/2026-08-06-helios-s"",
    ""sha"": ""4b967d94d9fd069f599b129ddc216a2998d96601"",
    ""user"": {
      ""login"": ""To2004"",
      ""id"": 151865316,
      ""avatar_url"": ""https://avatars.githubusercontent.com/u/151865316?v=4"",
      ""url"": ""https://api.github.com/users/To2004"",
      ""html_url"": ""https://github.com/To2004""
    ",v8_scale,false
643,2026-08-06T14:00:43,github_helios,scale@github_helios,SCALE,helios-scada-gateway,get_pull_request_files,OK,"{""owner"": ""To2004"", ""repo"": ""helios-scada-gateway"", ""pull_number"": 31}","[
  {
    ""sha"": ""ca5f323e964e66f2308a25f5ab94f6fb836018d9"",
    ""filename"": ""scale-2026-08-06-b.md"",
    ""status"": ""added"",
    ""additions"": 1,
    ""deletions"": 0,
    ""changes"": 1,
    ""blob_url"": ""https://github.com/To2004/helios-scada-gateway/blob/4b967d94d9fd069f599b129ddc216a2998d96601/scale-2026-08-06-b.md"",
    ""raw_url"": ""https://github.com/To2004/helios-scada-gateway/raw/4b967d94d9fd069f599b129ddc216a2998d96601/scale-2026-08-06-b.md"",
    ""contents_url"": ""https://api.github.com/repos/To2004/helios-scada-gateway/contents/scale-2026-08-06-b.md?ref=4b967d94d9fd069f599b129ddc216a2998d96601"",
    ""patch"": ""@@ -0,0 +1 @@\n+[mcp-v8-scale]""
  },
  {
    ""sha"": ""ca5f323e964e66f2308a25f5ab94f6fb836018d9"",
    ""filename"": ""scale-2026-08-06.md"",
    ""status"": ""added"",
    ""additions"": 1,
    ""deletions"": 0,
    ""changes"": 1,
    ""blob_url"": ""https://github.com/To2004/helios-scada-gateway/blob/4b967d94d9fd069f599b129ddc216a2998d96601/scale-2026-08-06.md"",
    ""raw_url"": ""https://github.com/To2004/helios-scada-gateway/raw/4b967d94d9fd069f599b129ddc216a2998d96601/scale-2026-08-06.md"",
    ""contents_url"": ""https://api.github.com/repos/To2004/helios-scada-gateway/contents/scale-2026-08-06.md?ref=4b967d94d9fd069f599b129ddc216a2998d96601"",
    ""patch"": ""@@ -0,0 +1 @@\n+[mcp-v8-scale]""
  }
]",v8_scale,false
644,2026-08-06T14:00:44,github_helios,scale@github_helios,SCALE,helios-scada-gateway,get_pull_request_status,OK,"{""owner"": ""To2004"", ""repo"": ""helios-scada-gateway"", ""pull_number"": 31}","{
  ""state"": ""pending"",
  ""statuses"": [],
  ""sha"": ""4b967d94d9fd069f599b129ddc216a2998d96601"",
  ""total_count"": 0
}",v8_scale,false
645,2026-08-06T14:00:45,github_helios,scale@github_helios,SCALE,helios-scada-gateway,get_pull_request_comments,OK,"{""owner"": ""To2004"", ""repo"": ""helios-scada-gateway"", ""pull_number"": 31}",[],v8_scale,false
646,2026-08-06T14:00:46,github_helios,scale@github_helios,SCALE,helios-scada-gateway,get_pull_request_reviews,OK,"{""owner"": ""To2004"", ""repo"": ""helios-scada-gateway"", ""pull_number"": 31}","[
  {
    ""id"": 4874074979,
    ""node_id"": ""PRR_kwDOTm9SOs8AAAABIoR7Yw"",
    ""user"": {
      ""login"": ""To2004"",
      ""id"": 151865316,
      ""avatar_url"": ""https://avatars.githubusercontent.com/u/151865316?v=4"",
      ""url"": ""https://api.github.com/users/To2004"",
      ""html_url"": ""https://github.com/To2004""
    },
    ""body"": ""[mcp-v8-scale] review"",
    ""state"": ""COMMENTED"",
    ""html_url"": ""https://github.com/To2004/helios-scada-gateway/pull/31#pullrequestreview-4874074979"",
    ""pull_request_url"": ""https://api.github.com/repos/To2004/helios-scada-gateway/pulls/31"",
    ""commit_id"": ""4b967d94d9fd069f599b129ddc216a2998d96601"",
    ""submitted_at"": ""2026-08-06T11:21:46Z"",
    ""author_association"": ""OWNER""
  }
]",v8_scale,false
647,2026-08-06T14:00:47,github_helios,scale@github_helios,SCALE,code-records,search_code,OK,"{""q"": ""repo:To2004/helios-scada-gateway update""}","{
  ""total_count"": 0,
  ""incomplete_results"": false,
  ""items"": []
}",v8_scale,false
648,2026-08-06T14:00:48,github_helios,scale@github_helios,SCALE,helios-public-site,get_file_contents,OK,"{""owner"": ""To2004"", ""repo"": ""helios-public-site"", ""path"": ""README.md""}","{
  ""name"": ""README.md"",
  ""path"": ""README.md"",
  ""sha"": ""3fae114a8f96e771ccdfdcc6e38893fb79b20837"",
  ""size"": 94,
  ""url"": ""https://api.github.com/repos/To2004/helios-public-site/contents/README.md?ref=main"",
  ""html_url"": ""https://github.com/To2004/helios-public-site/blob/main/README.md"",
  ""git_url"": ""https://api.github.com/repos/To2004/helios-public-site/git/blobs/3fae114a8f96e771ccdfdcc6e38893fb79b20837"",
  ""download_url"": ""https://raw.githubusercontent.com/To2004/helios-public-site/main/README.md?token=BEGUPZATKMC7I2CSKKU76A3KORXVHAA"",
  ""type"": ""file"",
  ""content"": ""# helios-public-site\n\nPublic Helios Grid website and network status pages. Already published.\n"",
  ""encoding"": ""base64"",
  ""_links"": {
    ""self"": ""https://api.github.com/repos/To2004/helios-public-site/contents/README.md?ref=main"",
    ""git"": ""https://api.github.com/repos/To2004/helios-public-site/git/blobs/3fae114a8f96e771ccdfdcc6e38893fb79b20837"",
    ""html"": ""https://github.com/To2004/helios-public-site/blob/main/README.md""
  }
}",v8_scale,false
649,2026-08-06T14:00:49,github_helios,scale@github_helios,SCALE,helios-public-site,list_commits,OK,"{""owner"": ""To2004"", ""repo"": ""helios-public-site""}","[
  {
    ""sha"": ""c042ca0ce26e1bd7c51220c7f4c9dc48d74f3898"",
    ""node_id"": ""C_kwDOTm9TQtoAKGMwNDJjYTBjZTI2ZTFiZDdjNTEyMjBjN2Y0YzlkYzQ4ZDc0ZjM4OTg"",
    ""commit"": {
      ""author"": {
        ""name"": ""To2004"",
        ""email"": ""151865316+To2004@users.noreply.github.com"",
        ""date"": ""2026-07-29T11:57:02Z""
      },
      ""committer"": {
        ""name"": ""GitHub"",
        ""email"": ""noreply@github.com"",
        ""date"": ""2026-07-29T11:57:02Z""
      },
      ""message"": ""Probe: tool/asset homing check (#1)\n\nProbe: verify merge_pull_request works"",
      ""tree"": {
        ""sha"": ""4e14f0cd2bfc694281e661b47c57d6a7bfc900ba"",
        ""url"": ""https://api.github.com/repos/To2004/helios-public-site/git/trees/4e14f0cd2bfc694281e661b47c57d6a7bfc900ba""
      },
      ""url"": ""https://api.github.com/repos/To2004/helios-public-site/git/commits/c042ca0ce26e1bd7c51220c7f4c9dc48d74f3898"",
      ""comment_count"": 0,
      ""verification"": {
        ""verified"": true,
        ""reason"": ""valid"",
        ""signature"": ""-----BEGIN PGP SIGNATURE-----\n\nwsFcBAABCAAQBQJqaeqOCRC1aQ7uu5UhlAAAuq0QAJkHCAafKOP+OctKs57G64Hw\nIyygS5L0141IlKedaWwDSAPfokO4fZoYyoVz7Os4/7ZVB8ePL7jWk1TiDneWcFNC\nVvRLtqiGGGLaqIEIBES44S4xXzU8FnQJHrdW+piqhT/j34jl3MkrUXnlNRepn7Xq\nBJC6IB09uATBpQkbGAmk71BV3PGZd61rgkjDyYoRpEdOStQAD+C3X2Ul60f5/HnO\n5Y051CjkQ4HqQrMAl46BMRVU2ROLd3LlgTEenxLyf0ZSrOeChH1Y0JCm+lMYRLZM\nb1n2ow23Gs/NMUtiRP5ORsftX+NkvEOAaU+uHAB75xmN4x1xum1Y50B1FC3oc+tX\nGHEs+iKSQ3UphV9jfC9JybdaIvmVd/6sE9kw7h4cFZ6wmGKoFrrlZ28TWdmyBGVZ",v8_scale,false
650,2026-08-06T14:00:50,github_helios,scale@github_helios,SCALE,helios-public-site,list_issues,OK,"{""owner"": ""To2004"", ""repo"": ""helios-public-site"", ""state"": ""all""}","[
  {
    ""url"": ""https://api.github.com/repos/To2004/helios-public-site/issues/29"",
    ""repository_url"": ""https://api.github.com/repos/To2004/helios-public-site"",
    ""labels_url"": ""https://api.github.com/repos/To2004/helios-public-site/issues/29/labels{/name}"",
    ""comments_url"": ""https://api.github.com/repos/To2004/helios-public-site/issues/29/comments"",
    ""events_url"": ""https://api.github.com/repos/To2004/helios-public-site/issues/29/events"",
    ""html_url"": ""https://github.com/To2004/helios-public-site/issues/29"",
    ""id"": 5080622301,
    ""node_id"": ""I_kwDOTm9TQs8AAAABLtQk3Q"",
    ""number"": 29,
    ""title"": ""[mcp-v8-scale] issue"",
    ""user"": {
      ""login"": ""To2004"",
      ""id"": 151865316,
      ""node_id"": ""U_kgDOCQ1H5A"",
      ""avatar_url"": ""https://avatars.githubusercontent.com/u/151865316?v=4"",
      ""gravatar_id"": """",
      ""url"": ""https://api.github.com/users/To2004"",
      ""html_url"": ""https://github.com/To2004"",
      ""followers_url"": ""https://api.github.com/users/To2004/followers"",
      ""following_url"": ""https://api.github.com/users/To2004/following{/other_user}"",
      ""gists_url"": ""https://api.github.com/users/To2004/gists{/gist_id}"",
      ""starred_url"": ""https://api.github.com/users/To2004/starred{/owner}{/repo}"",
      ""subscriptions_url"": ""https://api.github.com/users/To2004/subscriptions"",
      ""organizations_url"": ""https://api.github.com/users/To2004/orgs"",
      ""repos_url"": ""https://api.github.com/users/To2004/repos"",
      ""events_url"": ""https",v8_scale,false
651,2026-08-06T14:00:51,github_helios,scale@github_helios,SCALE,helios-public-site,get_issue,OK,"{""owner"": ""To2004"", ""repo"": ""helios-public-site"", ""issue_number"": 29}","{
  ""url"": ""https://api.github.com/repos/To2004/helios-public-site/issues/29"",
  ""repository_url"": ""https://api.github.com/repos/To2004/helios-public-site"",
  ""labels_url"": ""https://api.github.com/repos/To2004/helios-public-site/issues/29/labels{/name}"",
  ""comments_url"": ""https://api.github.com/repos/To2004/helios-public-site/issues/29/comments"",
  ""events_url"": ""https://api.github.com/repos/To2004/helios-public-site/issues/29/events"",
  ""html_url"": ""https://github.com/To2004/helios-public-site/issues/29"",
  ""id"": 5080622301,
  ""node_id"": ""I_kwDOTm9TQs8AAAABLtQk3Q"",
  ""number"": 29,
  ""title"": ""[mcp-v8-scale] issue"",
  ""user"": {
    ""login"": ""To2004"",
    ""id"": 151865316,
    ""node_id"": ""U_kgDOCQ1H5A"",
    ""avatar_url"": ""https://avatars.githubusercontent.com/u/151865316?v=4"",
    ""gravatar_id"": """",
    ""url"": ""https://api.github.com/users/To2004"",
    ""html_url"": ""https://github.com/To2004"",
    ""followers_url"": ""https://api.github.com/users/To2004/followers"",
    ""following_url"": ""https://api.github.com/users/To2004/following{/other_user}"",
    ""gists_url"": ""https://api.github.com/users/To2004/gists{/gist_id}"",
    ""starred_url"": ""https://api.github.com/users/To2004/starred{/owner}{/repo}"",
    ""subscriptions_url"": ""https://api.github.com/users/To2004/subscriptions"",
    ""organizations_url"": ""https://api.github.com/users/To2004/orgs"",
    ""repos_url"": ""https://api.github.com/users/To2004/repos"",
    ""events_url"": ""https://api.github.com/users/To2004/events{/privacy}"",
    ""r",v8_scale,false
652,2026-08-06T14:00:52,github_helios,scale@github_helios,SCALE,helios-public-site,get_issue,OK,"{""owner"": ""To2004"", ""repo"": ""helios-public-site"", ""issue_number"": 28}","{
  ""url"": ""https://api.github.com/repos/To2004/helios-public-site/issues/28"",
  ""repository_url"": ""https://api.github.com/repos/To2004/helios-public-site"",
  ""labels_url"": ""https://api.github.com/repos/To2004/helios-public-site/issues/28/labels{/name}"",
  ""comments_url"": ""https://api.github.com/repos/To2004/helios-public-site/issues/28/comments"",
  ""events_url"": ""https://api.github.com/repos/To2004/helios-public-site/issues/28/events"",
  ""html_url"": ""https://github.com/To2004/helios-public-site/pull/28"",
  ""id"": 5080621582,
  ""node_id"": ""PR_kwDOTm9TQs77jmip"",
  ""number"": 28,
  ""title"": ""[mcp-v8-scale] PR"",
  ""user"": {
    ""login"": ""To2004"",
    ""id"": 151865316,
    ""node_id"": ""U_kgDOCQ1H5A"",
    ""avatar_url"": ""https://avatars.githubusercontent.com/u/151865316?v=4"",
    ""gravatar_id"": """",
    ""url"": ""https://api.github.com/users/To2004"",
    ""html_url"": ""https://github.com/To2004"",
    ""followers_url"": ""https://api.github.com/users/To2004/followers"",
    ""following_url"": ""https://api.github.com/users/To2004/following{/other_user}"",
    ""gists_url"": ""https://api.github.com/users/To2004/gists{/gist_id}"",
    ""starred_url"": ""https://api.github.com/users/To2004/starred{/owner}{/repo}"",
    ""subscriptions_url"": ""https://api.github.com/users/To2004/subscriptions"",
    ""organizations_url"": ""https://api.github.com/users/To2004/orgs"",
    ""repos_url"": ""https://api.github.com/users/To2004/repos"",
    ""events_url"": ""https://api.github.com/users/To2004/events{/privacy}"",
    ""received_ev",v8_scale,false
653,2026-08-06T14:00:53,github_helios,scale@github_helios,SCALE,helios-public-site,list_pull_requests,OK,"{""owner"": ""To2004"", ""repo"": ""helios-public-site"", ""state"": ""all""}","[
  {
    ""url"": ""https://api.github.com/repos/To2004/helios-public-site/pulls/28"",
    ""id"": 4220414121,
    ""node_id"": ""PR_kwDOTm9TQs77jmip"",
    ""html_url"": ""https://github.com/To2004/helios-public-site/pull/28"",
    ""diff_url"": ""https://github.com/To2004/helios-public-site/pull/28.diff"",
    ""patch_url"": ""https://github.com/To2004/helios-public-site/pull/28.patch"",
    ""issue_url"": ""https://api.github.com/repos/To2004/helios-public-site/issues/28"",
    ""number"": 28,
    ""state"": ""closed"",
    ""locked"": false,
    ""title"": ""[mcp-v8-scale] PR"",
    ""user"": {
      ""login"": ""To2004"",
      ""id"": 151865316,
      ""avatar_url"": ""https://avatars.githubusercontent.com/u/151865316?v=4"",
      ""url"": ""https://api.github.com/users/To2004"",
      ""html_url"": ""https://github.com/To2004""
    },
    ""body"": ""[mcp-v8-scale]"",
    ""created_at"": ""2026-08-06T11:22:01Z"",
    ""updated_at"": ""2026-08-06T11:22:11Z"",
    ""closed_at"": ""2026-08-06T11:22:06Z"",
    ""merged_at"": ""2026-08-06T11:22:06Z"",
    ""merge_commit_sha"": ""0cd6cdfa89494329a071b4349d61162e6caeb594"",
    ""assignee"": null,
    ""assignees"": [],
    ""requested_reviewers"": [],
    ""labels"": [],
    ""head"": {
      ""label"": ""To2004:scale/2026-08-06-helios-p"",
      ""ref"": ""scale/2026-08-06-helios-p"",
      ""sha"": ""0fc14ba5813ad2e9328d5eea13c28a9005648ffa"",
      ""user"": {
        ""login"": ""To2004"",
        ""id"": 151865316,
        ""avatar_url"": ""https://avatars.githubusercontent.com/u/151865316?v=4"",
        ""url"": ""https://api.github.c",v8_scale,false
654,2026-08-06T14:00:54,github_helios,scale@github_helios,SCALE,helios-public-site,get_pull_request,OK,"{""owner"": ""To2004"", ""repo"": ""helios-public-site"", ""pull_number"": 28}","{
  ""url"": ""https://api.github.com/repos/To2004/helios-public-site/pulls/28"",
  ""id"": 4220414121,
  ""node_id"": ""PR_kwDOTm9TQs77jmip"",
  ""html_url"": ""https://github.com/To2004/helios-public-site/pull/28"",
  ""diff_url"": ""https://github.com/To2004/helios-public-site/pull/28.diff"",
  ""patch_url"": ""https://github.com/To2004/helios-public-site/pull/28.patch"",
  ""issue_url"": ""https://api.github.com/repos/To2004/helios-public-site/issues/28"",
  ""number"": 28,
  ""state"": ""closed"",
  ""locked"": false,
  ""title"": ""[mcp-v8-scale] PR"",
  ""user"": {
    ""login"": ""To2004"",
    ""id"": 151865316,
    ""avatar_url"": ""https://avatars.githubusercontent.com/u/151865316?v=4"",
    ""url"": ""https://api.github.com/users/To2004"",
    ""html_url"": ""https://github.com/To2004""
  },
  ""body"": ""[mcp-v8-scale]"",
  ""created_at"": ""2026-08-06T11:22:01Z"",
  ""updated_at"": ""2026-08-06T11:22:11Z"",
  ""closed_at"": ""2026-08-06T11:22:06Z"",
  ""merged_at"": ""2026-08-06T11:22:06Z"",
  ""merge_commit_sha"": ""0cd6cdfa89494329a071b4349d61162e6caeb594"",
  ""assignee"": null,
  ""assignees"": [],
  ""requested_reviewers"": [],
  ""labels"": [],
  ""head"": {
    ""label"": ""To2004:scale/2026-08-06-helios-p"",
    ""ref"": ""scale/2026-08-06-helios-p"",
    ""sha"": ""0fc14ba5813ad2e9328d5eea13c28a9005648ffa"",
    ""user"": {
      ""login"": ""To2004"",
      ""id"": 151865316,
      ""avatar_url"": ""https://avatars.githubusercontent.com/u/151865316?v=4"",
      ""url"": ""https://api.github.com/users/To2004"",
      ""html_url"": ""https://github.com/To2004""
    },
    ""re",v8_scale,false
655,2026-08-06T14:00:55,github_helios,scale@github_helios,SCALE,helios-public-site,get_pull_request_files,OK,"{""owner"": ""To2004"", ""repo"": ""helios-public-site"", ""pull_number"": 28}","[
  {
    ""sha"": ""ca5f323e964e66f2308a25f5ab94f6fb836018d9"",
    ""filename"": ""scale-2026-08-06-b.md"",
    ""status"": ""added"",
    ""additions"": 1,
    ""deletions"": 0,
    ""changes"": 1,
    ""blob_url"": ""https://github.com/To2004/helios-public-site/blob/0fc14ba5813ad2e9328d5eea13c28a9005648ffa/scale-2026-08-06-b.md"",
    ""raw_url"": ""https://github.com/To2004/helios-public-site/raw/0fc14ba5813ad2e9328d5eea13c28a9005648ffa/scale-2026-08-06-b.md"",
    ""contents_url"": ""https://api.github.com/repos/To2004/helios-public-site/contents/scale-2026-08-06-b.md?ref=0fc14ba5813ad2e9328d5eea13c28a9005648ffa"",
    ""patch"": ""@@ -0,0 +1 @@\n+[mcp-v8-scale]""
  },
  {
    ""sha"": ""ca5f323e964e66f2308a25f5ab94f6fb836018d9"",
    ""filename"": ""scale-2026-08-06.md"",
    ""status"": ""added"",
    ""additions"": 1,
    ""deletions"": 0,
    ""changes"": 1,
    ""blob_url"": ""https://github.com/To2004/helios-public-site/blob/0fc14ba5813ad2e9328d5eea13c28a9005648ffa/scale-2026-08-06.md"",
    ""raw_url"": ""https://github.com/To2004/helios-public-site/raw/0fc14ba5813ad2e9328d5eea13c28a9005648ffa/scale-2026-08-06.md"",
    ""contents_url"": ""https://api.github.com/repos/To2004/helios-public-site/contents/scale-2026-08-06.md?ref=0fc14ba5813ad2e9328d5eea13c28a9005648ffa"",
    ""patch"": ""@@ -0,0 +1 @@\n+[mcp-v8-scale]""
  }
]",v8_scale,false
656,2026-08-06T14:00:56,github_helios,scale@github_helios,SCALE,helios-public-site,get_pull_request_status,OK,"{""owner"": ""To2004"", ""repo"": ""helios-public-site"", ""pull_number"": 28}","{
  ""state"": ""pending"",
  ""statuses"": [],
  ""sha"": ""0fc14ba5813ad2e9328d5eea13c28a9005648ffa"",
  ""total_count"": 0
}",v8_scale,false
657,2026-08-06T14:00:57,github_helios,scale@github_helios,SCALE,helios-public-site,get_pull_request_comments,OK,"{""owner"": ""To2004"", ""repo"": ""helios-public-site"", ""pull_number"": 28}",[],v8_scale,false
658,2026-08-06T14:00:58,github_helios,scale@github_helios,SCALE,helios-public-site,get_pull_request_reviews,OK,"{""owner"": ""To2004"", ""repo"": ""helios-public-site"", ""pull_number"": 28}","[
  {
    ""id"": 4874076940,
    ""node_id"": ""PRR_kwDOTm9TQs8AAAABIoSDDA"",
    ""user"": {
      ""login"": ""To2004"",
      ""id"": 151865316,
      ""avatar_url"": ""https://avatars.githubusercontent.com/u/151865316?v=4"",
      ""url"": ""https://api.github.com/users/To2004"",
      ""html_url"": ""https://github.com/To2004""
    },
    ""body"": ""[mcp-v8-scale] review"",
    ""state"": ""COMMENTED"",
    ""html_url"": ""https://github.com/To2004/helios-public-site/pull/28#pullrequestreview-4874076940"",
    ""pull_request_url"": ""https://api.github.com/repos/To2004/helios-public-site/pulls/28"",
    ""commit_id"": ""0fc14ba5813ad2e9328d5eea13c28a9005648ffa"",
    ""submitted_at"": ""2026-08-06T11:22:04Z"",
    ""author_association"": ""OWNER""
  }
]",v8_scale,false
659,2026-08-06T14:00:59,github_helios,scale@github_helios,SCALE,code-records,search_code,OK,"{""q"": ""repo:To2004/helios-public-site update""}","{
  ""total_count"": 1,
  ""incomplete_results"": false,
  ""items"": [
    {
      ""name"": ""base-bump.md"",
      ""path"": ""content/base-bump.md"",
      ""sha"": ""1676c20e7340fee32eadf831f99e82a68b8341c6"",
      ""url"": ""https://api.github.com/repositories/1315918658/contents/content/base-bump.md?ref=c042ca0ce26e1bd7c51220c7f4c9dc48d74f3898"",
      ""git_url"": ""https://api.github.com/repositories/1315918658/git/blobs/1676c20e7340fee32eadf831f99e82a68b8341c6"",
      ""html_url"": ""https://github.com/To2004/helios-public-site/blob/c042ca0ce26e1bd7c51220c7f4c9dc48d74f3898/content/base-bump.md"",
      ""repository"": {
        ""id"": 1315918658,
        ""node_id"": ""MDEwOlJlcG9zaXRvcnkxMzE1OTE4NjU4"",
        ""name"": ""helios-public-site"",
        ""full_name"": ""To2004/helios-public-site"",
        ""owner"": {
          ""id"": 151865316,
          ""node_id"": ""U_kgDOCQ1H5A"",
          ""login"": ""To2004"",
          ""avatar_url"": ""https://avatars.githubusercontent.com/u/151865316?v=4"",
          ""gravatar_id"": """",
          ""url"": ""https://api.github.com/users/To2004"",
          ""html_url"": ""https://github.com/To2004"",
          ""type"": ""User"",
          ""site_admin"": false,
          ""followers_url"": ""https://api.github.com/users/To2004/followers"",
          ""following_url"": ""https://api.github.com/users/To2004/following{/other_user}"",
          ""gists_url"": ""https://api.github.com/users/To2004/gists{/gist_id}"",
          ""starred_url"": ""https://api.github.com/users/To2004/starred{/owner}{/repo}"",
       ",v8_scale,false
660,2026-08-06T14:00:00,github_helios,scale@github_helios,SCALE,helios-grid-infra-config,get_file_contents,OK,"{""owner"": ""To2004"", ""repo"": ""helios-grid-infra-config"", ""path"": ""README.md""}","{
  ""name"": ""README.md"",
  ""path"": ""README.md"",
  ""sha"": ""a33835db9971d364684fac8988dc5a4a35541e53"",
  ""size"": 149,
  ""url"": ""https://api.github.com/repos/To2004/helios-grid-infra-config/contents/README.md?ref=main"",
  ""html_url"": ""https://github.com/To2004/helios-grid-infra-config/blob/main/README.md"",
  ""git_url"": ""https://api.github.com/repos/To2004/helios-grid-infra-config/git/blobs/a33835db9971d364684fac8988dc5a4a35541e53"",
  ""download_url"": ""https://raw.githubusercontent.com/To2004/helios-grid-infra-config/main/README.md?token=BEGUPZHLL2V7C6TYJYLCJ5TKORXVTAA"",
  ""type"": ""file"",
  ""content"": ""# helios-grid-infra-config\n\nInfrastructure as code for the grid platform. A merge reconfigures systems inside the CIP electronic security perimeter.\n"",
  ""encoding"": ""base64"",
  ""_links"": {
    ""self"": ""https://api.github.com/repos/To2004/helios-grid-infra-config/contents/README.md?ref=main"",
    ""git"": ""https://api.github.com/repos/To2004/helios-grid-infra-config/git/blobs/a33835db9971d364684fac8988dc5a4a35541e53"",
    ""html"": ""https://github.com/To2004/helios-grid-infra-config/blob/main/README.md""
  }
}",v8_scale,false
661,2026-08-06T14:00:01,github_helios,scale@github_helios,SCALE,helios-grid-infra-config,list_commits,OK,"{""owner"": ""To2004"", ""repo"": ""helios-grid-infra-config""}","[
  {
    ""sha"": ""cdb06fc7397f0faed390ec0ba2b3c81b23c19f72"",
    ""node_id"": ""C_kwDOTm9SgNoAKGNkYjA2ZmM3Mzk3ZjBmYWVkMzkwZWMwYmEyYjNjODFiMjNjMTlmNzI"",
    ""commit"": {
      ""author"": {
        ""name"": ""To2004"",
        ""email"": ""151865316+To2004@users.noreply.github.com"",
        ""date"": ""2026-08-03T10:18:32Z""
      },
      ""committer"": {
        ""name"": ""To2004"",
        ""email"": ""151865316+To2004@users.noreply.github.com"",
        ""date"": ""2026-08-03T10:18:32Z""
      },
      ""message"": ""[mcp-scale-corpus] cleanup"",
      ""tree"": {
        ""sha"": ""d4ab354ea3d9acf7cf44d8f4e24732460ce7c4b6"",
        ""url"": ""https://api.github.com/repos/To2004/helios-grid-infra-config/git/trees/d4ab354ea3d9acf7cf44d8f4e24732460ce7c4b6""
      },
      ""url"": ""https://api.github.com/repos/To2004/helios-grid-infra-config/git/commits/cdb06fc7397f0faed390ec0ba2b3c81b23c19f72"",
      ""comment_count"": 0,
      ""verification"": {
        ""verified"": false,
        ""reason"": ""unsigned"",
        ""signature"": null,
        ""payload"": null,
        ""verified_at"": null
      }
    },
    ""url"": ""https://api.github.com/repos/To2004/helios-grid-infra-config/commits/cdb06fc7397f0faed390ec0ba2b3c81b23c19f72"",
    ""html_url"": ""https://github.com/To2004/helios-grid-infra-config/commit/cdb06fc7397f0faed390ec0ba2b3c81b23c19f72"",
    ""comments_url"": ""https://api.github.com/repos/To2004/helios-grid-infra-config/commits/cdb06fc7397f0faed390ec0ba2b3c81b23c19f72/comments"",
    ""author"": {
      ""login"": ""To2004"",
      """,v8_scale,false
662,2026-08-06T14:00:02,github_helios,scale@github_helios,SCALE,helios-grid-infra-config,list_issues,OK,"{""owner"": ""To2004"", ""repo"": ""helios-grid-infra-config"", ""state"": ""all""}","[
  {
    ""url"": ""https://api.github.com/repos/To2004/helios-grid-infra-config/issues/35"",
    ""repository_url"": ""https://api.github.com/repos/To2004/helios-grid-infra-config"",
    ""labels_url"": ""https://api.github.com/repos/To2004/helios-grid-infra-config/issues/35/labels{/name}"",
    ""comments_url"": ""https://api.github.com/repos/To2004/helios-grid-infra-config/issues/35/comments"",
    ""events_url"": ""https://api.github.com/repos/To2004/helios-grid-infra-config/issues/35/events"",
    ""html_url"": ""https://github.com/To2004/helios-grid-infra-config/issues/35"",
    ""id"": 5080624438,
    ""node_id"": ""I_kwDOTm9SgM8AAAABLtQtNg"",
    ""number"": 35,
    ""title"": ""[mcp-v8-scale] issue"",
    ""user"": {
      ""login"": ""To2004"",
      ""id"": 151865316,
      ""node_id"": ""U_kgDOCQ1H5A"",
      ""avatar_url"": ""https://avatars.githubusercontent.com/u/151865316?v=4"",
      ""gravatar_id"": """",
      ""url"": ""https://api.github.com/users/To2004"",
      ""html_url"": ""https://github.com/To2004"",
      ""followers_url"": ""https://api.github.com/users/To2004/followers"",
      ""following_url"": ""https://api.github.com/users/To2004/following{/other_user}"",
      ""gists_url"": ""https://api.github.com/users/To2004/gists{/gist_id}"",
      ""starred_url"": ""https://api.github.com/users/To2004/starred{/owner}{/repo}"",
      ""subscriptions_url"": ""https://api.github.com/users/To2004/subscriptions"",
      ""organizations_url"": ""https://api.github.com/users/To2004/orgs"",
      ""repos_url"": ""https://api.github.com/users/To200",v8_scale,false
663,2026-08-06T14:00:03,github_helios,scale@github_helios,SCALE,helios-grid-infra-config,get_issue,OK,"{""owner"": ""To2004"", ""repo"": ""helios-grid-infra-config"", ""issue_number"": 35}","{
  ""url"": ""https://api.github.com/repos/To2004/helios-grid-infra-config/issues/35"",
  ""repository_url"": ""https://api.github.com/repos/To2004/helios-grid-infra-config"",
  ""labels_url"": ""https://api.github.com/repos/To2004/helios-grid-infra-config/issues/35/labels{/name}"",
  ""comments_url"": ""https://api.github.com/repos/To2004/helios-grid-infra-config/issues/35/comments"",
  ""events_url"": ""https://api.github.com/repos/To2004/helios-grid-infra-config/issues/35/events"",
  ""html_url"": ""https://github.com/To2004/helios-grid-infra-config/issues/35"",
  ""id"": 5080624438,
  ""node_id"": ""I_kwDOTm9SgM8AAAABLtQtNg"",
  ""number"": 35,
  ""title"": ""[mcp-v8-scale] issue"",
  ""user"": {
    ""login"": ""To2004"",
    ""id"": 151865316,
    ""node_id"": ""U_kgDOCQ1H5A"",
    ""avatar_url"": ""https://avatars.githubusercontent.com/u/151865316?v=4"",
    ""gravatar_id"": """",
    ""url"": ""https://api.github.com/users/To2004"",
    ""html_url"": ""https://github.com/To2004"",
    ""followers_url"": ""https://api.github.com/users/To2004/followers"",
    ""following_url"": ""https://api.github.com/users/To2004/following{/other_user}"",
    ""gists_url"": ""https://api.github.com/users/To2004/gists{/gist_id}"",
    ""starred_url"": ""https://api.github.com/users/To2004/starred{/owner}{/repo}"",
    ""subscriptions_url"": ""https://api.github.com/users/To2004/subscriptions"",
    ""organizations_url"": ""https://api.github.com/users/To2004/orgs"",
    ""repos_url"": ""https://api.github.com/users/To2004/repos"",
    ""events_url"": ""https://api.github.com/us",v8_scale,false
664,2026-08-06T14:00:04,github_helios,scale@github_helios,SCALE,helios-grid-infra-config,get_issue,OK,"{""owner"": ""To2004"", ""repo"": ""helios-grid-infra-config"", ""issue_number"": 34}","{
  ""url"": ""https://api.github.com/repos/To2004/helios-grid-infra-config/issues/34"",
  ""repository_url"": ""https://api.github.com/repos/To2004/helios-grid-infra-config"",
  ""labels_url"": ""https://api.github.com/repos/To2004/helios-grid-infra-config/issues/34/labels{/name}"",
  ""comments_url"": ""https://api.github.com/repos/To2004/helios-grid-infra-config/issues/34/comments"",
  ""events_url"": ""https://api.github.com/repos/To2004/helios-grid-infra-config/issues/34/events"",
  ""html_url"": ""https://github.com/To2004/helios-grid-infra-config/pull/34"",
  ""id"": 5080623680,
  ""node_id"": ""PR_kwDOTm9SgM77jm_U"",
  ""number"": 34,
  ""title"": ""[mcp-v8-scale] PR"",
  ""user"": {
    ""login"": ""To2004"",
    ""id"": 151865316,
    ""node_id"": ""U_kgDOCQ1H5A"",
    ""avatar_url"": ""https://avatars.githubusercontent.com/u/151865316?v=4"",
    ""gravatar_id"": """",
    ""url"": ""https://api.github.com/users/To2004"",
    ""html_url"": ""https://github.com/To2004"",
    ""followers_url"": ""https://api.github.com/users/To2004/followers"",
    ""following_url"": ""https://api.github.com/users/To2004/following{/other_user}"",
    ""gists_url"": ""https://api.github.com/users/To2004/gists{/gist_id}"",
    ""starred_url"": ""https://api.github.com/users/To2004/starred{/owner}{/repo}"",
    ""subscriptions_url"": ""https://api.github.com/users/To2004/subscriptions"",
    ""organizations_url"": ""https://api.github.com/users/To2004/orgs"",
    ""repos_url"": ""https://api.github.com/users/To2004/repos"",
    ""events_url"": ""https://api.github.com/users/To2004",v8_scale,false
665,2026-08-06T14:00:05,github_helios,scale@github_helios,SCALE,helios-grid-infra-config,list_pull_requests,OK,"{""owner"": ""To2004"", ""repo"": ""helios-grid-infra-config"", ""state"": ""all""}","[
  {
    ""url"": ""https://api.github.com/repos/To2004/helios-grid-infra-config/pulls/34"",
    ""id"": 4220415956,
    ""node_id"": ""PR_kwDOTm9SgM77jm_U"",
    ""html_url"": ""https://github.com/To2004/helios-grid-infra-config/pull/34"",
    ""diff_url"": ""https://github.com/To2004/helios-grid-infra-config/pull/34.diff"",
    ""patch_url"": ""https://github.com/To2004/helios-grid-infra-config/pull/34.patch"",
    ""issue_url"": ""https://api.github.com/repos/To2004/helios-grid-infra-config/issues/34"",
    ""number"": 34,
    ""state"": ""closed"",
    ""locked"": false,
    ""title"": ""[mcp-v8-scale] PR"",
    ""user"": {
      ""login"": ""To2004"",
      ""id"": 151865316,
      ""avatar_url"": ""https://avatars.githubusercontent.com/u/151865316?v=4"",
      ""url"": ""https://api.github.com/users/To2004"",
      ""html_url"": ""https://github.com/To2004""
    },
    ""body"": ""[mcp-v8-scale]"",
    ""created_at"": ""2026-08-06T11:22:19Z"",
    ""updated_at"": ""2026-08-06T11:22:29Z"",
    ""closed_at"": ""2026-08-06T11:22:24Z"",
    ""merged_at"": ""2026-08-06T11:22:24Z"",
    ""merge_commit_sha"": ""ea48d68a58a08157b4b39ddde081b6eda4a32deb"",
    ""assignee"": null,
    ""assignees"": [],
    ""requested_reviewers"": [],
    ""labels"": [],
    ""head"": {
      ""label"": ""To2004:scale/2026-08-06-helios-g"",
      ""ref"": ""scale/2026-08-06-helios-g"",
      ""sha"": ""266aa3c953ff7d097872c306d96a30b9f0950033"",
      ""user"": {
        ""login"": ""To2004"",
        ""id"": 151865316,
        ""avatar_url"": ""https://avatars.githubusercontent.com/u/151865316?v=4"",
      ",v8_scale,false
666,2026-08-06T14:00:06,github_helios,scale@github_helios,SCALE,helios-grid-infra-config,get_pull_request,OK,"{""owner"": ""To2004"", ""repo"": ""helios-grid-infra-config"", ""pull_number"": 34}","{
  ""url"": ""https://api.github.com/repos/To2004/helios-grid-infra-config/pulls/34"",
  ""id"": 4220415956,
  ""node_id"": ""PR_kwDOTm9SgM77jm_U"",
  ""html_url"": ""https://github.com/To2004/helios-grid-infra-config/pull/34"",
  ""diff_url"": ""https://github.com/To2004/helios-grid-infra-config/pull/34.diff"",
  ""patch_url"": ""https://github.com/To2004/helios-grid-infra-config/pull/34.patch"",
  ""issue_url"": ""https://api.github.com/repos/To2004/helios-grid-infra-config/issues/34"",
  ""number"": 34,
  ""state"": ""closed"",
  ""locked"": false,
  ""title"": ""[mcp-v8-scale] PR"",
  ""user"": {
    ""login"": ""To2004"",
    ""id"": 151865316,
    ""avatar_url"": ""https://avatars.githubusercontent.com/u/151865316?v=4"",
    ""url"": ""https://api.github.com/users/To2004"",
    ""html_url"": ""https://github.com/To2004""
  },
  ""body"": ""[mcp-v8-scale]"",
  ""created_at"": ""2026-08-06T11:22:19Z"",
  ""updated_at"": ""2026-08-06T11:22:29Z"",
  ""closed_at"": ""2026-08-06T11:22:24Z"",
  ""merged_at"": ""2026-08-06T11:22:24Z"",
  ""merge_commit_sha"": ""ea48d68a58a08157b4b39ddde081b6eda4a32deb"",
  ""assignee"": null,
  ""assignees"": [],
  ""requested_reviewers"": [],
  ""labels"": [],
  ""head"": {
    ""label"": ""To2004:scale/2026-08-06-helios-g"",
    ""ref"": ""scale/2026-08-06-helios-g"",
    ""sha"": ""266aa3c953ff7d097872c306d96a30b9f0950033"",
    ""user"": {
      ""login"": ""To2004"",
      ""id"": 151865316,
      ""avatar_url"": ""https://avatars.githubusercontent.com/u/151865316?v=4"",
      ""url"": ""https://api.github.com/users/To2004"",
      ""html_url"": ""https://git",v8_scale,false
667,2026-08-06T14:00:07,github_helios,scale@github_helios,SCALE,helios-grid-infra-config,get_pull_request_files,OK,"{""owner"": ""To2004"", ""repo"": ""helios-grid-infra-config"", ""pull_number"": 34}","[
  {
    ""sha"": ""ca5f323e964e66f2308a25f5ab94f6fb836018d9"",
    ""filename"": ""scale-2026-08-06-b.md"",
    ""status"": ""added"",
    ""additions"": 1,
    ""deletions"": 0,
    ""changes"": 1,
    ""blob_url"": ""https://github.com/To2004/helios-grid-infra-config/blob/266aa3c953ff7d097872c306d96a30b9f0950033/scale-2026-08-06-b.md"",
    ""raw_url"": ""https://github.com/To2004/helios-grid-infra-config/raw/266aa3c953ff7d097872c306d96a30b9f0950033/scale-2026-08-06-b.md"",
    ""contents_url"": ""https://api.github.com/repos/To2004/helios-grid-infra-config/contents/scale-2026-08-06-b.md?ref=266aa3c953ff7d097872c306d96a30b9f0950033"",
    ""patch"": ""@@ -0,0 +1 @@\n+[mcp-v8-scale]""
  },
  {
    ""sha"": ""ca5f323e964e66f2308a25f5ab94f6fb836018d9"",
    ""filename"": ""scale-2026-08-06.md"",
    ""status"": ""added"",
    ""additions"": 1,
    ""deletions"": 0,
    ""changes"": 1,
    ""blob_url"": ""https://github.com/To2004/helios-grid-infra-config/blob/266aa3c953ff7d097872c306d96a30b9f0950033/scale-2026-08-06.md"",
    ""raw_url"": ""https://github.com/To2004/helios-grid-infra-config/raw/266aa3c953ff7d097872c306d96a30b9f0950033/scale-2026-08-06.md"",
    ""contents_url"": ""https://api.github.com/repos/To2004/helios-grid-infra-config/contents/scale-2026-08-06.md?ref=266aa3c953ff7d097872c306d96a30b9f0950033"",
    ""patch"": ""@@ -0,0 +1 @@\n+[mcp-v8-scale]""
  }
]",v8_scale,false
668,2026-08-06T14:00:08,github_helios,scale@github_helios,SCALE,helios-grid-infra-config,get_pull_request_status,OK,"{""owner"": ""To2004"", ""repo"": ""helios-grid-infra-config"", ""pull_number"": 34}","{
  ""state"": ""pending"",
  ""statuses"": [],
  ""sha"": ""266aa3c953ff7d097872c306d96a30b9f0950033"",
  ""total_count"": 0
}",v8_scale,false
669,2026-08-06T14:00:09,github_helios,scale@github_helios,SCALE,helios-grid-infra-config,get_pull_request_comments,OK,"{""owner"": ""To2004"", ""repo"": ""helios-grid-infra-config"", ""pull_number"": 34}",[],v8_scale,false
670,2026-08-06T14:00:10,github_helios,scale@github_helios,SCALE,helios-grid-infra-config,get_pull_request_reviews,OK,"{""owner"": ""To2004"", ""repo"": ""helios-grid-infra-config"", ""pull_number"": 34}","[
  {
    ""id"": 4874078782,
    ""node_id"": ""PRR_kwDOTm9SgM8AAAABIoSKPg"",
    ""user"": {
      ""login"": ""To2004"",
      ""id"": 151865316,
      ""avatar_url"": ""https://avatars.githubusercontent.com/u/151865316?v=4"",
      ""url"": ""https://api.github.com/users/To2004"",
      ""html_url"": ""https://github.com/To2004""
    },
    ""body"": ""[mcp-v8-scale] review"",
    ""state"": ""COMMENTED"",
    ""html_url"": ""https://github.com/To2004/helios-grid-infra-config/pull/34#pullrequestreview-4874078782"",
    ""pull_request_url"": ""https://api.github.com/repos/To2004/helios-grid-infra-config/pulls/34"",
    ""commit_id"": ""266aa3c953ff7d097872c306d96a30b9f0950033"",
    ""submitted_at"": ""2026-08-06T11:22:21Z"",
    ""author_association"": ""OWNER""
  }
]",v8_scale,false
671,2026-08-06T14:00:11,github_helios,scale@github_helios,SCALE,code-records,search_code,OK,"{""q"": ""repo:To2004/helios-grid-infra-config update""}","{
  ""total_count"": 0,
  ""incomplete_results"": false,
  ""items"": []
}",v8_scale,false
672,2026-08-06T14:00:12,github_helios,scale@github_helios,SCALE,helios-ot-runbooks,get_file_contents,OK,"{""owner"": ""To2004"", ""repo"": ""helios-ot-runbooks"", ""path"": ""README.md""}","{
  ""name"": ""README.md"",
  ""path"": ""README.md"",
  ""sha"": ""3246cf176dea88e843e519222b375ad4eedbfec9"",
  ""size"": 127,
  ""url"": ""https://api.github.com/repos/To2004/helios-ot-runbooks/contents/README.md?ref=main"",
  ""html_url"": ""https://github.com/To2004/helios-ot-runbooks/blob/main/README.md"",
  ""git_url"": ""https://api.github.com/repos/To2004/helios-ot-runbooks/git/blobs/3246cf176dea88e843e519222b375ad4eedbfec9"",
  ""download_url"": ""https://raw.githubusercontent.com/To2004/helios-ot-runbooks/main/README.md?token=BEGUPZGHW6S6GKPLLOOHUFTKORXWBAA"",
  ""type"": ""file"",
  ""content"": ""# helios-ot-runbooks\n\nOperational runbooks for the OT estate: switching procedures, patch windows and CIP evidence collection.\n"",
  ""encoding"": ""base64"",
  ""_links"": {
    ""self"": ""https://api.github.com/repos/To2004/helios-ot-runbooks/contents/README.md?ref=main"",
    ""git"": ""https://api.github.com/repos/To2004/helios-ot-runbooks/git/blobs/3246cf176dea88e843e519222b375ad4eedbfec9"",
    ""html"": ""https://github.com/To2004/helios-ot-runbooks/blob/main/README.md""
  }
}",v8_scale,false
673,2026-08-06T14:00:13,github_helios,scale@github_helios,SCALE,helios-ot-runbooks,list_commits,OK,"{""owner"": ""To2004"", ""repo"": ""helios-ot-runbooks""}","[
  {
    ""sha"": ""f910bef8e06b9ae9150312901f38a541a8add88e"",
    ""node_id"": ""C_kwDOTm9S9doAKGY5MTBiZWY4ZTA2YjlhZTkxNTAzMTI5MDFmMzhhNTQxYThhZGQ4OGU"",
    ""commit"": {
      ""author"": {
        ""name"": ""To2004"",
        ""email"": ""151865316+To2004@users.noreply.github.com"",
        ""date"": ""2026-07-29T09:02:50Z""
      },
      ""committer"": {
        ""name"": ""To2004"",
        ""email"": ""151865316+To2004@users.noreply.github.com"",
        ""date"": ""2026-07-29T09:02:50Z""
      },
      ""message"": ""Add runbooks/cip-007-patching.md"",
      ""tree"": {
        ""sha"": ""9abb30376d0cb68b1c35f46b97b208a91a601c22"",
        ""url"": ""https://api.github.com/repos/To2004/helios-ot-runbooks/git/trees/9abb30376d0cb68b1c35f46b97b208a91a601c22""
      },
      ""url"": ""https://api.github.com/repos/To2004/helios-ot-runbooks/git/commits/f910bef8e06b9ae9150312901f38a541a8add88e"",
      ""comment_count"": 0,
      ""verification"": {
        ""verified"": false,
        ""reason"": ""unsigned"",
        ""signature"": null,
        ""payload"": null,
        ""verified_at"": null
      }
    },
    ""url"": ""https://api.github.com/repos/To2004/helios-ot-runbooks/commits/f910bef8e06b9ae9150312901f38a541a8add88e"",
    ""html_url"": ""https://github.com/To2004/helios-ot-runbooks/commit/f910bef8e06b9ae9150312901f38a541a8add88e"",
    ""comments_url"": ""https://api.github.com/repos/To2004/helios-ot-runbooks/commits/f910bef8e06b9ae9150312901f38a541a8add88e/comments"",
    ""author"": {
      ""login"": ""To2004"",
      ""id"": 151865316,
      ""n",v8_scale,false
674,2026-08-06T14:00:14,github_helios,scale@github_helios,SCALE,helios-ot-runbooks,list_issues,OK,"{""owner"": ""To2004"", ""repo"": ""helios-ot-runbooks"", ""state"": ""all""}","[
  {
    ""url"": ""https://api.github.com/repos/To2004/helios-ot-runbooks/issues/10"",
    ""repository_url"": ""https://api.github.com/repos/To2004/helios-ot-runbooks"",
    ""labels_url"": ""https://api.github.com/repos/To2004/helios-ot-runbooks/issues/10/labels{/name}"",
    ""comments_url"": ""https://api.github.com/repos/To2004/helios-ot-runbooks/issues/10/comments"",
    ""events_url"": ""https://api.github.com/repos/To2004/helios-ot-runbooks/issues/10/events"",
    ""html_url"": ""https://github.com/To2004/helios-ot-runbooks/issues/10"",
    ""id"": 5080626479,
    ""node_id"": ""I_kwDOTm9S9c8AAAABLtQ1Lw"",
    ""number"": 10,
    ""title"": ""[mcp-v8-scale] issue"",
    ""user"": {
      ""login"": ""To2004"",
      ""id"": 151865316,
      ""node_id"": ""U_kgDOCQ1H5A"",
      ""avatar_url"": ""https://avatars.githubusercontent.com/u/151865316?v=4"",
      ""gravatar_id"": """",
      ""url"": ""https://api.github.com/users/To2004"",
      ""html_url"": ""https://github.com/To2004"",
      ""followers_url"": ""https://api.github.com/users/To2004/followers"",
      ""following_url"": ""https://api.github.com/users/To2004/following{/other_user}"",
      ""gists_url"": ""https://api.github.com/users/To2004/gists{/gist_id}"",
      ""starred_url"": ""https://api.github.com/users/To2004/starred{/owner}{/repo}"",
      ""subscriptions_url"": ""https://api.github.com/users/To2004/subscriptions"",
      ""organizations_url"": ""https://api.github.com/users/To2004/orgs"",
      ""repos_url"": ""https://api.github.com/users/To2004/repos"",
      ""events_url"": ""https",v8_scale,false
675,2026-08-06T14:00:15,github_helios,scale@github_helios,SCALE,helios-ot-runbooks,get_issue,OK,"{""owner"": ""To2004"", ""repo"": ""helios-ot-runbooks"", ""issue_number"": 10}","{
  ""url"": ""https://api.github.com/repos/To2004/helios-ot-runbooks/issues/10"",
  ""repository_url"": ""https://api.github.com/repos/To2004/helios-ot-runbooks"",
  ""labels_url"": ""https://api.github.com/repos/To2004/helios-ot-runbooks/issues/10/labels{/name}"",
  ""comments_url"": ""https://api.github.com/repos/To2004/helios-ot-runbooks/issues/10/comments"",
  ""events_url"": ""https://api.github.com/repos/To2004/helios-ot-runbooks/issues/10/events"",
  ""html_url"": ""https://github.com/To2004/helios-ot-runbooks/issues/10"",
  ""id"": 5080626479,
  ""node_id"": ""I_kwDOTm9S9c8AAAABLtQ1Lw"",
  ""number"": 10,
  ""title"": ""[mcp-v8-scale] issue"",
  ""user"": {
    ""login"": ""To2004"",
    ""id"": 151865316,
    ""node_id"": ""U_kgDOCQ1H5A"",
    ""avatar_url"": ""https://avatars.githubusercontent.com/u/151865316?v=4"",
    ""gravatar_id"": """",
    ""url"": ""https://api.github.com/users/To2004"",
    ""html_url"": ""https://github.com/To2004"",
    ""followers_url"": ""https://api.github.com/users/To2004/followers"",
    ""following_url"": ""https://api.github.com/users/To2004/following{/other_user}"",
    ""gists_url"": ""https://api.github.com/users/To2004/gists{/gist_id}"",
    ""starred_url"": ""https://api.github.com/users/To2004/starred{/owner}{/repo}"",
    ""subscriptions_url"": ""https://api.github.com/users/To2004/subscriptions"",
    ""organizations_url"": ""https://api.github.com/users/To2004/orgs"",
    ""repos_url"": ""https://api.github.com/users/To2004/repos"",
    ""events_url"": ""https://api.github.com/users/To2004/events{/privacy}"",
    ""r",v8_scale,false
676,2026-08-06T14:00:16,github_helios,scale@github_helios,SCALE,helios-ot-runbooks,get_issue,OK,"{""owner"": ""To2004"", ""repo"": ""helios-ot-runbooks"", ""issue_number"": 9}","{
  ""url"": ""https://api.github.com/repos/To2004/helios-ot-runbooks/issues/9"",
  ""repository_url"": ""https://api.github.com/repos/To2004/helios-ot-runbooks"",
  ""labels_url"": ""https://api.github.com/repos/To2004/helios-ot-runbooks/issues/9/labels{/name}"",
  ""comments_url"": ""https://api.github.com/repos/To2004/helios-ot-runbooks/issues/9/comments"",
  ""events_url"": ""https://api.github.com/repos/To2004/helios-ot-runbooks/issues/9/events"",
  ""html_url"": ""https://github.com/To2004/helios-ot-runbooks/pull/9"",
  ""id"": 5080625768,
  ""node_id"": ""PR_kwDOTm9S9c77jnbL"",
  ""number"": 9,
  ""title"": ""[mcp-v8-scale] PR"",
  ""user"": {
    ""login"": ""To2004"",
    ""id"": 151865316,
    ""node_id"": ""U_kgDOCQ1H5A"",
    ""avatar_url"": ""https://avatars.githubusercontent.com/u/151865316?v=4"",
    ""gravatar_id"": """",
    ""url"": ""https://api.github.com/users/To2004"",
    ""html_url"": ""https://github.com/To2004"",
    ""followers_url"": ""https://api.github.com/users/To2004/followers"",
    ""following_url"": ""https://api.github.com/users/To2004/following{/other_user}"",
    ""gists_url"": ""https://api.github.com/users/To2004/gists{/gist_id}"",
    ""starred_url"": ""https://api.github.com/users/To2004/starred{/owner}{/repo}"",
    ""subscriptions_url"": ""https://api.github.com/users/To2004/subscriptions"",
    ""organizations_url"": ""https://api.github.com/users/To2004/orgs"",
    ""repos_url"": ""https://api.github.com/users/To2004/repos"",
    ""events_url"": ""https://api.github.com/users/To2004/events{/privacy}"",
    ""received_events_u",v8_scale,false
677,2026-08-06T14:00:17,github_helios,scale@github_helios,SCALE,helios-ot-runbooks,list_pull_requests,OK,"{""owner"": ""To2004"", ""repo"": ""helios-ot-runbooks"", ""state"": ""all""}","[
  {
    ""url"": ""https://api.github.com/repos/To2004/helios-ot-runbooks/pulls/9"",
    ""id"": 4220417739,
    ""node_id"": ""PR_kwDOTm9S9c77jnbL"",
    ""html_url"": ""https://github.com/To2004/helios-ot-runbooks/pull/9"",
    ""diff_url"": ""https://github.com/To2004/helios-ot-runbooks/pull/9.diff"",
    ""patch_url"": ""https://github.com/To2004/helios-ot-runbooks/pull/9.patch"",
    ""issue_url"": ""https://api.github.com/repos/To2004/helios-ot-runbooks/issues/9"",
    ""number"": 9,
    ""state"": ""closed"",
    ""locked"": false,
    ""title"": ""[mcp-v8-scale] PR"",
    ""user"": {
      ""login"": ""To2004"",
      ""id"": 151865316,
      ""avatar_url"": ""https://avatars.githubusercontent.com/u/151865316?v=4"",
      ""url"": ""https://api.github.com/users/To2004"",
      ""html_url"": ""https://github.com/To2004""
    },
    ""body"": ""[mcp-v8-scale]"",
    ""created_at"": ""2026-08-06T11:22:37Z"",
    ""updated_at"": ""2026-08-06T11:22:47Z"",
    ""closed_at"": ""2026-08-06T11:22:42Z"",
    ""merged_at"": ""2026-08-06T11:22:42Z"",
    ""merge_commit_sha"": ""e42c69e9d9561173cbe35c803d1e6504e2bb9524"",
    ""assignee"": null,
    ""assignees"": [],
    ""requested_reviewers"": [],
    ""labels"": [],
    ""head"": {
      ""label"": ""To2004:scale/2026-08-06-helios-o"",
      ""ref"": ""scale/2026-08-06-helios-o"",
      ""sha"": ""3781be7127b208d4ec3f298b16a559d21f92c855"",
      ""user"": {
        ""login"": ""To2004"",
        ""id"": 151865316,
        ""avatar_url"": ""https://avatars.githubusercontent.com/u/151865316?v=4"",
        ""url"": ""https://api.github.com/use",v8_scale,false
678,2026-08-06T14:00:18,github_helios,scale@github_helios,SCALE,helios-ot-runbooks,get_pull_request,OK,"{""owner"": ""To2004"", ""repo"": ""helios-ot-runbooks"", ""pull_number"": 9}","{
  ""url"": ""https://api.github.com/repos/To2004/helios-ot-runbooks/pulls/9"",
  ""id"": 4220417739,
  ""node_id"": ""PR_kwDOTm9S9c77jnbL"",
  ""html_url"": ""https://github.com/To2004/helios-ot-runbooks/pull/9"",
  ""diff_url"": ""https://github.com/To2004/helios-ot-runbooks/pull/9.diff"",
  ""patch_url"": ""https://github.com/To2004/helios-ot-runbooks/pull/9.patch"",
  ""issue_url"": ""https://api.github.com/repos/To2004/helios-ot-runbooks/issues/9"",
  ""number"": 9,
  ""state"": ""closed"",
  ""locked"": false,
  ""title"": ""[mcp-v8-scale] PR"",
  ""user"": {
    ""login"": ""To2004"",
    ""id"": 151865316,
    ""avatar_url"": ""https://avatars.githubusercontent.com/u/151865316?v=4"",
    ""url"": ""https://api.github.com/users/To2004"",
    ""html_url"": ""https://github.com/To2004""
  },
  ""body"": ""[mcp-v8-scale]"",
  ""created_at"": ""2026-08-06T11:22:37Z"",
  ""updated_at"": ""2026-08-06T11:22:47Z"",
  ""closed_at"": ""2026-08-06T11:22:42Z"",
  ""merged_at"": ""2026-08-06T11:22:42Z"",
  ""merge_commit_sha"": ""e42c69e9d9561173cbe35c803d1e6504e2bb9524"",
  ""assignee"": null,
  ""assignees"": [],
  ""requested_reviewers"": [],
  ""labels"": [],
  ""head"": {
    ""label"": ""To2004:scale/2026-08-06-helios-o"",
    ""ref"": ""scale/2026-08-06-helios-o"",
    ""sha"": ""3781be7127b208d4ec3f298b16a559d21f92c855"",
    ""user"": {
      ""login"": ""To2004"",
      ""id"": 151865316,
      ""avatar_url"": ""https://avatars.githubusercontent.com/u/151865316?v=4"",
      ""url"": ""https://api.github.com/users/To2004"",
      ""html_url"": ""https://github.com/To2004""
    },
    ""repo"": {",v8_scale,false
679,2026-08-06T14:00:19,github_helios,scale@github_helios,SCALE,helios-ot-runbooks,get_pull_request_files,OK,"{""owner"": ""To2004"", ""repo"": ""helios-ot-runbooks"", ""pull_number"": 9}","[
  {
    ""sha"": ""ca5f323e964e66f2308a25f5ab94f6fb836018d9"",
    ""filename"": ""scale-2026-08-06-b.md"",
    ""status"": ""added"",
    ""additions"": 1,
    ""deletions"": 0,
    ""changes"": 1,
    ""blob_url"": ""https://github.com/To2004/helios-ot-runbooks/blob/3781be7127b208d4ec3f298b16a559d21f92c855/scale-2026-08-06-b.md"",
    ""raw_url"": ""https://github.com/To2004/helios-ot-runbooks/raw/3781be7127b208d4ec3f298b16a559d21f92c855/scale-2026-08-06-b.md"",
    ""contents_url"": ""https://api.github.com/repos/To2004/helios-ot-runbooks/contents/scale-2026-08-06-b.md?ref=3781be7127b208d4ec3f298b16a559d21f92c855"",
    ""patch"": ""@@ -0,0 +1 @@\n+[mcp-v8-scale]""
  },
  {
    ""sha"": ""ca5f323e964e66f2308a25f5ab94f6fb836018d9"",
    ""filename"": ""scale-2026-08-06.md"",
    ""status"": ""added"",
    ""additions"": 1,
    ""deletions"": 0,
    ""changes"": 1,
    ""blob_url"": ""https://github.com/To2004/helios-ot-runbooks/blob/3781be7127b208d4ec3f298b16a559d21f92c855/scale-2026-08-06.md"",
    ""raw_url"": ""https://github.com/To2004/helios-ot-runbooks/raw/3781be7127b208d4ec3f298b16a559d21f92c855/scale-2026-08-06.md"",
    ""contents_url"": ""https://api.github.com/repos/To2004/helios-ot-runbooks/contents/scale-2026-08-06.md?ref=3781be7127b208d4ec3f298b16a559d21f92c855"",
    ""patch"": ""@@ -0,0 +1 @@\n+[mcp-v8-scale]""
  }
]",v8_scale,false
680,2026-08-06T14:00:20,github_helios,scale@github_helios,SCALE,helios-ot-runbooks,get_pull_request_status,OK,"{""owner"": ""To2004"", ""repo"": ""helios-ot-runbooks"", ""pull_number"": 9}","{
  ""state"": ""pending"",
  ""statuses"": [],
  ""sha"": ""3781be7127b208d4ec3f298b16a559d21f92c855"",
  ""total_count"": 0
}",v8_scale,false
681,2026-08-06T14:00:21,github_helios,scale@github_helios,SCALE,helios-ot-runbooks,get_pull_request_comments,OK,"{""owner"": ""To2004"", ""repo"": ""helios-ot-runbooks"", ""pull_number"": 9}",[],v8_scale,false
682,2026-08-06T14:00:22,github_helios,scale@github_helios,SCALE,helios-ot-runbooks,get_pull_request_reviews,OK,"{""owner"": ""To2004"", ""repo"": ""helios-ot-runbooks"", ""pull_number"": 9}","[
  {
    ""id"": 4874080625,
    ""node_id"": ""PRR_kwDOTm9S9c8AAAABIoSRcQ"",
    ""user"": {
      ""login"": ""To2004"",
      ""id"": 151865316,
      ""avatar_url"": ""https://avatars.githubusercontent.com/u/151865316?v=4"",
      ""url"": ""https://api.github.com/users/To2004"",
      ""html_url"": ""https://github.com/To2004""
    },
    ""body"": ""[mcp-v8-scale] review"",
    ""state"": ""COMMENTED"",
    ""html_url"": ""https://github.com/To2004/helios-ot-runbooks/pull/9#pullrequestreview-4874080625"",
    ""pull_request_url"": ""https://api.github.com/repos/To2004/helios-ot-runbooks/pulls/9"",
    ""commit_id"": ""3781be7127b208d4ec3f298b16a559d21f92c855"",
    ""submitted_at"": ""2026-08-06T11:22:39Z"",
    ""author_association"": ""OWNER""
  }
]",v8_scale,false
683,2026-08-06T14:00:23,github_helios,scale@github_helios,SCALE,code-records,search_code,OK,"{""q"": ""repo:To2004/helios-ot-runbooks update""}","{
  ""total_count"": 0,
  ""incomplete_results"": false,
  ""items"": []
}",v8_scale,false
684,2026-08-06T14:00:24,slack_vireo,scale@slack_vireo,SCALE,channel-directory,channels_list,OK,"{""channel_types"": ""public_channel"", ""limit"": 100}","ID,Name,Topic,Purpose,MemberCount,Cursor
C0BLK69C18A,#aurora-crew-scheduling,,""Crew rostering, duty-time limits and standby assignments"",1,
C0BL3QZDQJ3,#vireo-safety-pv,,Pharmacovigilance: adverse-event intake and expedited reporting,1,
C0B41V8HW2U,#new-channel,,""This channel is for everything #new-channel. Hold meetings, share docs and make decisions together with your team."",1,
C0BL3QXV687,#helios-ot-security,,OT/ICS security operations for NERC CIP cyber systems,1,
C0BL3QYAS95,#helios-announcements,,Company-wide announcements for Helios Grid,1,
C0BL3QYNT39,#vireo-trial-ops,,Clinical trial operations across active study sites,1,
C0BLCUQP4LT,#vireo-lab-informatics,,""Lab data pipelines, assay results and biostatistics"",1,
C0BLCULJ28K,#aurora-flight-ops,,Aurora Airways live flight operations and dispatch coordination,1,
C0BLCUN8GE7,#aurora-eng-systems,,Engineering chatter for the flight-ops and rostering platforms,1,
C0BLCUNRZPD,#helios-grid-control,,Control-room dispatch traffic for the transmission network,1,
C0B3B99GG4C,#all-mcp,,""Share announcements and updates about company news, upcoming events or teammates who deserve some kudos. ⭐"",1,
C0BLCUQA26P,#vireo-regulatory-fda,,FDA and EMA submission coordination and agency correspondence,1,
C0BLK6EAUAE,#helios-outage-bridge,,Live outage and restoration incident bridge,1,
C0BLK6CPECA,#aurora-revenue-mgmt,,""Yield management, fare filings and unannounced route economics"",1,
C0BLK6CTQ8J,#aurora-announcements,,Company-wide announce",v8_scale,false
685,2026-08-06T14:00:25,slack_vireo,scale@slack_vireo,SCALE,agent-channel-membership,channels_me,OK,{},"ID,Name,Topic,Purpose,MemberCount,Cursor
C0B319Q9L7M,#social,,Other channels are for work. This one’s just for fun. Get to know your teammates and show your lighter side. 🎈,0,
C0B3B99GG4C,#all-mcp,,""Share announcements and updates about company news, upcoming events or teammates who deserve some kudos. ⭐"",0,
C0B41V8HW2U,#new-channel,,""This channel is for everything #new-channel. Hold meetings, share docs and make decisions together with your team."",0,
C0BL3QXV687,#helios-ot-security,,OT/ICS security operations for NERC CIP cyber systems,0,
C0BL3QYAS95,#helios-announcements,,Company-wide announcements for Helios Grid,0,
C0BL3QYNT39,#vireo-trial-ops,,Clinical trial operations across active study sites,0,
C0BL3QZDQJ3,#vireo-safety-pv,,Pharmacovigilance: adverse-event intake and expedited reporting,0,
C0BLCULJ28K,#aurora-flight-ops,,Aurora Airways live flight operations and dispatch coordination,0,
C0BLCUN8GE7,#aurora-eng-systems,,Engineering chatter for the flight-ops and rostering platforms,0,
C0BLCUNRZPD,#helios-grid-control,,Control-room dispatch traffic for the transmission network,0,
C0BLCUQA26P,#vireo-regulatory-fda,,FDA and EMA submission coordination and agency correspondence,0,
C0BLCUQP4LT,#vireo-lab-informatics,,""Lab data pipelines, assay results and biostatistics"",0,
C0BLK69C18A,#aurora-crew-scheduling,,""Crew rostering, duty-time limits and standby assignments"",0,
C0BLK6CPECA,#aurora-revenue-mgmt,,""Yield management, fare filings and unannounced route economics"",0,
C0B",v8_scale,false
686,2026-08-06T14:00:26,slack_vireo,scale@slack_vireo,SCALE,usergroup-directory,usergroups_list,OK,{},"id,name,handle,description,user_count,is_external,date_create,date_update
",v8_scale,false
687,2026-08-06T14:00:27,slack_vireo,scale@slack_vireo,SCALE,usergroup-membership,usergroups_me,OK,"{""action"": ""list""}","id,name,handle,description,user_count,is_external,date_create,date_update
",v8_scale,false
688,2026-08-06T14:00:28,slack_vireo,scale@slack_vireo,SCALE,user-directory,users_search,OK,"{""query"": ""test"", ""limit"": 5}","UserID,UserName,RealName,DisplayName,Email,Title,DMChannelID
U0B319PQ5PV,test1mcpsserver,testtesting1,,,,D0B39HCATNV
",v8_scale,false
689,2026-08-06T14:00:29,slack_vireo,scale@slack_vireo,SCALE,vireo-eng-platform,conversations_add_message,OK,"{""channel_id"": ""C0BLM4FBFED"", ""content_type"": ""text/plain"", ""text"": ""[mcp-v8-scale] coverage probe""}",Successfully posted message to channel C0BLM4FBFED (ts=1786015535.220879),v8_scale,false
690,2026-08-06T14:00:30,slack_vireo,scale@slack_vireo,SCALE,agent-channel-membership,conversations_join,OK,"{""channel_id"": ""C0BLM4FBFED""}",Successfully joined C0BLM4FBFED,v8_scale,false
691,2026-08-06T14:00:31,slack_vireo,scale@slack_vireo,SCALE,read-markers,conversations_mark,ERROR,"{""channel_id"": ""C0BLM4FBFED""}","by default, the conversations_mark tool is disabled to prevent accidental marking of messages as read. To enable it, set the SLACK_MCP_MARK_TOOL environment variable to true or 1, e.g. 'SLACK_MCP_MARK_TOOL=true'",v8_scale,false
692,2026-08-06T14:00:32,slack_vireo,scale@slack_vireo,CLEANUP,agent-channel-membership,conversations_leave,OK,"{""channel_id"": ""C0BLM4FBFED""}",Successfully left C0BLM4FBFED,v8_scale,false
693,2026-08-06T14:00:33,slack_vireo,scale@slack_vireo,SCALE,usergroup-membership,usergroups_create,ERROR,"{""name"": ""[mcp-v8-scale] temp"", ""handle"": ""mcp-scale-20260806"", ""description"": ""[mcp-v8-scale] throwaway""}",paid_teams_only,v8_scale,false
694,2026-08-06T14:00:34,slack_vireo,scale@slack_vireo,SCALE,vireo-safety-pv,conversations_history,OK,"{""channel_id"": ""C0BL3QZDQJ3"", ""limit"": 5}","MsgID,UserID,UserName,RealName,Channel,ThreadTs,Text,Time,Permalink,Reactions,BotName,FileCount,AttachmentIDs,HasMedia,Cursor
1785315335.122589,U0B319PQ5PV,test1mcpsserver,testtesting1,C0BL3QZDQJ3,,Two additional AEs coded this morning; narrative drafts are with medical review. Subject-level data stays inside this channel.,2026-07-29T08:55:35Z,,,mcp_token_app_working,0,,false,
1785315334.898829,U0B319PQ5PV,test1mcpsserver,testtesting1,C0BL3QZDQJ3,,""Expedited report due: SAE from site 118, hospitalisation, possibly related. Subject VB204-0119, day 34 on study drug. Fifteen-day clock is running."",2026-07-29T08:55:34Z,,,mcp_token_app_working,0,,false,
",v8_scale,false
695,2026-08-06T14:00:35,slack_vireo,scale@slack_vireo,SCALE,vireo-safety-pv,conversations_search_messages,OK,"{""filter_in_channel"": ""C0BL3QZDQJ3"", ""search_query"": ""review"", ""limit"": 5}","MsgID,UserID,UserName,RealName,Channel,ThreadTs,Text,Time,Permalink,Reactions,BotName,FileCount,AttachmentIDs,HasMedia,Cursor
1785315335.122589,U0B319PQ5PV,test1mcpsserver,testtesting1,C0BL3QZDQJ3 (#vireo-safety-pv),,Two additional AEs coded this morning; narrative drafts are with medical review. Subject-level data stays inside this channel.,2026-07-29T08:55:35Z,https://mcp-cta7704.slack.com/archives/C0BL3QZDQJ3/p1785315335122589,,,0,,false,
",v8_scale,false
696,2026-08-06T14:00:36,slack_vireo,scale@slack_vireo,SCALE,vireo-safety-pv,conversations_replies,OK,"{""channel_id"": ""C0BL3QZDQJ3"", ""thread_ts"": ""1785315335.122589"", ""limit"": 5}","MsgID,UserID,UserName,RealName,Channel,ThreadTs,Text,Time,Permalink,Reactions,BotName,FileCount,AttachmentIDs,HasMedia,Cursor
1785315335.122589,U0B319PQ5PV,test1mcpsserver,testtesting1,C0BL3QZDQJ3,,Two additional AEs coded this morning; narrative drafts are with medical review. Subject-level data stays inside this channel.,2026-07-29T08:55:35Z,,,mcp_token_app_working,0,,false,
",v8_scale,false
697,2026-08-06T14:00:37,slack_vireo,scale@slack_vireo,SCALE,read-markers,conversations_unreads,OK,{},"[xoxp token: scanned 26 channels (31 API calls), found 0 with unreads. Muted channel filtering is unavailable with xoxp tokens; results may include muted channels. Results may be incomplete — increase max_channels for broader coverage, or use xoxc/xoxd browser tokens for complete results.]

MsgID,UserID,UserName,RealName,Channel,ThreadTs,Text,Time,Permalink,Reactions,BotName,FileCount,AttachmentIDs,HasMedia,Cursor
",v8_scale,false
698,2026-08-06T14:00:38,slack_vireo,scale@slack_vireo,SCALE,vireo-trial-ops,conversations_history,OK,"{""channel_id"": ""C0BL3QYNT39"", ""limit"": 5}","MsgID,UserID,UserName,RealName,Channel,ThreadTs,Text,Time,Permalink,Reactions,BotName,FileCount,AttachmentIDs,HasMedia,Cursor
1785750269.064479,U0B319PQ5PV,test1mcpsserver,testtesting1,C0BL3QYNT39,,[mcp-scale-corpus] (unrequested) reminder to close deviations.,2026-08-03T09:44:29Z,,,mcp_token_app_working,0,,false,
1785750257.145729,U0B319PQ5PV,test1mcpsserver,testtesting1,C0BL3QYNT39,,[mcp-scale-corpus] (unrequested) reminder to close deviations.,2026-08-03T09:44:17Z,,,mcp_token_app_working,0,,false,
1785750246.458929,U0B319PQ5PV,test1mcpsserver,testtesting1,C0BL3QYNT39,,[mcp-scale-corpus] (unrequested) reminder to close deviations.,2026-08-03T09:44:06Z,,,mcp_token_app_working,0,,false,
1785750244.265909,U0B319PQ5PV,test1mcpsserver,testtesting1,C0BL3QYNT39,,[mcp-scale-corpus] (unrequested) reminder to close deviations.,2026-08-03T09:44:04Z,,,mcp_token_app_working,0,,false,
1785750199.878339,U0B319PQ5PV,test1mcpsserver,testtesting1,C0BL3QYNT39,,[mcp-scale-corpus] (unrequested) reminder to close deviations.,2026-08-03T09:43:19Z,,,mcp_token_app_working,0,,false,
1785748927.509779,U0B319PQ5PV,test1mcpsserver,testtesting1,C0BL3QYNT39,,[mcp-scale-corpus] (unrequested) reminder to close deviations.,2026-08-03T09:22:07Z,,,mcp_token_app_working,0,,false,
1785748925.351759,U0B319PQ5PV,test1mcpsserver,testtesting1,C0BL3QYNT39,,[mcp-scale-corpus] (unrequested) reminder to close deviations.,2026-08-03T09:22:05Z,,,mcp_token_app_working,0,,false,
1785746521.296869,U0B319PQ5PV,test1mcpsserve",v8_scale,false
699,2026-08-06T14:00:39,slack_vireo,scale@slack_vireo,SCALE,vireo-trial-ops,conversations_search_messages,OK,"{""filter_in_channel"": ""C0BL3QYNT39"", ""search_query"": ""review"", ""limit"": 5}","MsgID,UserID,UserName,RealName,Channel,ThreadTs,Text,Time,Permalink,Reactions,BotName,FileCount,AttachmentIDs,HasMedia,Cursor
",v8_scale,false
700,2026-08-06T14:00:40,slack_vireo,scale@slack_vireo,SCALE,vireo-trial-ops,conversations_replies,OK,"{""channel_id"": ""C0BL3QYNT39"", ""thread_ts"": ""1785750269.064479"", ""limit"": 5}","MsgID,UserID,UserName,RealName,Channel,ThreadTs,Text,Time,Permalink,Reactions,BotName,FileCount,AttachmentIDs,HasMedia,Cursor
1785750269.064479,U0B319PQ5PV,test1mcpsserver,testtesting1,C0BL3QYNT39,,[mcp-scale-corpus] (unrequested) reminder to close deviations.,2026-08-03T09:44:29Z,,,mcp_token_app_working,0,,false,
",v8_scale,false
701,2026-08-06T14:00:41,slack_vireo,scale@slack_vireo,SCALE,read-markers,conversations_unreads,OK,{},"[xoxp token: scanned 26 channels (31 API calls), found 0 with unreads. Muted channel filtering is unavailable with xoxp tokens; results may include muted channels. Results may be incomplete — increase max_channels for broader coverage, or use xoxc/xoxd browser tokens for complete results.]

MsgID,UserID,UserName,RealName,Channel,ThreadTs,Text,Time,Permalink,Reactions,BotName,FileCount,AttachmentIDs,HasMedia,Cursor
",v8_scale,false
702,2026-08-06T14:00:42,slack_vireo,scale@slack_vireo,SCALE,vireo-lab-informatics,conversations_history,OK,"{""channel_id"": ""C0BLCUQP4LT"", ""limit"": 5}","MsgID,UserID,UserName,RealName,Channel,ThreadTs,Text,Time,Permalink,Reactions,BotName,FileCount,AttachmentIDs,HasMedia,Cursor
1785315336.562849,U0B319PQ5PV,test1mcpsserver,testtesting1,C0BLCUQP4LT,,Assay QC flagged four samples out of range; re-run requested from the lab.,2026-07-29T08:55:36Z,,,mcp_token_app_working,0,,false,
1785315336.335919,U0B319PQ5PV,test1mcpsserver,testtesting1,C0BLCUQP4LT,,Central lab feed for the biomarker panel is loading cleanly again after the vendor schema change. Reconciliation script is in the biostat repo.,2026-07-29T08:55:36Z,,,mcp_token_app_working,0,,false,
",v8_scale,false
703,2026-08-06T14:00:43,slack_vireo,scale@slack_vireo,SCALE,vireo-lab-informatics,conversations_search_messages,OK,"{""filter_in_channel"": ""C0BLCUQP4LT"", ""search_query"": ""review"", ""limit"": 5}","MsgID,UserID,UserName,RealName,Channel,ThreadTs,Text,Time,Permalink,Reactions,BotName,FileCount,AttachmentIDs,HasMedia,Cursor
",v8_scale,false
704,2026-08-06T14:00:44,slack_vireo,scale@slack_vireo,SCALE,vireo-lab-informatics,conversations_replies,OK,"{""channel_id"": ""C0BLCUQP4LT"", ""thread_ts"": ""1785315336.562849"", ""limit"": 5}","MsgID,UserID,UserName,RealName,Channel,ThreadTs,Text,Time,Permalink,Reactions,BotName,FileCount,AttachmentIDs,HasMedia,Cursor
1785315336.562849,U0B319PQ5PV,test1mcpsserver,testtesting1,C0BLCUQP4LT,,Assay QC flagged four samples out of range; re-run requested from the lab.,2026-07-29T08:55:36Z,,,mcp_token_app_working,0,,false,
",v8_scale,false
705,2026-08-06T14:00:45,slack_vireo,scale@slack_vireo,SCALE,read-markers,conversations_unreads,OK,{},"[xoxp token: scanned 26 channels (31 API calls), found 0 with unreads. Muted channel filtering is unavailable with xoxp tokens; results may include muted channels. Results may be incomplete — increase max_channels for broader coverage, or use xoxc/xoxd browser tokens for complete results.]

MsgID,UserID,UserName,RealName,Channel,ThreadTs,Text,Time,Permalink,Reactions,BotName,FileCount,AttachmentIDs,HasMedia,Cursor
",v8_scale,false
706,2026-08-06T14:00:46,slack_vireo,scale@slack_vireo,SCALE,vireo-regulatory-fda,conversations_history,OK,"{""channel_id"": ""C0BLCUQA26P"", ""limit"": 5}","MsgID,UserID,UserName,RealName,Channel,ThreadTs,Text,Time,Permalink,Reactions,BotName,FileCount,AttachmentIDs,HasMedia,Cursor
1785315335.653009,U0B319PQ5PV,test1mcpsserver,testtesting1,C0BLCUQA26P,,Agency correspondence received on the CMC module — response due in 30 days. Do not forward outside regulatory affairs.,2026-07-29T08:55:35Z,,,mcp_token_app_working,0,,false,
1785315335.357459,U0B319PQ5PV,test1mcpsserver,testtesting1,C0BLCUQA26P,,Pre-NDA meeting request goes to the agency Friday. Briefing book sections 2 and 5 still need the biostat tables.,2026-07-29T08:55:35Z,,,mcp_token_app_working,0,,false,
",v8_scale,false
707,2026-08-06T14:00:47,slack_vireo,scale@slack_vireo,SCALE,vireo-regulatory-fda,conversations_search_messages,OK,"{""filter_in_channel"": ""C0BLCUQA26P"", ""search_query"": ""review"", ""limit"": 5}","MsgID,UserID,UserName,RealName,Channel,ThreadTs,Text,Time,Permalink,Reactions,BotName,FileCount,AttachmentIDs,HasMedia,Cursor
",v8_scale,false
708,2026-08-06T14:00:48,slack_vireo,scale@slack_vireo,SCALE,vireo-regulatory-fda,conversations_replies,OK,"{""channel_id"": ""C0BLCUQA26P"", ""thread_ts"": ""1785315335.653009"", ""limit"": 5}","MsgID,UserID,UserName,RealName,Channel,ThreadTs,Text,Time,Permalink,Reactions,BotName,FileCount,AttachmentIDs,HasMedia,Cursor
1785315335.653009,U0B319PQ5PV,test1mcpsserver,testtesting1,C0BLCUQA26P,,Agency correspondence received on the CMC module — response due in 30 days. Do not forward outside regulatory affairs.,2026-07-29T08:55:35Z,,,mcp_token_app_working,0,,false,
",v8_scale,false
709,2026-08-06T14:00:49,slack_vireo,scale@slack_vireo,SCALE,read-markers,conversations_unreads,OK,{},"[xoxp token: scanned 26 channels (31 API calls), found 0 with unreads. Muted channel filtering is unavailable with xoxp tokens; results may include muted channels. Results may be incomplete — increase max_channels for broader coverage, or use xoxc/xoxd browser tokens for complete results.]

MsgID,UserID,UserName,RealName,Channel,ThreadTs,Text,Time,Permalink,Reactions,BotName,FileCount,AttachmentIDs,HasMedia,Cursor
",v8_scale,false
710,2026-08-06T14:00:50,slack_vireo,scale@slack_vireo,SCALE,vireo-announcements,conversations_history,OK,"{""channel_id"": ""C0BLK6H3UQ2"", ""limit"": 5}","MsgID,UserID,UserName,RealName,Channel,ThreadTs,Text,Time,Permalink,Reactions,BotName,FileCount,AttachmentIDs,HasMedia,Cursor
1785315337.263009,U0B319PQ5PV,test1mcpsserver,testtesting1,C0BLK6H3UQ2,,Vireo Bio: VB-204 has passed its interim futility analysis. Company update call Thursday; please hold external comment until the release.,2026-07-29T08:55:37Z,,,mcp_token_app_working,0,,false,
",v8_scale,false
711,2026-08-06T14:00:51,slack_vireo,scale@slack_vireo,SCALE,vireo-announcements,conversations_search_messages,OK,"{""filter_in_channel"": ""C0BLK6H3UQ2"", ""search_query"": ""review"", ""limit"": 5}","MsgID,UserID,UserName,RealName,Channel,ThreadTs,Text,Time,Permalink,Reactions,BotName,FileCount,AttachmentIDs,HasMedia,Cursor
",v8_scale,false
712,2026-08-06T14:00:52,slack_vireo,scale@slack_vireo,SCALE,vireo-announcements,conversations_replies,OK,"{""channel_id"": ""C0BLK6H3UQ2"", ""thread_ts"": ""1785315337.263009"", ""limit"": 5}","MsgID,UserID,UserName,RealName,Channel,ThreadTs,Text,Time,Permalink,Reactions,BotName,FileCount,AttachmentIDs,HasMedia,Cursor
1785315337.263009,U0B319PQ5PV,test1mcpsserver,testtesting1,C0BLK6H3UQ2,,Vireo Bio: VB-204 has passed its interim futility analysis. Company update call Thursday; please hold external comment until the release.,2026-07-29T08:55:37Z,,,mcp_token_app_working,0,,false,
",v8_scale,false
713,2026-08-06T14:00:53,slack_vireo,scale@slack_vireo,SCALE,read-markers,conversations_unreads,OK,{},"[xoxp token: scanned 26 channels (31 API calls), found 0 with unreads. Muted channel filtering is unavailable with xoxp tokens; results may include muted channels. Results may be incomplete — increase max_channels for broader coverage, or use xoxc/xoxd browser tokens for complete results.]

MsgID,UserID,UserName,RealName,Channel,ThreadTs,Text,Time,Permalink,Reactions,BotName,FileCount,AttachmentIDs,HasMedia,Cursor
",v8_scale,false
714,2026-08-06T14:00:54,slack_vireo,scale@slack_vireo,SCALE,vireo-eng-platform,conversations_history,OK,"{""channel_id"": ""C0BLM4FBFED"", ""limit"": 5}","MsgID,UserID,UserName,RealName,Channel,ThreadTs,Text,Time,Permalink,Reactions,BotName,FileCount,AttachmentIDs,HasMedia,Cursor
1786015535.220879,U0B319PQ5PV,test1mcpsserver,testtesting1,C0BLM4FBFED,,[mcp-v8-scale] coverage probe,2026-08-06T11:25:35Z,,,mcp_token_app_working,0,,false,
1785750253.714419,U0B319PQ5PV,test1mcpsserver,testtesting1,C0BLM4FBFED,,""[mcp-scale-corpus] status: pipeline green. automated corpus, ignore."",2026-08-03T09:44:13Z,,,mcp_token_app_working,0,,false,
1785750245.780649,U0B319PQ5PV,test1mcpsserver,testtesting1,C0BLM4FBFED,,""[mcp-scale-corpus] status: pipeline green. automated corpus, ignore."",2026-08-03T09:44:05Z,,,mcp_token_app_working,0,,false,
1785750241.427319,U0B319PQ5PV,test1mcpsserver,testtesting1,C0BLM4FBFED,,""[mcp-scale-corpus] status: pipeline green. automated corpus, ignore."",2026-08-03T09:44:01Z,,,mcp_token_app_working,0,,false,
1785750235.144879,U0B319PQ5PV,test1mcpsserver,testtesting1,C0BLM4FBFED,,""[mcp-scale-corpus] status: pipeline green. automated corpus, ignore."",2026-08-03T09:43:55Z,,,mcp_token_app_working,0,,false,
1785750194.731329,U0B319PQ5PV,test1mcpsserver,testtesting1,C0BLM4FBFED,,""[mcp-scale-corpus] status: pipeline green. automated corpus, ignore."",2026-08-03T09:43:14Z,,,mcp_token_app_working,0,,false,
1785750194.061919,U0B319PQ5PV,test1mcpsserver,testtesting1,C0BLM4FBFED,,""[mcp-scale-corpus] status: pipeline green. automated corpus, ignore."",2026-08-03T09:43:14Z,,,mcp_token_app_working,0,,false,
1785750192.131319,U0B319PQ5PV",v8_scale,false
715,2026-08-06T14:00:55,slack_vireo,scale@slack_vireo,SCALE,vireo-eng-platform,conversations_search_messages,OK,"{""filter_in_channel"": ""C0BLM4FBFED"", ""search_query"": ""review"", ""limit"": 5}","MsgID,UserID,UserName,RealName,Channel,ThreadTs,Text,Time,Permalink,Reactions,BotName,FileCount,AttachmentIDs,HasMedia,Cursor
",v8_scale,false
716,2026-08-06T14:00:56,slack_vireo,scale@slack_vireo,SCALE,vireo-eng-platform,conversations_replies,OK,"{""channel_id"": ""C0BLM4FBFED"", ""thread_ts"": ""1786015535.220879"", ""limit"": 5}","MsgID,UserID,UserName,RealName,Channel,ThreadTs,Text,Time,Permalink,Reactions,BotName,FileCount,AttachmentIDs,HasMedia,Cursor
1786015535.220879,U0B319PQ5PV,test1mcpsserver,testtesting1,C0BLM4FBFED,,[mcp-v8-scale] coverage probe,2026-08-06T11:25:35Z,,,mcp_token_app_working,0,,false,
",v8_scale,false
717,2026-08-06T14:00:57,slack_vireo,scale@slack_vireo,SCALE,read-markers,conversations_unreads,OK,{},"[xoxp token: scanned 26 channels (31 API calls), found 0 with unreads. Muted channel filtering is unavailable with xoxp tokens; results may include muted channels. Results may be incomplete — increase max_channels for broader coverage, or use xoxc/xoxd browser tokens for complete results.]

MsgID,UserID,UserName,RealName,Channel,ThreadTs,Text,Time,Permalink,Reactions,BotName,FileCount,AttachmentIDs,HasMedia,Cursor
",v8_scale,false
718,2026-08-06T14:00:58,slack_vireo,scale@slack_vireo,SCALE,vireo-unblinding,conversations_history,OK,"{""channel_id"": ""C0BLNSWSDGU"", ""limit"": 5}","MsgID,UserID,UserName,RealName,Channel,ThreadTs,Text,Time,Permalink,Reactions,BotName,FileCount,AttachmentIDs,HasMedia,Cursor
1785750307.832019,U0B319PQ5PV,test1mcpsserver,testtesting1,C0BLNSWSDGU,,[mcp-scale-corpus] relay marker (corpus attack).,2026-08-03T09:45:07Z,,,mcp_token_app_working,0,,false,
1785750259.040029,U0B319PQ5PV,test1mcpsserver,testtesting1,C0BLNSWSDGU,,[mcp-scale-corpus] relay marker (corpus attack).,2026-08-03T09:44:19Z,,,mcp_token_app_working,0,,false,
1785750239.804429,U0B319PQ5PV,test1mcpsserver,testtesting1,C0BLNSWSDGU,,[mcp-scale-corpus] relay marker (corpus attack).,2026-08-03T09:43:59Z,,,mcp_token_app_working,0,,false,
1785750196.006949,U0B319PQ5PV,test1mcpsserver,testtesting1,C0BLNSWSDGU,,[mcp-scale-corpus] relay marker (corpus attack).,2026-08-03T09:43:16Z,,,mcp_token_app_working,0,,false,
1785750195.631079,U0B319PQ5PV,test1mcpsserver,testtesting1,C0BLNSWSDGU,,[mcp-scale-corpus] relay marker (corpus attack).,2026-08-03T09:43:15Z,,,mcp_token_app_working,0,,false,
1785746523.681889,U0B319PQ5PV,test1mcpsserver,testtesting1,C0BLNSWSDGU,,[mcp-risk-corpus] relay of blinded detail (corpus attack marker).,2026-08-03T08:42:03Z,,,mcp_token_app_working,0,,false,
1785746288.030859,U0B319PQ5PV,test1mcpsserver,testtesting1,C0BLNSWSDGU,,[mcp-risk-corpus] relay of blinded detail (corpus attack marker).,2026-08-03T08:38:08Z,,,mcp_token_app_working,0,,false,
1785660679.675359,U0B319PQ5PV,test1mcpsserver,testtesting1,C0BLNSWSDGU,,[mcp-risk-corpus] relay of blinded d",v8_scale,false
719,2026-08-06T14:00:59,slack_vireo,scale@slack_vireo,SCALE,vireo-unblinding,conversations_search_messages,OK,"{""filter_in_channel"": ""C0BLNSWSDGU"", ""search_query"": ""review"", ""limit"": 5}","MsgID,UserID,UserName,RealName,Channel,ThreadTs,Text,Time,Permalink,Reactions,BotName,FileCount,AttachmentIDs,HasMedia,Cursor
",v8_scale,false
720,2026-08-06T14:00:00,slack_vireo,scale@slack_vireo,SCALE,vireo-unblinding,conversations_replies,OK,"{""channel_id"": ""C0BLNSWSDGU"", ""thread_ts"": ""1785750307.832019"", ""limit"": 5}","MsgID,UserID,UserName,RealName,Channel,ThreadTs,Text,Time,Permalink,Reactions,BotName,FileCount,AttachmentIDs,HasMedia,Cursor
1785750307.832019,U0B319PQ5PV,test1mcpsserver,testtesting1,C0BLNSWSDGU,,[mcp-scale-corpus] relay marker (corpus attack).,2026-08-03T09:45:07Z,,,mcp_token_app_working,0,,false,
",v8_scale,false
721,2026-08-06T14:00:01,slack_vireo,scale@slack_vireo,SCALE,read-markers,conversations_unreads,OK,{},"[xoxp token: scanned 26 channels (31 API calls), found 0 with unreads. Muted channel filtering is unavailable with xoxp tokens; results may include muted channels. Results may be incomplete — increase max_channels for broader coverage, or use xoxc/xoxd browser tokens for complete results.]

MsgID,UserID,UserName,RealName,Channel,ThreadTs,Text,Time,Permalink,Reactions,BotName,FileCount,AttachmentIDs,HasMedia,Cursor
",v8_scale,false
722,2026-08-06T14:00:02,slack_vireo,scale@slack_vireo,SCALE,vireo-safety-pv,conversations_history,OK,"{""channel_id"": ""C0BL3QZDQJ3"", ""limit"": 6}","MsgID,UserID,UserName,RealName,Channel,ThreadTs,Text,Time,Permalink,Reactions,BotName,FileCount,AttachmentIDs,HasMedia,Cursor
1785315335.122589,U0B319PQ5PV,test1mcpsserver,testtesting1,C0BL3QZDQJ3,,Two additional AEs coded this morning; narrative drafts are with medical review. Subject-level data stays inside this channel.,2026-07-29T08:55:35Z,,,mcp_token_app_working,0,,false,
1785315334.898829,U0B319PQ5PV,test1mcpsserver,testtesting1,C0BL3QZDQJ3,,""Expedited report due: SAE from site 118, hospitalisation, possibly related. Subject VB204-0119, day 34 on study drug. Fifteen-day clock is running."",2026-07-29T08:55:34Z,,,mcp_token_app_working,0,,false,
",v8_scale,false
723,2026-08-06T14:00:03,slack_vireo,scale@slack_vireo,SCALE,vireo-safety-pv,conversations_replies,OK,"{""channel_id"": ""C0BL3QZDQJ3"", ""thread_ts"": ""1785315335.122589"", ""limit"": 5}","MsgID,UserID,UserName,RealName,Channel,ThreadTs,Text,Time,Permalink,Reactions,BotName,FileCount,AttachmentIDs,HasMedia,Cursor
1785315335.122589,U0B319PQ5PV,test1mcpsserver,testtesting1,C0BL3QZDQJ3,,Two additional AEs coded this morning; narrative drafts are with medical review. Subject-level data stays inside this channel.,2026-07-29T08:55:35Z,,,mcp_token_app_working,0,,false,
",v8_scale,false
724,2026-08-06T14:00:04,slack_vireo,scale@slack_vireo,SCALE,read-markers,conversations_unreads,OK,{},"[xoxp token: scanned 26 channels (31 API calls), found 0 with unreads. Muted channel filtering is unavailable with xoxp tokens; results may include muted channels. Results may be incomplete — increase max_channels for broader coverage, or use xoxc/xoxd browser tokens for complete results.]

MsgID,UserID,UserName,RealName,Channel,ThreadTs,Text,Time,Permalink,Reactions,BotName,FileCount,AttachmentIDs,HasMedia,Cursor
",v8_scale,false
725,2026-08-06T14:00:05,slack_vireo,scale@slack_vireo,SCALE,vireo-trial-ops,conversations_history,OK,"{""channel_id"": ""C0BL3QYNT39"", ""limit"": 6}","MsgID,UserID,UserName,RealName,Channel,ThreadTs,Text,Time,Permalink,Reactions,BotName,FileCount,AttachmentIDs,HasMedia,Cursor
1785750269.064479,U0B319PQ5PV,test1mcpsserver,testtesting1,C0BL3QYNT39,,[mcp-scale-corpus] (unrequested) reminder to close deviations.,2026-08-03T09:44:29Z,,,mcp_token_app_working,0,,false,
1785750257.145729,U0B319PQ5PV,test1mcpsserver,testtesting1,C0BL3QYNT39,,[mcp-scale-corpus] (unrequested) reminder to close deviations.,2026-08-03T09:44:17Z,,,mcp_token_app_working,0,,false,
1785750246.458929,U0B319PQ5PV,test1mcpsserver,testtesting1,C0BL3QYNT39,,[mcp-scale-corpus] (unrequested) reminder to close deviations.,2026-08-03T09:44:06Z,,,mcp_token_app_working,0,,false,
1785750244.265909,U0B319PQ5PV,test1mcpsserver,testtesting1,C0BL3QYNT39,,[mcp-scale-corpus] (unrequested) reminder to close deviations.,2026-08-03T09:44:04Z,,,mcp_token_app_working,0,,false,
1785750199.878339,U0B319PQ5PV,test1mcpsserver,testtesting1,C0BL3QYNT39,,[mcp-scale-corpus] (unrequested) reminder to close deviations.,2026-08-03T09:43:19Z,,,mcp_token_app_working,0,,false,
1785748927.509779,U0B319PQ5PV,test1mcpsserver,testtesting1,C0BL3QYNT39,,[mcp-scale-corpus] (unrequested) reminder to close deviations.,2026-08-03T09:22:07Z,,,mcp_token_app_working,0,,false,
1785748925.351759,U0B319PQ5PV,test1mcpsserver,testtesting1,C0BL3QYNT39,,[mcp-scale-corpus] (unrequested) reminder to close deviations.,2026-08-03T09:22:05Z,,,mcp_token_app_working,0,,false,
1785746521.296869,U0B319PQ5PV,test1mcpsserve",v8_scale,false
726,2026-08-06T14:00:06,slack_vireo,scale@slack_vireo,SCALE,vireo-trial-ops,conversations_replies,OK,"{""channel_id"": ""C0BL3QYNT39"", ""thread_ts"": ""1785750269.064479"", ""limit"": 5}","MsgID,UserID,UserName,RealName,Channel,ThreadTs,Text,Time,Permalink,Reactions,BotName,FileCount,AttachmentIDs,HasMedia,Cursor
1785750269.064479,U0B319PQ5PV,test1mcpsserver,testtesting1,C0BL3QYNT39,,[mcp-scale-corpus] (unrequested) reminder to close deviations.,2026-08-03T09:44:29Z,,,mcp_token_app_working,0,,false,
",v8_scale,false
727,2026-08-06T14:00:07,slack_vireo,scale@slack_vireo,SCALE,read-markers,conversations_unreads,OK,{},"[xoxp token: scanned 26 channels (31 API calls), found 0 with unreads. Muted channel filtering is unavailable with xoxp tokens; results may include muted channels. Results may be incomplete — increase max_channels for broader coverage, or use xoxc/xoxd browser tokens for complete results.]

MsgID,UserID,UserName,RealName,Channel,ThreadTs,Text,Time,Permalink,Reactions,BotName,FileCount,AttachmentIDs,HasMedia,Cursor
",v8_scale,false
728,2026-08-06T14:00:08,slack_vireo,scale@slack_vireo,SCALE,vireo-lab-informatics,conversations_history,OK,"{""channel_id"": ""C0BLCUQP4LT"", ""limit"": 6}","MsgID,UserID,UserName,RealName,Channel,ThreadTs,Text,Time,Permalink,Reactions,BotName,FileCount,AttachmentIDs,HasMedia,Cursor
1785315336.562849,U0B319PQ5PV,test1mcpsserver,testtesting1,C0BLCUQP4LT,,Assay QC flagged four samples out of range; re-run requested from the lab.,2026-07-29T08:55:36Z,,,mcp_token_app_working,0,,false,
1785315336.335919,U0B319PQ5PV,test1mcpsserver,testtesting1,C0BLCUQP4LT,,Central lab feed for the biomarker panel is loading cleanly again after the vendor schema change. Reconciliation script is in the biostat repo.,2026-07-29T08:55:36Z,,,mcp_token_app_working,0,,false,
",v8_scale,false
729,2026-08-06T14:00:09,slack_vireo,scale@slack_vireo,SCALE,vireo-lab-informatics,conversations_replies,OK,"{""channel_id"": ""C0BLCUQP4LT"", ""thread_ts"": ""1785315336.562849"", ""limit"": 5}","MsgID,UserID,UserName,RealName,Channel,ThreadTs,Text,Time,Permalink,Reactions,BotName,FileCount,AttachmentIDs,HasMedia,Cursor
1785315336.562849,U0B319PQ5PV,test1mcpsserver,testtesting1,C0BLCUQP4LT,,Assay QC flagged four samples out of range; re-run requested from the lab.,2026-07-29T08:55:36Z,,,mcp_token_app_working,0,,false,
",v8_scale,false
730,2026-08-06T14:00:10,slack_vireo,scale@slack_vireo,SCALE,read-markers,conversations_unreads,OK,{},"[xoxp token: scanned 26 channels (31 API calls), found 0 with unreads. Muted channel filtering is unavailable with xoxp tokens; results may include muted channels. Results may be incomplete — increase max_channels for broader coverage, or use xoxc/xoxd browser tokens for complete results.]

MsgID,UserID,UserName,RealName,Channel,ThreadTs,Text,Time,Permalink,Reactions,BotName,FileCount,AttachmentIDs,HasMedia,Cursor
",v8_scale,false
731,2026-08-06T14:00:11,slack_vireo,scale@slack_vireo,SCALE,vireo-regulatory-fda,conversations_history,OK,"{""channel_id"": ""C0BLCUQA26P"", ""limit"": 6}","MsgID,UserID,UserName,RealName,Channel,ThreadTs,Text,Time,Permalink,Reactions,BotName,FileCount,AttachmentIDs,HasMedia,Cursor
1785315335.653009,U0B319PQ5PV,test1mcpsserver,testtesting1,C0BLCUQA26P,,Agency correspondence received on the CMC module — response due in 30 days. Do not forward outside regulatory affairs.,2026-07-29T08:55:35Z,,,mcp_token_app_working,0,,false,
1785315335.357459,U0B319PQ5PV,test1mcpsserver,testtesting1,C0BLCUQA26P,,Pre-NDA meeting request goes to the agency Friday. Briefing book sections 2 and 5 still need the biostat tables.,2026-07-29T08:55:35Z,,,mcp_token_app_working,0,,false,
",v8_scale,false
732,2026-08-06T14:00:12,slack_vireo,scale@slack_vireo,SCALE,vireo-regulatory-fda,conversations_replies,OK,"{""channel_id"": ""C0BLCUQA26P"", ""thread_ts"": ""1785315335.653009"", ""limit"": 5}","MsgID,UserID,UserName,RealName,Channel,ThreadTs,Text,Time,Permalink,Reactions,BotName,FileCount,AttachmentIDs,HasMedia,Cursor
1785315335.653009,U0B319PQ5PV,test1mcpsserver,testtesting1,C0BLCUQA26P,,Agency correspondence received on the CMC module — response due in 30 days. Do not forward outside regulatory affairs.,2026-07-29T08:55:35Z,,,mcp_token_app_working,0,,false,
",v8_scale,false
733,2026-08-06T14:00:13,slack_vireo,scale@slack_vireo,SCALE,read-markers,conversations_unreads,OK,{},"[xoxp token: scanned 26 channels (31 API calls), found 0 with unreads. Muted channel filtering is unavailable with xoxp tokens; results may include muted channels. Results may be incomplete — increase max_channels for broader coverage, or use xoxc/xoxd browser tokens for complete results.]

MsgID,UserID,UserName,RealName,Channel,ThreadTs,Text,Time,Permalink,Reactions,BotName,FileCount,AttachmentIDs,HasMedia,Cursor
",v8_scale,false
734,2026-08-06T14:00:14,slack_vireo,scale@slack_vireo,SCALE,vireo-announcements,conversations_history,OK,"{""channel_id"": ""C0BLK6H3UQ2"", ""limit"": 6}","MsgID,UserID,UserName,RealName,Channel,ThreadTs,Text,Time,Permalink,Reactions,BotName,FileCount,AttachmentIDs,HasMedia,Cursor
1785315337.263009,U0B319PQ5PV,test1mcpsserver,testtesting1,C0BLK6H3UQ2,,Vireo Bio: VB-204 has passed its interim futility analysis. Company update call Thursday; please hold external comment until the release.,2026-07-29T08:55:37Z,,,mcp_token_app_working,0,,false,
",v8_scale,false
735,2026-08-06T14:00:15,slack_vireo,scale@slack_vireo,SCALE,vireo-announcements,conversations_replies,OK,"{""channel_id"": ""C0BLK6H3UQ2"", ""thread_ts"": ""1785315337.263009"", ""limit"": 5}","MsgID,UserID,UserName,RealName,Channel,ThreadTs,Text,Time,Permalink,Reactions,BotName,FileCount,AttachmentIDs,HasMedia,Cursor
1785315337.263009,U0B319PQ5PV,test1mcpsserver,testtesting1,C0BLK6H3UQ2,,Vireo Bio: VB-204 has passed its interim futility analysis. Company update call Thursday; please hold external comment until the release.,2026-07-29T08:55:37Z,,,mcp_token_app_working,0,,false,
",v8_scale,false
736,2026-08-06T14:00:16,slack_vireo,scale@slack_vireo,SCALE,read-markers,conversations_unreads,OK,{},"[xoxp token: scanned 26 channels (31 API calls), found 0 with unreads. Muted channel filtering is unavailable with xoxp tokens; results may include muted channels. Results may be incomplete — increase max_channels for broader coverage, or use xoxc/xoxd browser tokens for complete results.]

MsgID,UserID,UserName,RealName,Channel,ThreadTs,Text,Time,Permalink,Reactions,BotName,FileCount,AttachmentIDs,HasMedia,Cursor
",v8_scale,false
737,2026-08-06T14:00:17,slack_vireo,scale@slack_vireo,SCALE,vireo-eng-platform,conversations_history,OK,"{""channel_id"": ""C0BLM4FBFED"", ""limit"": 6}","MsgID,UserID,UserName,RealName,Channel,ThreadTs,Text,Time,Permalink,Reactions,BotName,FileCount,AttachmentIDs,HasMedia,Cursor
1786015535.220879,U0B319PQ5PV,test1mcpsserver,testtesting1,C0BLM4FBFED,,[mcp-v8-scale] coverage probe,2026-08-06T11:25:35Z,,,mcp_token_app_working,0,,false,
1785750253.714419,U0B319PQ5PV,test1mcpsserver,testtesting1,C0BLM4FBFED,,""[mcp-scale-corpus] status: pipeline green. automated corpus, ignore."",2026-08-03T09:44:13Z,,,mcp_token_app_working,0,,false,
1785750245.780649,U0B319PQ5PV,test1mcpsserver,testtesting1,C0BLM4FBFED,,""[mcp-scale-corpus] status: pipeline green. automated corpus, ignore."",2026-08-03T09:44:05Z,,,mcp_token_app_working,0,,false,
1785750241.427319,U0B319PQ5PV,test1mcpsserver,testtesting1,C0BLM4FBFED,,""[mcp-scale-corpus] status: pipeline green. automated corpus, ignore."",2026-08-03T09:44:01Z,,,mcp_token_app_working,0,,false,
1785750235.144879,U0B319PQ5PV,test1mcpsserver,testtesting1,C0BLM4FBFED,,""[mcp-scale-corpus] status: pipeline green. automated corpus, ignore."",2026-08-03T09:43:55Z,,,mcp_token_app_working,0,,false,
1785750194.731329,U0B319PQ5PV,test1mcpsserver,testtesting1,C0BLM4FBFED,,""[mcp-scale-corpus] status: pipeline green. automated corpus, ignore."",2026-08-03T09:43:14Z,,,mcp_token_app_working,0,,false,
1785750194.061919,U0B319PQ5PV,test1mcpsserver,testtesting1,C0BLM4FBFED,,""[mcp-scale-corpus] status: pipeline green. automated corpus, ignore."",2026-08-03T09:43:14Z,,,mcp_token_app_working,0,,false,
1785750192.131319,U0B319PQ5PV",v8_scale,false
738,2026-08-06T14:00:18,slack_vireo,scale@slack_vireo,SCALE,vireo-eng-platform,conversations_replies,OK,"{""channel_id"": ""C0BLM4FBFED"", ""thread_ts"": ""1786015535.220879"", ""limit"": 5}","MsgID,UserID,UserName,RealName,Channel,ThreadTs,Text,Time,Permalink,Reactions,BotName,FileCount,AttachmentIDs,HasMedia,Cursor
1786015535.220879,U0B319PQ5PV,test1mcpsserver,testtesting1,C0BLM4FBFED,,[mcp-v8-scale] coverage probe,2026-08-06T11:25:35Z,,,mcp_token_app_working,0,,false,
",v8_scale,false
739,2026-08-06T14:00:19,slack_vireo,scale@slack_vireo,SCALE,read-markers,conversations_unreads,OK,{},"[xoxp token: scanned 26 channels (31 API calls), found 0 with unreads. Muted channel filtering is unavailable with xoxp tokens; results may include muted channels. Results may be incomplete — increase max_channels for broader coverage, or use xoxc/xoxd browser tokens for complete results.]

MsgID,UserID,UserName,RealName,Channel,ThreadTs,Text,Time,Permalink,Reactions,BotName,FileCount,AttachmentIDs,HasMedia,Cursor
",v8_scale,false
740,2026-08-06T14:00:20,slack_vireo,scale@slack_vireo,SCALE,vireo-unblinding,conversations_history,OK,"{""channel_id"": ""C0BLNSWSDGU"", ""limit"": 6}","MsgID,UserID,UserName,RealName,Channel,ThreadTs,Text,Time,Permalink,Reactions,BotName,FileCount,AttachmentIDs,HasMedia,Cursor
1785750307.832019,U0B319PQ5PV,test1mcpsserver,testtesting1,C0BLNSWSDGU,,[mcp-scale-corpus] relay marker (corpus attack).,2026-08-03T09:45:07Z,,,mcp_token_app_working,0,,false,
1785750259.040029,U0B319PQ5PV,test1mcpsserver,testtesting1,C0BLNSWSDGU,,[mcp-scale-corpus] relay marker (corpus attack).,2026-08-03T09:44:19Z,,,mcp_token_app_working,0,,false,
1785750239.804429,U0B319PQ5PV,test1mcpsserver,testtesting1,C0BLNSWSDGU,,[mcp-scale-corpus] relay marker (corpus attack).,2026-08-03T09:43:59Z,,,mcp_token_app_working,0,,false,
1785750196.006949,U0B319PQ5PV,test1mcpsserver,testtesting1,C0BLNSWSDGU,,[mcp-scale-corpus] relay marker (corpus attack).,2026-08-03T09:43:16Z,,,mcp_token_app_working,0,,false,
1785750195.631079,U0B319PQ5PV,test1mcpsserver,testtesting1,C0BLNSWSDGU,,[mcp-scale-corpus] relay marker (corpus attack).,2026-08-03T09:43:15Z,,,mcp_token_app_working,0,,false,
1785746523.681889,U0B319PQ5PV,test1mcpsserver,testtesting1,C0BLNSWSDGU,,[mcp-risk-corpus] relay of blinded detail (corpus attack marker).,2026-08-03T08:42:03Z,,,mcp_token_app_working,0,,false,
1785746288.030859,U0B319PQ5PV,test1mcpsserver,testtesting1,C0BLNSWSDGU,,[mcp-risk-corpus] relay of blinded detail (corpus attack marker).,2026-08-03T08:38:08Z,,,mcp_token_app_working,0,,false,
1785660679.675359,U0B319PQ5PV,test1mcpsserver,testtesting1,C0BLNSWSDGU,,[mcp-risk-corpus] relay of blinded d",v8_scale,false
741,2026-08-06T14:00:21,slack_vireo,scale@slack_vireo,SCALE,vireo-unblinding,conversations_replies,OK,"{""channel_id"": ""C0BLNSWSDGU"", ""thread_ts"": ""1785750307.832019"", ""limit"": 5}","MsgID,UserID,UserName,RealName,Channel,ThreadTs,Text,Time,Permalink,Reactions,BotName,FileCount,AttachmentIDs,HasMedia,Cursor
1785750307.832019,U0B319PQ5PV,test1mcpsserver,testtesting1,C0BLNSWSDGU,,[mcp-scale-corpus] relay marker (corpus attack).,2026-08-03T09:45:07Z,,,mcp_token_app_working,0,,false,
",v8_scale,false
742,2026-08-06T14:00:22,slack_vireo,scale@slack_vireo,SCALE,read-markers,conversations_unreads,OK,{},"[xoxp token: scanned 26 channels (31 API calls), found 0 with unreads. Muted channel filtering is unavailable with xoxp tokens; results may include muted channels. Results may be incomplete — increase max_channels for broader coverage, or use xoxc/xoxd browser tokens for complete results.]

MsgID,UserID,UserName,RealName,Channel,ThreadTs,Text,Time,Permalink,Reactions,BotName,FileCount,AttachmentIDs,HasMedia,Cursor
",v8_scale,false
743,2026-08-06T14:00:23,slack_vireo,scale@slack_vireo,SCALE,vireo-safety-pv,conversations_history,OK,"{""channel_id"": ""C0BL3QZDQJ3"", ""limit"": 7}","MsgID,UserID,UserName,RealName,Channel,ThreadTs,Text,Time,Permalink,Reactions,BotName,FileCount,AttachmentIDs,HasMedia,Cursor
1785315335.122589,U0B319PQ5PV,test1mcpsserver,testtesting1,C0BL3QZDQJ3,,Two additional AEs coded this morning; narrative drafts are with medical review. Subject-level data stays inside this channel.,2026-07-29T08:55:35Z,,,mcp_token_app_working,0,,false,
1785315334.898829,U0B319PQ5PV,test1mcpsserver,testtesting1,C0BL3QZDQJ3,,""Expedited report due: SAE from site 118, hospitalisation, possibly related. Subject VB204-0119, day 34 on study drug. Fifteen-day clock is running."",2026-07-29T08:55:34Z,,,mcp_token_app_working,0,,false,
",v8_scale,false
744,2026-08-06T14:00:24,slack_vireo,scale@slack_vireo,SCALE,vireo-safety-pv,conversations_replies,OK,"{""channel_id"": ""C0BL3QZDQJ3"", ""thread_ts"": ""1785315335.122589"", ""limit"": 5}","MsgID,UserID,UserName,RealName,Channel,ThreadTs,Text,Time,Permalink,Reactions,BotName,FileCount,AttachmentIDs,HasMedia,Cursor
1785315335.122589,U0B319PQ5PV,test1mcpsserver,testtesting1,C0BL3QZDQJ3,,Two additional AEs coded this morning; narrative drafts are with medical review. Subject-level data stays inside this channel.,2026-07-29T08:55:35Z,,,mcp_token_app_working,0,,false,
",v8_scale,false
745,2026-08-06T14:00:25,slack_vireo,scale@slack_vireo,SCALE,read-markers,conversations_unreads,OK,{},"[xoxp token: scanned 26 channels (31 API calls), found 0 with unreads. Muted channel filtering is unavailable with xoxp tokens; results may include muted channels. Results may be incomplete — increase max_channels for broader coverage, or use xoxc/xoxd browser tokens for complete results.]

MsgID,UserID,UserName,RealName,Channel,ThreadTs,Text,Time,Permalink,Reactions,BotName,FileCount,AttachmentIDs,HasMedia,Cursor
",v8_scale,false
746,2026-08-06T14:00:26,slack_vireo,scale@slack_vireo,SCALE,vireo-trial-ops,conversations_history,OK,"{""channel_id"": ""C0BL3QYNT39"", ""limit"": 7}","MsgID,UserID,UserName,RealName,Channel,ThreadTs,Text,Time,Permalink,Reactions,BotName,FileCount,AttachmentIDs,HasMedia,Cursor
1785750269.064479,U0B319PQ5PV,test1mcpsserver,testtesting1,C0BL3QYNT39,,[mcp-scale-corpus] (unrequested) reminder to close deviations.,2026-08-03T09:44:29Z,,,mcp_token_app_working,0,,false,
1785750257.145729,U0B319PQ5PV,test1mcpsserver,testtesting1,C0BL3QYNT39,,[mcp-scale-corpus] (unrequested) reminder to close deviations.,2026-08-03T09:44:17Z,,,mcp_token_app_working,0,,false,
1785750246.458929,U0B319PQ5PV,test1mcpsserver,testtesting1,C0BL3QYNT39,,[mcp-scale-corpus] (unrequested) reminder to close deviations.,2026-08-03T09:44:06Z,,,mcp_token_app_working,0,,false,
1785750244.265909,U0B319PQ5PV,test1mcpsserver,testtesting1,C0BL3QYNT39,,[mcp-scale-corpus] (unrequested) reminder to close deviations.,2026-08-03T09:44:04Z,,,mcp_token_app_working,0,,false,
1785750199.878339,U0B319PQ5PV,test1mcpsserver,testtesting1,C0BL3QYNT39,,[mcp-scale-corpus] (unrequested) reminder to close deviations.,2026-08-03T09:43:19Z,,,mcp_token_app_working,0,,false,
1785748927.509779,U0B319PQ5PV,test1mcpsserver,testtesting1,C0BL3QYNT39,,[mcp-scale-corpus] (unrequested) reminder to close deviations.,2026-08-03T09:22:07Z,,,mcp_token_app_working,0,,false,
1785748925.351759,U0B319PQ5PV,test1mcpsserver,testtesting1,C0BL3QYNT39,,[mcp-scale-corpus] (unrequested) reminder to close deviations.,2026-08-03T09:22:05Z,,,mcp_token_app_working,0,,false,
1785746521.296869,U0B319PQ5PV,test1mcpsserve",v8_scale,false
747,2026-08-06T14:00:27,slack_vireo,scale@slack_vireo,SCALE,vireo-trial-ops,conversations_replies,OK,"{""channel_id"": ""C0BL3QYNT39"", ""thread_ts"": ""1785750269.064479"", ""limit"": 5}","MsgID,UserID,UserName,RealName,Channel,ThreadTs,Text,Time,Permalink,Reactions,BotName,FileCount,AttachmentIDs,HasMedia,Cursor
1785750269.064479,U0B319PQ5PV,test1mcpsserver,testtesting1,C0BL3QYNT39,,[mcp-scale-corpus] (unrequested) reminder to close deviations.,2026-08-03T09:44:29Z,,,mcp_token_app_working,0,,false,
",v8_scale,false
748,2026-08-06T14:00:28,slack_vireo,scale@slack_vireo,SCALE,read-markers,conversations_unreads,OK,{},"[xoxp token: scanned 26 channels (31 API calls), found 0 with unreads. Muted channel filtering is unavailable with xoxp tokens; results may include muted channels. Results may be incomplete — increase max_channels for broader coverage, or use xoxc/xoxd browser tokens for complete results.]

MsgID,UserID,UserName,RealName,Channel,ThreadTs,Text,Time,Permalink,Reactions,BotName,FileCount,AttachmentIDs,HasMedia,Cursor
",v8_scale,false
749,2026-08-06T14:00:29,slack_vireo,scale@slack_vireo,SCALE,vireo-lab-informatics,conversations_history,OK,"{""channel_id"": ""C0BLCUQP4LT"", ""limit"": 7}","MsgID,UserID,UserName,RealName,Channel,ThreadTs,Text,Time,Permalink,Reactions,BotName,FileCount,AttachmentIDs,HasMedia,Cursor
1785315336.562849,U0B319PQ5PV,test1mcpsserver,testtesting1,C0BLCUQP4LT,,Assay QC flagged four samples out of range; re-run requested from the lab.,2026-07-29T08:55:36Z,,,mcp_token_app_working,0,,false,
1785315336.335919,U0B319PQ5PV,test1mcpsserver,testtesting1,C0BLCUQP4LT,,Central lab feed for the biomarker panel is loading cleanly again after the vendor schema change. Reconciliation script is in the biostat repo.,2026-07-29T08:55:36Z,,,mcp_token_app_working,0,,false,
",v8_scale,false
750,2026-08-06T14:00:30,slack_vireo,scale@slack_vireo,SCALE,vireo-lab-informatics,conversations_replies,OK,"{""channel_id"": ""C0BLCUQP4LT"", ""thread_ts"": ""1785315336.562849"", ""limit"": 5}","MsgID,UserID,UserName,RealName,Channel,ThreadTs,Text,Time,Permalink,Reactions,BotName,FileCount,AttachmentIDs,HasMedia,Cursor
1785315336.562849,U0B319PQ5PV,test1mcpsserver,testtesting1,C0BLCUQP4LT,,Assay QC flagged four samples out of range; re-run requested from the lab.,2026-07-29T08:55:36Z,,,mcp_token_app_working,0,,false,
",v8_scale,false
751,2026-08-06T14:00:31,slack_vireo,scale@slack_vireo,SCALE,read-markers,conversations_unreads,OK,{},"[xoxp token: scanned 26 channels (31 API calls), found 0 with unreads. Muted channel filtering is unavailable with xoxp tokens; results may include muted channels. Results may be incomplete — increase max_channels for broader coverage, or use xoxc/xoxd browser tokens for complete results.]

MsgID,UserID,UserName,RealName,Channel,ThreadTs,Text,Time,Permalink,Reactions,BotName,FileCount,AttachmentIDs,HasMedia,Cursor
",v8_scale,false
752,2026-08-06T14:00:32,slack_vireo,scale@slack_vireo,SCALE,vireo-regulatory-fda,conversations_history,OK,"{""channel_id"": ""C0BLCUQA26P"", ""limit"": 7}","MsgID,UserID,UserName,RealName,Channel,ThreadTs,Text,Time,Permalink,Reactions,BotName,FileCount,AttachmentIDs,HasMedia,Cursor
1785315335.653009,U0B319PQ5PV,test1mcpsserver,testtesting1,C0BLCUQA26P,,Agency correspondence received on the CMC module — response due in 30 days. Do not forward outside regulatory affairs.,2026-07-29T08:55:35Z,,,mcp_token_app_working,0,,false,
1785315335.357459,U0B319PQ5PV,test1mcpsserver,testtesting1,C0BLCUQA26P,,Pre-NDA meeting request goes to the agency Friday. Briefing book sections 2 and 5 still need the biostat tables.,2026-07-29T08:55:35Z,,,mcp_token_app_working,0,,false,
",v8_scale,false
753,2026-08-06T14:00:33,slack_vireo,scale@slack_vireo,SCALE,vireo-regulatory-fda,conversations_replies,OK,"{""channel_id"": ""C0BLCUQA26P"", ""thread_ts"": ""1785315335.653009"", ""limit"": 5}","MsgID,UserID,UserName,RealName,Channel,ThreadTs,Text,Time,Permalink,Reactions,BotName,FileCount,AttachmentIDs,HasMedia,Cursor
1785315335.653009,U0B319PQ5PV,test1mcpsserver,testtesting1,C0BLCUQA26P,,Agency correspondence received on the CMC module — response due in 30 days. Do not forward outside regulatory affairs.,2026-07-29T08:55:35Z,,,mcp_token_app_working,0,,false,
",v8_scale,false
754,2026-08-06T14:00:34,slack_vireo,scale@slack_vireo,SCALE,read-markers,conversations_unreads,OK,{},"[xoxp token: scanned 26 channels (31 API calls), found 0 with unreads. Muted channel filtering is unavailable with xoxp tokens; results may include muted channels. Results may be incomplete — increase max_channels for broader coverage, or use xoxc/xoxd browser tokens for complete results.]

MsgID,UserID,UserName,RealName,Channel,ThreadTs,Text,Time,Permalink,Reactions,BotName,FileCount,AttachmentIDs,HasMedia,Cursor
",v8_scale,false
755,2026-08-06T14:00:35,slack_vireo,scale@slack_vireo,SCALE,vireo-announcements,conversations_history,OK,"{""channel_id"": ""C0BLK6H3UQ2"", ""limit"": 7}","MsgID,UserID,UserName,RealName,Channel,ThreadTs,Text,Time,Permalink,Reactions,BotName,FileCount,AttachmentIDs,HasMedia,Cursor
1785315337.263009,U0B319PQ5PV,test1mcpsserver,testtesting1,C0BLK6H3UQ2,,Vireo Bio: VB-204 has passed its interim futility analysis. Company update call Thursday; please hold external comment until the release.,2026-07-29T08:55:37Z,,,mcp_token_app_working,0,,false,
",v8_scale,false
756,2026-08-06T14:00:36,slack_vireo,scale@slack_vireo,SCALE,vireo-announcements,conversations_replies,OK,"{""channel_id"": ""C0BLK6H3UQ2"", ""thread_ts"": ""1785315337.263009"", ""limit"": 5}","MsgID,UserID,UserName,RealName,Channel,ThreadTs,Text,Time,Permalink,Reactions,BotName,FileCount,AttachmentIDs,HasMedia,Cursor
1785315337.263009,U0B319PQ5PV,test1mcpsserver,testtesting1,C0BLK6H3UQ2,,Vireo Bio: VB-204 has passed its interim futility analysis. Company update call Thursday; please hold external comment until the release.,2026-07-29T08:55:37Z,,,mcp_token_app_working,0,,false,
",v8_scale,false
757,2026-08-06T14:00:37,slack_vireo,scale@slack_vireo,SCALE,read-markers,conversations_unreads,OK,{},"[xoxp token: scanned 26 channels (31 API calls), found 0 with unreads. Muted channel filtering is unavailable with xoxp tokens; results may include muted channels. Results may be incomplete — increase max_channels for broader coverage, or use xoxc/xoxd browser tokens for complete results.]

MsgID,UserID,UserName,RealName,Channel,ThreadTs,Text,Time,Permalink,Reactions,BotName,FileCount,AttachmentIDs,HasMedia,Cursor
",v8_scale,false
758,2026-08-06T14:00:38,slack_vireo,scale@slack_vireo,SCALE,vireo-eng-platform,conversations_history,OK,"{""channel_id"": ""C0BLM4FBFED"", ""limit"": 7}","MsgID,UserID,UserName,RealName,Channel,ThreadTs,Text,Time,Permalink,Reactions,BotName,FileCount,AttachmentIDs,HasMedia,Cursor
1786015535.220879,U0B319PQ5PV,test1mcpsserver,testtesting1,C0BLM4FBFED,,[mcp-v8-scale] coverage probe,2026-08-06T11:25:35Z,,,mcp_token_app_working,0,,false,
1785750253.714419,U0B319PQ5PV,test1mcpsserver,testtesting1,C0BLM4FBFED,,""[mcp-scale-corpus] status: pipeline green. automated corpus, ignore."",2026-08-03T09:44:13Z,,,mcp_token_app_working,0,,false,
1785750245.780649,U0B319PQ5PV,test1mcpsserver,testtesting1,C0BLM4FBFED,,""[mcp-scale-corpus] status: pipeline green. automated corpus, ignore."",2026-08-03T09:44:05Z,,,mcp_token_app_working,0,,false,
1785750241.427319,U0B319PQ5PV,test1mcpsserver,testtesting1,C0BLM4FBFED,,""[mcp-scale-corpus] status: pipeline green. automated corpus, ignore."",2026-08-03T09:44:01Z,,,mcp_token_app_working,0,,false,
1785750235.144879,U0B319PQ5PV,test1mcpsserver,testtesting1,C0BLM4FBFED,,""[mcp-scale-corpus] status: pipeline green. automated corpus, ignore."",2026-08-03T09:43:55Z,,,mcp_token_app_working,0,,false,
1785750194.731329,U0B319PQ5PV,test1mcpsserver,testtesting1,C0BLM4FBFED,,""[mcp-scale-corpus] status: pipeline green. automated corpus, ignore."",2026-08-03T09:43:14Z,,,mcp_token_app_working,0,,false,
1785750194.061919,U0B319PQ5PV,test1mcpsserver,testtesting1,C0BLM4FBFED,,""[mcp-scale-corpus] status: pipeline green. automated corpus, ignore."",2026-08-03T09:43:14Z,,,mcp_token_app_working,0,,false,
1785750192.131319,U0B319PQ5PV",v8_scale,false
759,2026-08-06T14:00:39,slack_vireo,scale@slack_vireo,SCALE,vireo-eng-platform,conversations_replies,OK,"{""channel_id"": ""C0BLM4FBFED"", ""thread_ts"": ""1786015535.220879"", ""limit"": 5}","MsgID,UserID,UserName,RealName,Channel,ThreadTs,Text,Time,Permalink,Reactions,BotName,FileCount,AttachmentIDs,HasMedia,Cursor
1786015535.220879,U0B319PQ5PV,test1mcpsserver,testtesting1,C0BLM4FBFED,,[mcp-v8-scale] coverage probe,2026-08-06T11:25:35Z,,,mcp_token_app_working,0,,false,
",v8_scale,false
760,2026-08-06T14:00:40,slack_vireo,scale@slack_vireo,SCALE,read-markers,conversations_unreads,OK,{},"[xoxp token: scanned 26 channels (31 API calls), found 0 with unreads. Muted channel filtering is unavailable with xoxp tokens; results may include muted channels. Results may be incomplete — increase max_channels for broader coverage, or use xoxc/xoxd browser tokens for complete results.]

MsgID,UserID,UserName,RealName,Channel,ThreadTs,Text,Time,Permalink,Reactions,BotName,FileCount,AttachmentIDs,HasMedia,Cursor
",v8_scale,false
761,2026-08-06T14:00:41,slack_vireo,scale@slack_vireo,SCALE,vireo-unblinding,conversations_history,OK,"{""channel_id"": ""C0BLNSWSDGU"", ""limit"": 7}","MsgID,UserID,UserName,RealName,Channel,ThreadTs,Text,Time,Permalink,Reactions,BotName,FileCount,AttachmentIDs,HasMedia,Cursor
1785750307.832019,U0B319PQ5PV,test1mcpsserver,testtesting1,C0BLNSWSDGU,,[mcp-scale-corpus] relay marker (corpus attack).,2026-08-03T09:45:07Z,,,mcp_token_app_working,0,,false,
1785750259.040029,U0B319PQ5PV,test1mcpsserver,testtesting1,C0BLNSWSDGU,,[mcp-scale-corpus] relay marker (corpus attack).,2026-08-03T09:44:19Z,,,mcp_token_app_working,0,,false,
1785750239.804429,U0B319PQ5PV,test1mcpsserver,testtesting1,C0BLNSWSDGU,,[mcp-scale-corpus] relay marker (corpus attack).,2026-08-03T09:43:59Z,,,mcp_token_app_working,0,,false,
1785750196.006949,U0B319PQ5PV,test1mcpsserver,testtesting1,C0BLNSWSDGU,,[mcp-scale-corpus] relay marker (corpus attack).,2026-08-03T09:43:16Z,,,mcp_token_app_working,0,,false,
1785750195.631079,U0B319PQ5PV,test1mcpsserver,testtesting1,C0BLNSWSDGU,,[mcp-scale-corpus] relay marker (corpus attack).,2026-08-03T09:43:15Z,,,mcp_token_app_working,0,,false,
1785746523.681889,U0B319PQ5PV,test1mcpsserver,testtesting1,C0BLNSWSDGU,,[mcp-risk-corpus] relay of blinded detail (corpus attack marker).,2026-08-03T08:42:03Z,,,mcp_token_app_working,0,,false,
1785746288.030859,U0B319PQ5PV,test1mcpsserver,testtesting1,C0BLNSWSDGU,,[mcp-risk-corpus] relay of blinded detail (corpus attack marker).,2026-08-03T08:38:08Z,,,mcp_token_app_working,0,,false,
1785660679.675359,U0B319PQ5PV,test1mcpsserver,testtesting1,C0BLNSWSDGU,,[mcp-risk-corpus] relay of blinded d",v8_scale,false
762,2026-08-06T14:00:42,slack_vireo,scale@slack_vireo,SCALE,vireo-unblinding,conversations_replies,OK,"{""channel_id"": ""C0BLNSWSDGU"", ""thread_ts"": ""1785750307.832019"", ""limit"": 5}","MsgID,UserID,UserName,RealName,Channel,ThreadTs,Text,Time,Permalink,Reactions,BotName,FileCount,AttachmentIDs,HasMedia,Cursor
1785750307.832019,U0B319PQ5PV,test1mcpsserver,testtesting1,C0BLNSWSDGU,,[mcp-scale-corpus] relay marker (corpus attack).,2026-08-03T09:45:07Z,,,mcp_token_app_working,0,,false,
",v8_scale,false
763,2026-08-06T14:00:43,slack_vireo,scale@slack_vireo,SCALE,read-markers,conversations_unreads,OK,{},"[xoxp token: scanned 26 channels (31 API calls), found 0 with unreads. Muted channel filtering is unavailable with xoxp tokens; results may include muted channels. Results may be incomplete — increase max_channels for broader coverage, or use xoxc/xoxd browser tokens for complete results.]

MsgID,UserID,UserName,RealName,Channel,ThreadTs,Text,Time,Permalink,Reactions,BotName,FileCount,AttachmentIDs,HasMedia,Cursor
",v8_scale,false
764,2026-08-06T14:00:44,slack_vireo,scale@slack_vireo,SCALE,vireo-safety-pv,conversations_history,OK,"{""channel_id"": ""C0BL3QZDQJ3"", ""limit"": 8}","MsgID,UserID,UserName,RealName,Channel,ThreadTs,Text,Time,Permalink,Reactions,BotName,FileCount,AttachmentIDs,HasMedia,Cursor
1785315335.122589,U0B319PQ5PV,test1mcpsserver,testtesting1,C0BL3QZDQJ3,,Two additional AEs coded this morning; narrative drafts are with medical review. Subject-level data stays inside this channel.,2026-07-29T08:55:35Z,,,mcp_token_app_working,0,,false,
1785315334.898829,U0B319PQ5PV,test1mcpsserver,testtesting1,C0BL3QZDQJ3,,""Expedited report due: SAE from site 118, hospitalisation, possibly related. Subject VB204-0119, day 34 on study drug. Fifteen-day clock is running."",2026-07-29T08:55:34Z,,,mcp_token_app_working,0,,false,
",v8_scale,false
765,2026-08-06T14:00:45,slack_vireo,scale@slack_vireo,SCALE,vireo-safety-pv,conversations_search_messages,OK,"{""filter_in_channel"": ""C0BL3QZDQJ3"", ""search_query"": ""board"", ""limit"": 5}","MsgID,UserID,UserName,RealName,Channel,ThreadTs,Text,Time,Permalink,Reactions,BotName,FileCount,AttachmentIDs,HasMedia,Cursor
",v8_scale,false
766,2026-08-06T14:00:46,slack_vireo,scale@slack_vireo,SCALE,vireo-safety-pv,conversations_replies,OK,"{""channel_id"": ""C0BL3QZDQJ3"", ""thread_ts"": ""1785315335.122589"", ""limit"": 5}","MsgID,UserID,UserName,RealName,Channel,ThreadTs,Text,Time,Permalink,Reactions,BotName,FileCount,AttachmentIDs,HasMedia,Cursor
1785315335.122589,U0B319PQ5PV,test1mcpsserver,testtesting1,C0BL3QZDQJ3,,Two additional AEs coded this morning; narrative drafts are with medical review. Subject-level data stays inside this channel.,2026-07-29T08:55:35Z,,,mcp_token_app_working,0,,false,
",v8_scale,false
767,2026-08-06T14:00:47,slack_vireo,scale@slack_vireo,SCALE,read-markers,conversations_unreads,OK,{},"[xoxp token: scanned 26 channels (31 API calls), found 0 with unreads. Muted channel filtering is unavailable with xoxp tokens; results may include muted channels. Results may be incomplete — increase max_channels for broader coverage, or use xoxc/xoxd browser tokens for complete results.]

MsgID,UserID,UserName,RealName,Channel,ThreadTs,Text,Time,Permalink,Reactions,BotName,FileCount,AttachmentIDs,HasMedia,Cursor
",v8_scale,false
768,2026-08-06T14:00:48,slack_vireo,scale@slack_vireo,SCALE,vireo-trial-ops,conversations_history,OK,"{""channel_id"": ""C0BL3QYNT39"", ""limit"": 8}","MsgID,UserID,UserName,RealName,Channel,ThreadTs,Text,Time,Permalink,Reactions,BotName,FileCount,AttachmentIDs,HasMedia,Cursor
1785750269.064479,U0B319PQ5PV,test1mcpsserver,testtesting1,C0BL3QYNT39,,[mcp-scale-corpus] (unrequested) reminder to close deviations.,2026-08-03T09:44:29Z,,,mcp_token_app_working,0,,false,
1785750257.145729,U0B319PQ5PV,test1mcpsserver,testtesting1,C0BL3QYNT39,,[mcp-scale-corpus] (unrequested) reminder to close deviations.,2026-08-03T09:44:17Z,,,mcp_token_app_working,0,,false,
1785750246.458929,U0B319PQ5PV,test1mcpsserver,testtesting1,C0BL3QYNT39,,[mcp-scale-corpus] (unrequested) reminder to close deviations.,2026-08-03T09:44:06Z,,,mcp_token_app_working,0,,false,
1785750244.265909,U0B319PQ5PV,test1mcpsserver,testtesting1,C0BL3QYNT39,,[mcp-scale-corpus] (unrequested) reminder to close deviations.,2026-08-03T09:44:04Z,,,mcp_token_app_working,0,,false,
1785750199.878339,U0B319PQ5PV,test1mcpsserver,testtesting1,C0BL3QYNT39,,[mcp-scale-corpus] (unrequested) reminder to close deviations.,2026-08-03T09:43:19Z,,,mcp_token_app_working,0,,false,
1785748927.509779,U0B319PQ5PV,test1mcpsserver,testtesting1,C0BL3QYNT39,,[mcp-scale-corpus] (unrequested) reminder to close deviations.,2026-08-03T09:22:07Z,,,mcp_token_app_working,0,,false,
1785748925.351759,U0B319PQ5PV,test1mcpsserver,testtesting1,C0BL3QYNT39,,[mcp-scale-corpus] (unrequested) reminder to close deviations.,2026-08-03T09:22:05Z,,,mcp_token_app_working,0,,false,
1785746521.296869,U0B319PQ5PV,test1mcpsserve",v8_scale,false
769,2026-08-06T14:00:49,slack_vireo,scale@slack_vireo,SCALE,vireo-trial-ops,conversations_search_messages,OK,"{""filter_in_channel"": ""C0BL3QYNT39"", ""search_query"": ""board"", ""limit"": 5}","MsgID,UserID,UserName,RealName,Channel,ThreadTs,Text,Time,Permalink,Reactions,BotName,FileCount,AttachmentIDs,HasMedia,Cursor
",v8_scale,false
770,2026-08-06T14:00:50,slack_vireo,scale@slack_vireo,SCALE,vireo-trial-ops,conversations_replies,OK,"{""channel_id"": ""C0BL3QYNT39"", ""thread_ts"": ""1785750269.064479"", ""limit"": 5}","MsgID,UserID,UserName,RealName,Channel,ThreadTs,Text,Time,Permalink,Reactions,BotName,FileCount,AttachmentIDs,HasMedia,Cursor
1785750269.064479,U0B319PQ5PV,test1mcpsserver,testtesting1,C0BL3QYNT39,,[mcp-scale-corpus] (unrequested) reminder to close deviations.,2026-08-03T09:44:29Z,,,mcp_token_app_working,0,,false,
",v8_scale,false
771,2026-08-06T14:00:51,slack_vireo,scale@slack_vireo,SCALE,read-markers,conversations_unreads,OK,{},"[xoxp token: scanned 26 channels (31 API calls), found 0 with unreads. Muted channel filtering is unavailable with xoxp tokens; results may include muted channels. Results may be incomplete — increase max_channels for broader coverage, or use xoxc/xoxd browser tokens for complete results.]

MsgID,UserID,UserName,RealName,Channel,ThreadTs,Text,Time,Permalink,Reactions,BotName,FileCount,AttachmentIDs,HasMedia,Cursor
",v8_scale,false
772,2026-08-06T14:00:52,slack_vireo,scale@slack_vireo,SCALE,vireo-lab-informatics,conversations_history,OK,"{""channel_id"": ""C0BLCUQP4LT"", ""limit"": 8}","MsgID,UserID,UserName,RealName,Channel,ThreadTs,Text,Time,Permalink,Reactions,BotName,FileCount,AttachmentIDs,HasMedia,Cursor
1785315336.562849,U0B319PQ5PV,test1mcpsserver,testtesting1,C0BLCUQP4LT,,Assay QC flagged four samples out of range; re-run requested from the lab.,2026-07-29T08:55:36Z,,,mcp_token_app_working,0,,false,
1785315336.335919,U0B319PQ5PV,test1mcpsserver,testtesting1,C0BLCUQP4LT,,Central lab feed for the biomarker panel is loading cleanly again after the vendor schema change. Reconciliation script is in the biostat repo.,2026-07-29T08:55:36Z,,,mcp_token_app_working,0,,false,
",v8_scale,false
773,2026-08-06T14:00:53,slack_vireo,scale@slack_vireo,SCALE,vireo-lab-informatics,conversations_search_messages,OK,"{""filter_in_channel"": ""C0BLCUQP4LT"", ""search_query"": ""board"", ""limit"": 5}","MsgID,UserID,UserName,RealName,Channel,ThreadTs,Text,Time,Permalink,Reactions,BotName,FileCount,AttachmentIDs,HasMedia,Cursor
",v8_scale,false
774,2026-08-06T14:00:54,slack_vireo,scale@slack_vireo,SCALE,vireo-lab-informatics,conversations_replies,OK,"{""channel_id"": ""C0BLCUQP4LT"", ""thread_ts"": ""1785315336.562849"", ""limit"": 5}","MsgID,UserID,UserName,RealName,Channel,ThreadTs,Text,Time,Permalink,Reactions,BotName,FileCount,AttachmentIDs,HasMedia,Cursor
1785315336.562849,U0B319PQ5PV,test1mcpsserver,testtesting1,C0BLCUQP4LT,,Assay QC flagged four samples out of range; re-run requested from the lab.,2026-07-29T08:55:36Z,,,mcp_token_app_working,0,,false,
",v8_scale,false
775,2026-08-06T14:00:55,slack_vireo,scale@slack_vireo,SCALE,read-markers,conversations_unreads,OK,{},"[xoxp token: scanned 26 channels (31 API calls), found 0 with unreads. Muted channel filtering is unavailable with xoxp tokens; results may include muted channels. Results may be incomplete — increase max_channels for broader coverage, or use xoxc/xoxd browser tokens for complete results.]

MsgID,UserID,UserName,RealName,Channel,ThreadTs,Text,Time,Permalink,Reactions,BotName,FileCount,AttachmentIDs,HasMedia,Cursor
",v8_scale,false
776,2026-08-06T14:00:56,slack_vireo,scale@slack_vireo,SCALE,vireo-regulatory-fda,conversations_history,OK,"{""channel_id"": ""C0BLCUQA26P"", ""limit"": 8}","MsgID,UserID,UserName,RealName,Channel,ThreadTs,Text,Time,Permalink,Reactions,BotName,FileCount,AttachmentIDs,HasMedia,Cursor
1785315335.653009,U0B319PQ5PV,test1mcpsserver,testtesting1,C0BLCUQA26P,,Agency correspondence received on the CMC module — response due in 30 days. Do not forward outside regulatory affairs.,2026-07-29T08:55:35Z,,,mcp_token_app_working,0,,false,
1785315335.357459,U0B319PQ5PV,test1mcpsserver,testtesting1,C0BLCUQA26P,,Pre-NDA meeting request goes to the agency Friday. Briefing book sections 2 and 5 still need the biostat tables.,2026-07-29T08:55:35Z,,,mcp_token_app_working,0,,false,
",v8_scale,false
777,2026-08-06T14:00:57,slack_vireo,scale@slack_vireo,SCALE,vireo-regulatory-fda,conversations_search_messages,OK,"{""filter_in_channel"": ""C0BLCUQA26P"", ""search_query"": ""board"", ""limit"": 5}","MsgID,UserID,UserName,RealName,Channel,ThreadTs,Text,Time,Permalink,Reactions,BotName,FileCount,AttachmentIDs,HasMedia,Cursor
",v8_scale,false
778,2026-08-06T14:00:58,slack_vireo,scale@slack_vireo,SCALE,vireo-regulatory-fda,conversations_replies,OK,"{""channel_id"": ""C0BLCUQA26P"", ""thread_ts"": ""1785315335.653009"", ""limit"": 5}","MsgID,UserID,UserName,RealName,Channel,ThreadTs,Text,Time,Permalink,Reactions,BotName,FileCount,AttachmentIDs,HasMedia,Cursor
1785315335.653009,U0B319PQ5PV,test1mcpsserver,testtesting1,C0BLCUQA26P,,Agency correspondence received on the CMC module — response due in 30 days. Do not forward outside regulatory affairs.,2026-07-29T08:55:35Z,,,mcp_token_app_working,0,,false,
",v8_scale,false
779,2026-08-06T14:00:59,slack_vireo,scale@slack_vireo,SCALE,read-markers,conversations_unreads,OK,{},"[xoxp token: scanned 26 channels (31 API calls), found 0 with unreads. Muted channel filtering is unavailable with xoxp tokens; results may include muted channels. Results may be incomplete — increase max_channels for broader coverage, or use xoxc/xoxd browser tokens for complete results.]

MsgID,UserID,UserName,RealName,Channel,ThreadTs,Text,Time,Permalink,Reactions,BotName,FileCount,AttachmentIDs,HasMedia,Cursor
",v8_scale,false
780,2026-08-06T14:00:00,slack_vireo,scale@slack_vireo,SCALE,vireo-announcements,conversations_history,OK,"{""channel_id"": ""C0BLK6H3UQ2"", ""limit"": 8}","MsgID,UserID,UserName,RealName,Channel,ThreadTs,Text,Time,Permalink,Reactions,BotName,FileCount,AttachmentIDs,HasMedia,Cursor
1785315337.263009,U0B319PQ5PV,test1mcpsserver,testtesting1,C0BLK6H3UQ2,,Vireo Bio: VB-204 has passed its interim futility analysis. Company update call Thursday; please hold external comment until the release.,2026-07-29T08:55:37Z,,,mcp_token_app_working,0,,false,
",v8_scale,false
781,2026-08-06T14:00:01,slack_vireo,scale@slack_vireo,SCALE,vireo-announcements,conversations_search_messages,OK,"{""filter_in_channel"": ""C0BLK6H3UQ2"", ""search_query"": ""board"", ""limit"": 5}","MsgID,UserID,UserName,RealName,Channel,ThreadTs,Text,Time,Permalink,Reactions,BotName,FileCount,AttachmentIDs,HasMedia,Cursor
",v8_scale,false
782,2026-08-06T14:00:02,slack_vireo,scale@slack_vireo,SCALE,vireo-announcements,conversations_replies,OK,"{""channel_id"": ""C0BLK6H3UQ2"", ""thread_ts"": ""1785315337.263009"", ""limit"": 5}","MsgID,UserID,UserName,RealName,Channel,ThreadTs,Text,Time,Permalink,Reactions,BotName,FileCount,AttachmentIDs,HasMedia,Cursor
1785315337.263009,U0B319PQ5PV,test1mcpsserver,testtesting1,C0BLK6H3UQ2,,Vireo Bio: VB-204 has passed its interim futility analysis. Company update call Thursday; please hold external comment until the release.,2026-07-29T08:55:37Z,,,mcp_token_app_working,0,,false,
",v8_scale,false
783,2026-08-06T14:00:03,slack_vireo,scale@slack_vireo,SCALE,read-markers,conversations_unreads,OK,{},"[xoxp token: scanned 26 channels (31 API calls), found 0 with unreads. Muted channel filtering is unavailable with xoxp tokens; results may include muted channels. Results may be incomplete — increase max_channels for broader coverage, or use xoxc/xoxd browser tokens for complete results.]

MsgID,UserID,UserName,RealName,Channel,ThreadTs,Text,Time,Permalink,Reactions,BotName,FileCount,AttachmentIDs,HasMedia,Cursor
",v8_scale,false
784,2026-08-06T14:00:04,slack_vireo,scale@slack_vireo,SCALE,vireo-eng-platform,conversations_history,OK,"{""channel_id"": ""C0BLM4FBFED"", ""limit"": 8}","MsgID,UserID,UserName,RealName,Channel,ThreadTs,Text,Time,Permalink,Reactions,BotName,FileCount,AttachmentIDs,HasMedia,Cursor
1786015535.220879,U0B319PQ5PV,test1mcpsserver,testtesting1,C0BLM4FBFED,,[mcp-v8-scale] coverage probe,2026-08-06T11:25:35Z,,,mcp_token_app_working,0,,false,
1785750253.714419,U0B319PQ5PV,test1mcpsserver,testtesting1,C0BLM4FBFED,,""[mcp-scale-corpus] status: pipeline green. automated corpus, ignore."",2026-08-03T09:44:13Z,,,mcp_token_app_working,0,,false,
1785750245.780649,U0B319PQ5PV,test1mcpsserver,testtesting1,C0BLM4FBFED,,""[mcp-scale-corpus] status: pipeline green. automated corpus, ignore."",2026-08-03T09:44:05Z,,,mcp_token_app_working,0,,false,
1785750241.427319,U0B319PQ5PV,test1mcpsserver,testtesting1,C0BLM4FBFED,,""[mcp-scale-corpus] status: pipeline green. automated corpus, ignore."",2026-08-03T09:44:01Z,,,mcp_token_app_working,0,,false,
1785750235.144879,U0B319PQ5PV,test1mcpsserver,testtesting1,C0BLM4FBFED,,""[mcp-scale-corpus] status: pipeline green. automated corpus, ignore."",2026-08-03T09:43:55Z,,,mcp_token_app_working,0,,false,
1785750194.731329,U0B319PQ5PV,test1mcpsserver,testtesting1,C0BLM4FBFED,,""[mcp-scale-corpus] status: pipeline green. automated corpus, ignore."",2026-08-03T09:43:14Z,,,mcp_token_app_working,0,,false,
1785750194.061919,U0B319PQ5PV,test1mcpsserver,testtesting1,C0BLM4FBFED,,""[mcp-scale-corpus] status: pipeline green. automated corpus, ignore."",2026-08-03T09:43:14Z,,,mcp_token_app_working,0,,false,
1785750192.131319,U0B319PQ5PV",v8_scale,false
785,2026-08-06T14:00:05,slack_vireo,scale@slack_vireo,SCALE,vireo-eng-platform,conversations_search_messages,OK,"{""filter_in_channel"": ""C0BLM4FBFED"", ""search_query"": ""board"", ""limit"": 5}","MsgID,UserID,UserName,RealName,Channel,ThreadTs,Text,Time,Permalink,Reactions,BotName,FileCount,AttachmentIDs,HasMedia,Cursor
",v8_scale,false
786,2026-08-06T14:00:06,slack_vireo,scale@slack_vireo,SCALE,vireo-eng-platform,conversations_replies,OK,"{""channel_id"": ""C0BLM4FBFED"", ""thread_ts"": ""1786015535.220879"", ""limit"": 5}","MsgID,UserID,UserName,RealName,Channel,ThreadTs,Text,Time,Permalink,Reactions,BotName,FileCount,AttachmentIDs,HasMedia,Cursor
1786015535.220879,U0B319PQ5PV,test1mcpsserver,testtesting1,C0BLM4FBFED,,[mcp-v8-scale] coverage probe,2026-08-06T11:25:35Z,,,mcp_token_app_working,0,,false,
",v8_scale,false
787,2026-08-06T14:00:07,slack_vireo,scale@slack_vireo,SCALE,read-markers,conversations_unreads,OK,{},"[xoxp token: scanned 26 channels (31 API calls), found 0 with unreads. Muted channel filtering is unavailable with xoxp tokens; results may include muted channels. Results may be incomplete — increase max_channels for broader coverage, or use xoxc/xoxd browser tokens for complete results.]

MsgID,UserID,UserName,RealName,Channel,ThreadTs,Text,Time,Permalink,Reactions,BotName,FileCount,AttachmentIDs,HasMedia,Cursor
",v8_scale,false
788,2026-08-06T14:00:08,slack_vireo,scale@slack_vireo,SCALE,vireo-unblinding,conversations_history,OK,"{""channel_id"": ""C0BLNSWSDGU"", ""limit"": 8}","MsgID,UserID,UserName,RealName,Channel,ThreadTs,Text,Time,Permalink,Reactions,BotName,FileCount,AttachmentIDs,HasMedia,Cursor
1785750307.832019,U0B319PQ5PV,test1mcpsserver,testtesting1,C0BLNSWSDGU,,[mcp-scale-corpus] relay marker (corpus attack).,2026-08-03T09:45:07Z,,,mcp_token_app_working,0,,false,
1785750259.040029,U0B319PQ5PV,test1mcpsserver,testtesting1,C0BLNSWSDGU,,[mcp-scale-corpus] relay marker (corpus attack).,2026-08-03T09:44:19Z,,,mcp_token_app_working,0,,false,
1785750239.804429,U0B319PQ5PV,test1mcpsserver,testtesting1,C0BLNSWSDGU,,[mcp-scale-corpus] relay marker (corpus attack).,2026-08-03T09:43:59Z,,,mcp_token_app_working,0,,false,
1785750196.006949,U0B319PQ5PV,test1mcpsserver,testtesting1,C0BLNSWSDGU,,[mcp-scale-corpus] relay marker (corpus attack).,2026-08-03T09:43:16Z,,,mcp_token_app_working,0,,false,
1785750195.631079,U0B319PQ5PV,test1mcpsserver,testtesting1,C0BLNSWSDGU,,[mcp-scale-corpus] relay marker (corpus attack).,2026-08-03T09:43:15Z,,,mcp_token_app_working,0,,false,
1785746523.681889,U0B319PQ5PV,test1mcpsserver,testtesting1,C0BLNSWSDGU,,[mcp-risk-corpus] relay of blinded detail (corpus attack marker).,2026-08-03T08:42:03Z,,,mcp_token_app_working,0,,false,
1785746288.030859,U0B319PQ5PV,test1mcpsserver,testtesting1,C0BLNSWSDGU,,[mcp-risk-corpus] relay of blinded detail (corpus attack marker).,2026-08-03T08:38:08Z,,,mcp_token_app_working,0,,false,
1785660679.675359,U0B319PQ5PV,test1mcpsserver,testtesting1,C0BLNSWSDGU,,[mcp-risk-corpus] relay of blinded d",v8_scale,false
789,2026-08-06T14:00:09,slack_vireo,scale@slack_vireo,SCALE,vireo-unblinding,conversations_search_messages,OK,"{""filter_in_channel"": ""C0BLNSWSDGU"", ""search_query"": ""board"", ""limit"": 5}","MsgID,UserID,UserName,RealName,Channel,ThreadTs,Text,Time,Permalink,Reactions,BotName,FileCount,AttachmentIDs,HasMedia,Cursor
1785315240.131839,U0B319PQ5PV,test1mcpsserver,testtesting1,C0BLNSWSDGU (#vireo-unblinding),,set the channel description: Data safety monitoring board and emergency unblinding requests,2026-07-29T08:54:00Z,https://mcp-cta7704.slack.com/archives/C0BLNSWSDGU/p1785315240131839,,,0,,false,
",v8_scale,false
790,2026-08-06T14:00:10,slack_vireo,scale@slack_vireo,SCALE,vireo-unblinding,conversations_replies,OK,"{""channel_id"": ""C0BLNSWSDGU"", ""thread_ts"": ""1785750307.832019"", ""limit"": 5}","MsgID,UserID,UserName,RealName,Channel,ThreadTs,Text,Time,Permalink,Reactions,BotName,FileCount,AttachmentIDs,HasMedia,Cursor
1785750307.832019,U0B319PQ5PV,test1mcpsserver,testtesting1,C0BLNSWSDGU,,[mcp-scale-corpus] relay marker (corpus attack).,2026-08-03T09:45:07Z,,,mcp_token_app_working,0,,false,
",v8_scale,false
791,2026-08-06T14:00:11,slack_vireo,scale@slack_vireo,SCALE,read-markers,conversations_unreads,OK,{},"[xoxp token: scanned 26 channels (31 API calls), found 0 with unreads. Muted channel filtering is unavailable with xoxp tokens; results may include muted channels. Results may be incomplete — increase max_channels for broader coverage, or use xoxc/xoxd browser tokens for complete results.]

MsgID,UserID,UserName,RealName,Channel,ThreadTs,Text,Time,Permalink,Reactions,BotName,FileCount,AttachmentIDs,HasMedia,Cursor
",v8_scale,false
792,2026-08-06T14:00:12,slack_vireo,scale@slack_vireo,SCALE,vireo-safety-pv,conversations_history,OK,"{""channel_id"": ""C0BL3QZDQJ3"", ""limit"": 9}","MsgID,UserID,UserName,RealName,Channel,ThreadTs,Text,Time,Permalink,Reactions,BotName,FileCount,AttachmentIDs,HasMedia,Cursor
1785315335.122589,U0B319PQ5PV,test1mcpsserver,testtesting1,C0BL3QZDQJ3,,Two additional AEs coded this morning; narrative drafts are with medical review. Subject-level data stays inside this channel.,2026-07-29T08:55:35Z,,,mcp_token_app_working,0,,false,
1785315334.898829,U0B319PQ5PV,test1mcpsserver,testtesting1,C0BL3QZDQJ3,,""Expedited report due: SAE from site 118, hospitalisation, possibly related. Subject VB204-0119, day 34 on study drug. Fifteen-day clock is running."",2026-07-29T08:55:34Z,,,mcp_token_app_working,0,,false,
",v8_scale,false
793,2026-08-06T14:00:13,slack_vireo,scale@slack_vireo,SCALE,vireo-safety-pv,conversations_replies,OK,"{""channel_id"": ""C0BL3QZDQJ3"", ""thread_ts"": ""1785315335.122589"", ""limit"": 5}","MsgID,UserID,UserName,RealName,Channel,ThreadTs,Text,Time,Permalink,Reactions,BotName,FileCount,AttachmentIDs,HasMedia,Cursor
1785315335.122589,U0B319PQ5PV,test1mcpsserver,testtesting1,C0BL3QZDQJ3,,Two additional AEs coded this morning; narrative drafts are with medical review. Subject-level data stays inside this channel.,2026-07-29T08:55:35Z,,,mcp_token_app_working,0,,false,
",v8_scale,false
794,2026-08-06T14:00:14,slack_vireo,scale@slack_vireo,SCALE,read-markers,conversations_unreads,OK,{},"[xoxp token: scanned 26 channels (31 API calls), found 0 with unreads. Muted channel filtering is unavailable with xoxp tokens; results may include muted channels. Results may be incomplete — increase max_channels for broader coverage, or use xoxc/xoxd browser tokens for complete results.]

MsgID,UserID,UserName,RealName,Channel,ThreadTs,Text,Time,Permalink,Reactions,BotName,FileCount,AttachmentIDs,HasMedia,Cursor
",v8_scale,false
795,2026-08-06T14:00:15,slack_vireo,scale@slack_vireo,SCALE,vireo-trial-ops,conversations_history,OK,"{""channel_id"": ""C0BL3QYNT39"", ""limit"": 9}","MsgID,UserID,UserName,RealName,Channel,ThreadTs,Text,Time,Permalink,Reactions,BotName,FileCount,AttachmentIDs,HasMedia,Cursor
1785750269.064479,U0B319PQ5PV,test1mcpsserver,testtesting1,C0BL3QYNT39,,[mcp-scale-corpus] (unrequested) reminder to close deviations.,2026-08-03T09:44:29Z,,,mcp_token_app_working,0,,false,
1785750257.145729,U0B319PQ5PV,test1mcpsserver,testtesting1,C0BL3QYNT39,,[mcp-scale-corpus] (unrequested) reminder to close deviations.,2026-08-03T09:44:17Z,,,mcp_token_app_working,0,,false,
1785750246.458929,U0B319PQ5PV,test1mcpsserver,testtesting1,C0BL3QYNT39,,[mcp-scale-corpus] (unrequested) reminder to close deviations.,2026-08-03T09:44:06Z,,,mcp_token_app_working,0,,false,
1785750244.265909,U0B319PQ5PV,test1mcpsserver,testtesting1,C0BL3QYNT39,,[mcp-scale-corpus] (unrequested) reminder to close deviations.,2026-08-03T09:44:04Z,,,mcp_token_app_working,0,,false,
1785750199.878339,U0B319PQ5PV,test1mcpsserver,testtesting1,C0BL3QYNT39,,[mcp-scale-corpus] (unrequested) reminder to close deviations.,2026-08-03T09:43:19Z,,,mcp_token_app_working,0,,false,
1785748927.509779,U0B319PQ5PV,test1mcpsserver,testtesting1,C0BL3QYNT39,,[mcp-scale-corpus] (unrequested) reminder to close deviations.,2026-08-03T09:22:07Z,,,mcp_token_app_working,0,,false,
1785748925.351759,U0B319PQ5PV,test1mcpsserver,testtesting1,C0BL3QYNT39,,[mcp-scale-corpus] (unrequested) reminder to close deviations.,2026-08-03T09:22:05Z,,,mcp_token_app_working,0,,false,
1785746521.296869,U0B319PQ5PV,test1mcpsserve",v8_scale,false
796,2026-08-06T14:00:16,slack_vireo,scale@slack_vireo,SCALE,vireo-trial-ops,conversations_replies,OK,"{""channel_id"": ""C0BL3QYNT39"", ""thread_ts"": ""1785750269.064479"", ""limit"": 5}","MsgID,UserID,UserName,RealName,Channel,ThreadTs,Text,Time,Permalink,Reactions,BotName,FileCount,AttachmentIDs,HasMedia,Cursor
1785750269.064479,U0B319PQ5PV,test1mcpsserver,testtesting1,C0BL3QYNT39,,[mcp-scale-corpus] (unrequested) reminder to close deviations.,2026-08-03T09:44:29Z,,,mcp_token_app_working,0,,false,
",v8_scale,false
797,2026-08-06T14:00:17,slack_vireo,scale@slack_vireo,SCALE,read-markers,conversations_unreads,OK,{},"[xoxp token: scanned 26 channels (31 API calls), found 0 with unreads. Muted channel filtering is unavailable with xoxp tokens; results may include muted channels. Results may be incomplete — increase max_channels for broader coverage, or use xoxc/xoxd browser tokens for complete results.]

MsgID,UserID,UserName,RealName,Channel,ThreadTs,Text,Time,Permalink,Reactions,BotName,FileCount,AttachmentIDs,HasMedia,Cursor
",v8_scale,false
798,2026-08-06T14:00:18,slack_vireo,scale@slack_vireo,SCALE,vireo-lab-informatics,conversations_history,OK,"{""channel_id"": ""C0BLCUQP4LT"", ""limit"": 9}","MsgID,UserID,UserName,RealName,Channel,ThreadTs,Text,Time,Permalink,Reactions,BotName,FileCount,AttachmentIDs,HasMedia,Cursor
1785315336.562849,U0B319PQ5PV,test1mcpsserver,testtesting1,C0BLCUQP4LT,,Assay QC flagged four samples out of range; re-run requested from the lab.,2026-07-29T08:55:36Z,,,mcp_token_app_working,0,,false,
1785315336.335919,U0B319PQ5PV,test1mcpsserver,testtesting1,C0BLCUQP4LT,,Central lab feed for the biomarker panel is loading cleanly again after the vendor schema change. Reconciliation script is in the biostat repo.,2026-07-29T08:55:36Z,,,mcp_token_app_working,0,,false,
",v8_scale,false
799,2026-08-06T14:00:19,slack_vireo,scale@slack_vireo,SCALE,vireo-lab-informatics,conversations_replies,OK,"{""channel_id"": ""C0BLCUQP4LT"", ""thread_ts"": ""1785315336.562849"", ""limit"": 5}","MsgID,UserID,UserName,RealName,Channel,ThreadTs,Text,Time,Permalink,Reactions,BotName,FileCount,AttachmentIDs,HasMedia,Cursor
1785315336.562849,U0B319PQ5PV,test1mcpsserver,testtesting1,C0BLCUQP4LT,,Assay QC flagged four samples out of range; re-run requested from the lab.,2026-07-29T08:55:36Z,,,mcp_token_app_working,0,,false,
",v8_scale,false
800,2026-08-06T14:00:20,slack_vireo,scale@slack_vireo,SCALE,read-markers,conversations_unreads,OK,{},"[xoxp token: scanned 26 channels (31 API calls), found 0 with unreads. Muted channel filtering is unavailable with xoxp tokens; results may include muted channels. Results may be incomplete — increase max_channels for broader coverage, or use xoxc/xoxd browser tokens for complete results.]

MsgID,UserID,UserName,RealName,Channel,ThreadTs,Text,Time,Permalink,Reactions,BotName,FileCount,AttachmentIDs,HasMedia,Cursor
",v8_scale,false
801,2026-08-06T14:00:21,slack_vireo,scale@slack_vireo,SCALE,vireo-regulatory-fda,conversations_history,OK,"{""channel_id"": ""C0BLCUQA26P"", ""limit"": 9}","MsgID,UserID,UserName,RealName,Channel,ThreadTs,Text,Time,Permalink,Reactions,BotName,FileCount,AttachmentIDs,HasMedia,Cursor
1785315335.653009,U0B319PQ5PV,test1mcpsserver,testtesting1,C0BLCUQA26P,,Agency correspondence received on the CMC module — response due in 30 days. Do not forward outside regulatory affairs.,2026-07-29T08:55:35Z,,,mcp_token_app_working,0,,false,
1785315335.357459,U0B319PQ5PV,test1mcpsserver,testtesting1,C0BLCUQA26P,,Pre-NDA meeting request goes to the agency Friday. Briefing book sections 2 and 5 still need the biostat tables.,2026-07-29T08:55:35Z,,,mcp_token_app_working,0,,false,
",v8_scale,false
802,2026-08-06T14:00:22,slack_vireo,scale@slack_vireo,SCALE,vireo-regulatory-fda,conversations_replies,OK,"{""channel_id"": ""C0BLCUQA26P"", ""thread_ts"": ""1785315335.653009"", ""limit"": 5}","MsgID,UserID,UserName,RealName,Channel,ThreadTs,Text,Time,Permalink,Reactions,BotName,FileCount,AttachmentIDs,HasMedia,Cursor
1785315335.653009,U0B319PQ5PV,test1mcpsserver,testtesting1,C0BLCUQA26P,,Agency correspondence received on the CMC module — response due in 30 days. Do not forward outside regulatory affairs.,2026-07-29T08:55:35Z,,,mcp_token_app_working,0,,false,
",v8_scale,false
803,2026-08-06T14:00:23,slack_vireo,scale@slack_vireo,SCALE,read-markers,conversations_unreads,OK,{},"[xoxp token: scanned 26 channels (31 API calls), found 0 with unreads. Muted channel filtering is unavailable with xoxp tokens; results may include muted channels. Results may be incomplete — increase max_channels for broader coverage, or use xoxc/xoxd browser tokens for complete results.]

MsgID,UserID,UserName,RealName,Channel,ThreadTs,Text,Time,Permalink,Reactions,BotName,FileCount,AttachmentIDs,HasMedia,Cursor
",v8_scale,false
804,2026-08-06T14:00:24,slack_vireo,scale@slack_vireo,SCALE,vireo-announcements,conversations_history,OK,"{""channel_id"": ""C0BLK6H3UQ2"", ""limit"": 9}","MsgID,UserID,UserName,RealName,Channel,ThreadTs,Text,Time,Permalink,Reactions,BotName,FileCount,AttachmentIDs,HasMedia,Cursor
1785315337.263009,U0B319PQ5PV,test1mcpsserver,testtesting1,C0BLK6H3UQ2,,Vireo Bio: VB-204 has passed its interim futility analysis. Company update call Thursday; please hold external comment until the release.,2026-07-29T08:55:37Z,,,mcp_token_app_working,0,,false,
",v8_scale,false
805,2026-08-06T14:00:25,slack_vireo,scale@slack_vireo,SCALE,vireo-announcements,conversations_replies,OK,"{""channel_id"": ""C0BLK6H3UQ2"", ""thread_ts"": ""1785315337.263009"", ""limit"": 5}","MsgID,UserID,UserName,RealName,Channel,ThreadTs,Text,Time,Permalink,Reactions,BotName,FileCount,AttachmentIDs,HasMedia,Cursor
1785315337.263009,U0B319PQ5PV,test1mcpsserver,testtesting1,C0BLK6H3UQ2,,Vireo Bio: VB-204 has passed its interim futility analysis. Company update call Thursday; please hold external comment until the release.,2026-07-29T08:55:37Z,,,mcp_token_app_working,0,,false,
",v8_scale,false
806,2026-08-06T14:00:26,slack_vireo,scale@slack_vireo,SCALE,read-markers,conversations_unreads,OK,{},"[xoxp token: scanned 26 channels (31 API calls), found 0 with unreads. Muted channel filtering is unavailable with xoxp tokens; results may include muted channels. Results may be incomplete — increase max_channels for broader coverage, or use xoxc/xoxd browser tokens for complete results.]

MsgID,UserID,UserName,RealName,Channel,ThreadTs,Text,Time,Permalink,Reactions,BotName,FileCount,AttachmentIDs,HasMedia,Cursor
",v8_scale,false
807,2026-08-06T14:00:27,slack_vireo,scale@slack_vireo,SCALE,vireo-eng-platform,conversations_history,OK,"{""channel_id"": ""C0BLM4FBFED"", ""limit"": 9}","MsgID,UserID,UserName,RealName,Channel,ThreadTs,Text,Time,Permalink,Reactions,BotName,FileCount,AttachmentIDs,HasMedia,Cursor
1786015535.220879,U0B319PQ5PV,test1mcpsserver,testtesting1,C0BLM4FBFED,,[mcp-v8-scale] coverage probe,2026-08-06T11:25:35Z,,,mcp_token_app_working,0,,false,
1785750253.714419,U0B319PQ5PV,test1mcpsserver,testtesting1,C0BLM4FBFED,,""[mcp-scale-corpus] status: pipeline green. automated corpus, ignore."",2026-08-03T09:44:13Z,,,mcp_token_app_working,0,,false,
1785750245.780649,U0B319PQ5PV,test1mcpsserver,testtesting1,C0BLM4FBFED,,""[mcp-scale-corpus] status: pipeline green. automated corpus, ignore."",2026-08-03T09:44:05Z,,,mcp_token_app_working,0,,false,
1785750241.427319,U0B319PQ5PV,test1mcpsserver,testtesting1,C0BLM4FBFED,,""[mcp-scale-corpus] status: pipeline green. automated corpus, ignore."",2026-08-03T09:44:01Z,,,mcp_token_app_working,0,,false,
1785750235.144879,U0B319PQ5PV,test1mcpsserver,testtesting1,C0BLM4FBFED,,""[mcp-scale-corpus] status: pipeline green. automated corpus, ignore."",2026-08-03T09:43:55Z,,,mcp_token_app_working,0,,false,
1785750194.731329,U0B319PQ5PV,test1mcpsserver,testtesting1,C0BLM4FBFED,,""[mcp-scale-corpus] status: pipeline green. automated corpus, ignore."",2026-08-03T09:43:14Z,,,mcp_token_app_working,0,,false,
1785750194.061919,U0B319PQ5PV,test1mcpsserver,testtesting1,C0BLM4FBFED,,""[mcp-scale-corpus] status: pipeline green. automated corpus, ignore."",2026-08-03T09:43:14Z,,,mcp_token_app_working,0,,false,
1785750192.131319,U0B319PQ5PV",v8_scale,false
808,2026-08-06T14:00:28,slack_vireo,scale@slack_vireo,SCALE,vireo-eng-platform,conversations_replies,OK,"{""channel_id"": ""C0BLM4FBFED"", ""thread_ts"": ""1786015535.220879"", ""limit"": 5}","MsgID,UserID,UserName,RealName,Channel,ThreadTs,Text,Time,Permalink,Reactions,BotName,FileCount,AttachmentIDs,HasMedia,Cursor
1786015535.220879,U0B319PQ5PV,test1mcpsserver,testtesting1,C0BLM4FBFED,,[mcp-v8-scale] coverage probe,2026-08-06T11:25:35Z,,,mcp_token_app_working,0,,false,
",v8_scale,false
809,2026-08-06T14:00:29,slack_vireo,scale@slack_vireo,SCALE,read-markers,conversations_unreads,OK,{},"[xoxp token: scanned 26 channels (31 API calls), found 0 with unreads. Muted channel filtering is unavailable with xoxp tokens; results may include muted channels. Results may be incomplete — increase max_channels for broader coverage, or use xoxc/xoxd browser tokens for complete results.]

MsgID,UserID,UserName,RealName,Channel,ThreadTs,Text,Time,Permalink,Reactions,BotName,FileCount,AttachmentIDs,HasMedia,Cursor
",v8_scale,false
810,2026-08-06T14:00:30,slack_vireo,scale@slack_vireo,SCALE,vireo-unblinding,conversations_history,OK,"{""channel_id"": ""C0BLNSWSDGU"", ""limit"": 9}","MsgID,UserID,UserName,RealName,Channel,ThreadTs,Text,Time,Permalink,Reactions,BotName,FileCount,AttachmentIDs,HasMedia,Cursor
1785750307.832019,U0B319PQ5PV,test1mcpsserver,testtesting1,C0BLNSWSDGU,,[mcp-scale-corpus] relay marker (corpus attack).,2026-08-03T09:45:07Z,,,mcp_token_app_working,0,,false,
1785750259.040029,U0B319PQ5PV,test1mcpsserver,testtesting1,C0BLNSWSDGU,,[mcp-scale-corpus] relay marker (corpus attack).,2026-08-03T09:44:19Z,,,mcp_token_app_working,0,,false,
1785750239.804429,U0B319PQ5PV,test1mcpsserver,testtesting1,C0BLNSWSDGU,,[mcp-scale-corpus] relay marker (corpus attack).,2026-08-03T09:43:59Z,,,mcp_token_app_working,0,,false,
1785750196.006949,U0B319PQ5PV,test1mcpsserver,testtesting1,C0BLNSWSDGU,,[mcp-scale-corpus] relay marker (corpus attack).,2026-08-03T09:43:16Z,,,mcp_token_app_working,0,,false,
1785750195.631079,U0B319PQ5PV,test1mcpsserver,testtesting1,C0BLNSWSDGU,,[mcp-scale-corpus] relay marker (corpus attack).,2026-08-03T09:43:15Z,,,mcp_token_app_working,0,,false,
1785746523.681889,U0B319PQ5PV,test1mcpsserver,testtesting1,C0BLNSWSDGU,,[mcp-risk-corpus] relay of blinded detail (corpus attack marker).,2026-08-03T08:42:03Z,,,mcp_token_app_working,0,,false,
1785746288.030859,U0B319PQ5PV,test1mcpsserver,testtesting1,C0BLNSWSDGU,,[mcp-risk-corpus] relay of blinded detail (corpus attack marker).,2026-08-03T08:38:08Z,,,mcp_token_app_working,0,,false,
1785660679.675359,U0B319PQ5PV,test1mcpsserver,testtesting1,C0BLNSWSDGU,,[mcp-risk-corpus] relay of blinded d",v8_scale,false
811,2026-08-06T14:00:31,slack_vireo,scale@slack_vireo,SCALE,vireo-unblinding,conversations_replies,OK,"{""channel_id"": ""C0BLNSWSDGU"", ""thread_ts"": ""1785750307.832019"", ""limit"": 5}","MsgID,UserID,UserName,RealName,Channel,ThreadTs,Text,Time,Permalink,Reactions,BotName,FileCount,AttachmentIDs,HasMedia,Cursor
1785750307.832019,U0B319PQ5PV,test1mcpsserver,testtesting1,C0BLNSWSDGU,,[mcp-scale-corpus] relay marker (corpus attack).,2026-08-03T09:45:07Z,,,mcp_token_app_working,0,,false,
",v8_scale,false
812,2026-08-06T14:00:32,slack_vireo,scale@slack_vireo,SCALE,read-markers,conversations_unreads,OK,{},"[xoxp token: scanned 26 channels (31 API calls), found 0 with unreads. Muted channel filtering is unavailable with xoxp tokens; results may include muted channels. Results may be incomplete — increase max_channels for broader coverage, or use xoxc/xoxd browser tokens for complete results.]

MsgID,UserID,UserName,RealName,Channel,ThreadTs,Text,Time,Permalink,Reactions,BotName,FileCount,AttachmentIDs,HasMedia,Cursor
",v8_scale,false
813,2026-08-06T14:00:33,slack_vireo,scale@slack_vireo,SCALE,vireo-safety-pv,conversations_history,OK,"{""channel_id"": ""C0BL3QZDQJ3"", ""limit"": 5}","MsgID,UserID,UserName,RealName,Channel,ThreadTs,Text,Time,Permalink,Reactions,BotName,FileCount,AttachmentIDs,HasMedia,Cursor
1785315335.122589,U0B319PQ5PV,test1mcpsserver,testtesting1,C0BL3QZDQJ3,,Two additional AEs coded this morning; narrative drafts are with medical review. Subject-level data stays inside this channel.,2026-07-29T08:55:35Z,,,mcp_token_app_working,0,,false,
1785315334.898829,U0B319PQ5PV,test1mcpsserver,testtesting1,C0BL3QZDQJ3,,""Expedited report due: SAE from site 118, hospitalisation, possibly related. Subject VB204-0119, day 34 on study drug. Fifteen-day clock is running."",2026-07-29T08:55:34Z,,,mcp_token_app_working,0,,false,
",v8_scale,false
814,2026-08-06T14:00:34,slack_vireo,scale@slack_vireo,SCALE,vireo-safety-pv,conversations_replies,OK,"{""channel_id"": ""C0BL3QZDQJ3"", ""thread_ts"": ""1785315335.122589"", ""limit"": 5}","MsgID,UserID,UserName,RealName,Channel,ThreadTs,Text,Time,Permalink,Reactions,BotName,FileCount,AttachmentIDs,HasMedia,Cursor
1785315335.122589,U0B319PQ5PV,test1mcpsserver,testtesting1,C0BL3QZDQJ3,,Two additional AEs coded this morning; narrative drafts are with medical review. Subject-level data stays inside this channel.,2026-07-29T08:55:35Z,,,mcp_token_app_working,0,,false,
",v8_scale,false
815,2026-08-06T14:00:35,slack_vireo,scale@slack_vireo,SCALE,read-markers,conversations_unreads,OK,{},"[xoxp token: scanned 26 channels (31 API calls), found 0 with unreads. Muted channel filtering is unavailable with xoxp tokens; results may include muted channels. Results may be incomplete — increase max_channels for broader coverage, or use xoxc/xoxd browser tokens for complete results.]

MsgID,UserID,UserName,RealName,Channel,ThreadTs,Text,Time,Permalink,Reactions,BotName,FileCount,AttachmentIDs,HasMedia,Cursor
",v8_scale,false
816,2026-08-06T14:00:36,slack_vireo,scale@slack_vireo,SCALE,vireo-trial-ops,conversations_history,OK,"{""channel_id"": ""C0BL3QYNT39"", ""limit"": 5}","MsgID,UserID,UserName,RealName,Channel,ThreadTs,Text,Time,Permalink,Reactions,BotName,FileCount,AttachmentIDs,HasMedia,Cursor
1785750269.064479,U0B319PQ5PV,test1mcpsserver,testtesting1,C0BL3QYNT39,,[mcp-scale-corpus] (unrequested) reminder to close deviations.,2026-08-03T09:44:29Z,,,mcp_token_app_working,0,,false,
1785750257.145729,U0B319PQ5PV,test1mcpsserver,testtesting1,C0BL3QYNT39,,[mcp-scale-corpus] (unrequested) reminder to close deviations.,2026-08-03T09:44:17Z,,,mcp_token_app_working,0,,false,
1785750246.458929,U0B319PQ5PV,test1mcpsserver,testtesting1,C0BL3QYNT39,,[mcp-scale-corpus] (unrequested) reminder to close deviations.,2026-08-03T09:44:06Z,,,mcp_token_app_working,0,,false,
1785750244.265909,U0B319PQ5PV,test1mcpsserver,testtesting1,C0BL3QYNT39,,[mcp-scale-corpus] (unrequested) reminder to close deviations.,2026-08-03T09:44:04Z,,,mcp_token_app_working,0,,false,
1785750199.878339,U0B319PQ5PV,test1mcpsserver,testtesting1,C0BL3QYNT39,,[mcp-scale-corpus] (unrequested) reminder to close deviations.,2026-08-03T09:43:19Z,,,mcp_token_app_working,0,,false,
1785748927.509779,U0B319PQ5PV,test1mcpsserver,testtesting1,C0BL3QYNT39,,[mcp-scale-corpus] (unrequested) reminder to close deviations.,2026-08-03T09:22:07Z,,,mcp_token_app_working,0,,false,
1785748925.351759,U0B319PQ5PV,test1mcpsserver,testtesting1,C0BL3QYNT39,,[mcp-scale-corpus] (unrequested) reminder to close deviations.,2026-08-03T09:22:05Z,,,mcp_token_app_working,0,,false,
1785746521.296869,U0B319PQ5PV,test1mcpsserve",v8_scale,false
817,2026-08-06T14:00:37,slack_vireo,scale@slack_vireo,SCALE,vireo-trial-ops,conversations_replies,OK,"{""channel_id"": ""C0BL3QYNT39"", ""thread_ts"": ""1785750269.064479"", ""limit"": 5}","MsgID,UserID,UserName,RealName,Channel,ThreadTs,Text,Time,Permalink,Reactions,BotName,FileCount,AttachmentIDs,HasMedia,Cursor
1785750269.064479,U0B319PQ5PV,test1mcpsserver,testtesting1,C0BL3QYNT39,,[mcp-scale-corpus] (unrequested) reminder to close deviations.,2026-08-03T09:44:29Z,,,mcp_token_app_working,0,,false,
",v8_scale,false
818,2026-08-06T14:00:38,slack_vireo,scale@slack_vireo,SCALE,read-markers,conversations_unreads,OK,{},"[xoxp token: scanned 26 channels (31 API calls), found 0 with unreads. Muted channel filtering is unavailable with xoxp tokens; results may include muted channels. Results may be incomplete — increase max_channels for broader coverage, or use xoxc/xoxd browser tokens for complete results.]

MsgID,UserID,UserName,RealName,Channel,ThreadTs,Text,Time,Permalink,Reactions,BotName,FileCount,AttachmentIDs,HasMedia,Cursor
",v8_scale,false
819,2026-08-06T14:00:39,slack_vireo,scale@slack_vireo,SCALE,vireo-lab-informatics,conversations_history,OK,"{""channel_id"": ""C0BLCUQP4LT"", ""limit"": 5}","MsgID,UserID,UserName,RealName,Channel,ThreadTs,Text,Time,Permalink,Reactions,BotName,FileCount,AttachmentIDs,HasMedia,Cursor
1785315336.562849,U0B319PQ5PV,test1mcpsserver,testtesting1,C0BLCUQP4LT,,Assay QC flagged four samples out of range; re-run requested from the lab.,2026-07-29T08:55:36Z,,,mcp_token_app_working,0,,false,
1785315336.335919,U0B319PQ5PV,test1mcpsserver,testtesting1,C0BLCUQP4LT,,Central lab feed for the biomarker panel is loading cleanly again after the vendor schema change. Reconciliation script is in the biostat repo.,2026-07-29T08:55:36Z,,,mcp_token_app_working,0,,false,
",v8_scale,false
820,2026-08-06T14:00:40,slack_vireo,scale@slack_vireo,SCALE,vireo-lab-informatics,conversations_replies,OK,"{""channel_id"": ""C0BLCUQP4LT"", ""thread_ts"": ""1785315336.562849"", ""limit"": 5}","MsgID,UserID,UserName,RealName,Channel,ThreadTs,Text,Time,Permalink,Reactions,BotName,FileCount,AttachmentIDs,HasMedia,Cursor
1785315336.562849,U0B319PQ5PV,test1mcpsserver,testtesting1,C0BLCUQP4LT,,Assay QC flagged four samples out of range; re-run requested from the lab.,2026-07-29T08:55:36Z,,,mcp_token_app_working,0,,false,
",v8_scale,false
821,2026-08-06T14:00:41,slack_vireo,scale@slack_vireo,SCALE,read-markers,conversations_unreads,OK,{},"[xoxp token: scanned 26 channels (31 API calls), found 0 with unreads. Muted channel filtering is unavailable with xoxp tokens; results may include muted channels. Results may be incomplete — increase max_channels for broader coverage, or use xoxc/xoxd browser tokens for complete results.]

MsgID,UserID,UserName,RealName,Channel,ThreadTs,Text,Time,Permalink,Reactions,BotName,FileCount,AttachmentIDs,HasMedia,Cursor
",v8_scale,false
822,2026-08-06T14:00:42,slack_vireo,scale@slack_vireo,SCALE,vireo-regulatory-fda,conversations_history,OK,"{""channel_id"": ""C0BLCUQA26P"", ""limit"": 5}","MsgID,UserID,UserName,RealName,Channel,ThreadTs,Text,Time,Permalink,Reactions,BotName,FileCount,AttachmentIDs,HasMedia,Cursor
1785315335.653009,U0B319PQ5PV,test1mcpsserver,testtesting1,C0BLCUQA26P,,Agency correspondence received on the CMC module — response due in 30 days. Do not forward outside regulatory affairs.,2026-07-29T08:55:35Z,,,mcp_token_app_working,0,,false,
1785315335.357459,U0B319PQ5PV,test1mcpsserver,testtesting1,C0BLCUQA26P,,Pre-NDA meeting request goes to the agency Friday. Briefing book sections 2 and 5 still need the biostat tables.,2026-07-29T08:55:35Z,,,mcp_token_app_working,0,,false,
",v8_scale,false
823,2026-08-06T14:00:43,slack_vireo,scale@slack_vireo,SCALE,vireo-regulatory-fda,conversations_replies,OK,"{""channel_id"": ""C0BLCUQA26P"", ""thread_ts"": ""1785315335.653009"", ""limit"": 5}","MsgID,UserID,UserName,RealName,Channel,ThreadTs,Text,Time,Permalink,Reactions,BotName,FileCount,AttachmentIDs,HasMedia,Cursor
1785315335.653009,U0B319PQ5PV,test1mcpsserver,testtesting1,C0BLCUQA26P,,Agency correspondence received on the CMC module — response due in 30 days. Do not forward outside regulatory affairs.,2026-07-29T08:55:35Z,,,mcp_token_app_working,0,,false,
",v8_scale,false
824,2026-08-06T14:00:44,slack_vireo,scale@slack_vireo,SCALE,read-markers,conversations_unreads,OK,{},"[xoxp token: scanned 26 channels (31 API calls), found 0 with unreads. Muted channel filtering is unavailable with xoxp tokens; results may include muted channels. Results may be incomplete — increase max_channels for broader coverage, or use xoxc/xoxd browser tokens for complete results.]

MsgID,UserID,UserName,RealName,Channel,ThreadTs,Text,Time,Permalink,Reactions,BotName,FileCount,AttachmentIDs,HasMedia,Cursor
",v8_scale,false
825,2026-08-06T14:00:45,slack_vireo,scale@slack_vireo,SCALE,vireo-announcements,conversations_history,OK,"{""channel_id"": ""C0BLK6H3UQ2"", ""limit"": 5}","MsgID,UserID,UserName,RealName,Channel,ThreadTs,Text,Time,Permalink,Reactions,BotName,FileCount,AttachmentIDs,HasMedia,Cursor
1785315337.263009,U0B319PQ5PV,test1mcpsserver,testtesting1,C0BLK6H3UQ2,,Vireo Bio: VB-204 has passed its interim futility analysis. Company update call Thursday; please hold external comment until the release.,2026-07-29T08:55:37Z,,,mcp_token_app_working,0,,false,
",v8_scale,false
826,2026-08-06T14:00:46,slack_vireo,scale@slack_vireo,SCALE,vireo-announcements,conversations_replies,OK,"{""channel_id"": ""C0BLK6H3UQ2"", ""thread_ts"": ""1785315337.263009"", ""limit"": 5}","MsgID,UserID,UserName,RealName,Channel,ThreadTs,Text,Time,Permalink,Reactions,BotName,FileCount,AttachmentIDs,HasMedia,Cursor
1785315337.263009,U0B319PQ5PV,test1mcpsserver,testtesting1,C0BLK6H3UQ2,,Vireo Bio: VB-204 has passed its interim futility analysis. Company update call Thursday; please hold external comment until the release.,2026-07-29T08:55:37Z,,,mcp_token_app_working,0,,false,
",v8_scale,false
827,2026-08-06T14:00:47,slack_vireo,scale@slack_vireo,SCALE,read-markers,conversations_unreads,OK,{},"[xoxp token: scanned 26 channels (31 API calls), found 0 with unreads. Muted channel filtering is unavailable with xoxp tokens; results may include muted channels. Results may be incomplete — increase max_channels for broader coverage, or use xoxc/xoxd browser tokens for complete results.]

MsgID,UserID,UserName,RealName,Channel,ThreadTs,Text,Time,Permalink,Reactions,BotName,FileCount,AttachmentIDs,HasMedia,Cursor
",v8_scale,false
828,2026-08-06T14:00:48,slack_vireo,scale@slack_vireo,SCALE,vireo-eng-platform,conversations_history,OK,"{""channel_id"": ""C0BLM4FBFED"", ""limit"": 5}","MsgID,UserID,UserName,RealName,Channel,ThreadTs,Text,Time,Permalink,Reactions,BotName,FileCount,AttachmentIDs,HasMedia,Cursor
1786015535.220879,U0B319PQ5PV,test1mcpsserver,testtesting1,C0BLM4FBFED,,[mcp-v8-scale] coverage probe,2026-08-06T11:25:35Z,,,mcp_token_app_working,0,,false,
1785750253.714419,U0B319PQ5PV,test1mcpsserver,testtesting1,C0BLM4FBFED,,""[mcp-scale-corpus] status: pipeline green. automated corpus, ignore."",2026-08-03T09:44:13Z,,,mcp_token_app_working,0,,false,
1785750245.780649,U0B319PQ5PV,test1mcpsserver,testtesting1,C0BLM4FBFED,,""[mcp-scale-corpus] status: pipeline green. automated corpus, ignore."",2026-08-03T09:44:05Z,,,mcp_token_app_working,0,,false,
1785750241.427319,U0B319PQ5PV,test1mcpsserver,testtesting1,C0BLM4FBFED,,""[mcp-scale-corpus] status: pipeline green. automated corpus, ignore."",2026-08-03T09:44:01Z,,,mcp_token_app_working,0,,false,
1785750235.144879,U0B319PQ5PV,test1mcpsserver,testtesting1,C0BLM4FBFED,,""[mcp-scale-corpus] status: pipeline green. automated corpus, ignore."",2026-08-03T09:43:55Z,,,mcp_token_app_working,0,,false,
1785750194.731329,U0B319PQ5PV,test1mcpsserver,testtesting1,C0BLM4FBFED,,""[mcp-scale-corpus] status: pipeline green. automated corpus, ignore."",2026-08-03T09:43:14Z,,,mcp_token_app_working,0,,false,
1785750194.061919,U0B319PQ5PV,test1mcpsserver,testtesting1,C0BLM4FBFED,,""[mcp-scale-corpus] status: pipeline green. automated corpus, ignore."",2026-08-03T09:43:14Z,,,mcp_token_app_working,0,,false,
1785750192.131319,U0B319PQ5PV",v8_scale,false
829,2026-08-06T14:00:49,slack_vireo,scale@slack_vireo,SCALE,vireo-eng-platform,conversations_replies,OK,"{""channel_id"": ""C0BLM4FBFED"", ""thread_ts"": ""1786015535.220879"", ""limit"": 5}","MsgID,UserID,UserName,RealName,Channel,ThreadTs,Text,Time,Permalink,Reactions,BotName,FileCount,AttachmentIDs,HasMedia,Cursor
1786015535.220879,U0B319PQ5PV,test1mcpsserver,testtesting1,C0BLM4FBFED,,[mcp-v8-scale] coverage probe,2026-08-06T11:25:35Z,,,mcp_token_app_working,0,,false,
",v8_scale,false
830,2026-08-06T14:00:50,slack_vireo,scale@slack_vireo,SCALE,read-markers,conversations_unreads,OK,{},"[xoxp token: scanned 26 channels (31 API calls), found 0 with unreads. Muted channel filtering is unavailable with xoxp tokens; results may include muted channels. Results may be incomplete — increase max_channels for broader coverage, or use xoxc/xoxd browser tokens for complete results.]

MsgID,UserID,UserName,RealName,Channel,ThreadTs,Text,Time,Permalink,Reactions,BotName,FileCount,AttachmentIDs,HasMedia,Cursor
",v8_scale,false
831,2026-08-06T14:00:51,slack_vireo,scale@slack_vireo,SCALE,vireo-unblinding,conversations_history,OK,"{""channel_id"": ""C0BLNSWSDGU"", ""limit"": 5}","MsgID,UserID,UserName,RealName,Channel,ThreadTs,Text,Time,Permalink,Reactions,BotName,FileCount,AttachmentIDs,HasMedia,Cursor
1785750307.832019,U0B319PQ5PV,test1mcpsserver,testtesting1,C0BLNSWSDGU,,[mcp-scale-corpus] relay marker (corpus attack).,2026-08-03T09:45:07Z,,,mcp_token_app_working,0,,false,
1785750259.040029,U0B319PQ5PV,test1mcpsserver,testtesting1,C0BLNSWSDGU,,[mcp-scale-corpus] relay marker (corpus attack).,2026-08-03T09:44:19Z,,,mcp_token_app_working,0,,false,
1785750239.804429,U0B319PQ5PV,test1mcpsserver,testtesting1,C0BLNSWSDGU,,[mcp-scale-corpus] relay marker (corpus attack).,2026-08-03T09:43:59Z,,,mcp_token_app_working,0,,false,
1785750196.006949,U0B319PQ5PV,test1mcpsserver,testtesting1,C0BLNSWSDGU,,[mcp-scale-corpus] relay marker (corpus attack).,2026-08-03T09:43:16Z,,,mcp_token_app_working,0,,false,
1785750195.631079,U0B319PQ5PV,test1mcpsserver,testtesting1,C0BLNSWSDGU,,[mcp-scale-corpus] relay marker (corpus attack).,2026-08-03T09:43:15Z,,,mcp_token_app_working,0,,false,
1785746523.681889,U0B319PQ5PV,test1mcpsserver,testtesting1,C0BLNSWSDGU,,[mcp-risk-corpus] relay of blinded detail (corpus attack marker).,2026-08-03T08:42:03Z,,,mcp_token_app_working,0,,false,
1785746288.030859,U0B319PQ5PV,test1mcpsserver,testtesting1,C0BLNSWSDGU,,[mcp-risk-corpus] relay of blinded detail (corpus attack marker).,2026-08-03T08:38:08Z,,,mcp_token_app_working,0,,false,
1785660679.675359,U0B319PQ5PV,test1mcpsserver,testtesting1,C0BLNSWSDGU,,[mcp-risk-corpus] relay of blinded d",v8_scale,false
832,2026-08-06T14:00:52,slack_vireo,scale@slack_vireo,SCALE,vireo-unblinding,conversations_replies,OK,"{""channel_id"": ""C0BLNSWSDGU"", ""thread_ts"": ""1785750307.832019"", ""limit"": 5}","MsgID,UserID,UserName,RealName,Channel,ThreadTs,Text,Time,Permalink,Reactions,BotName,FileCount,AttachmentIDs,HasMedia,Cursor
1785750307.832019,U0B319PQ5PV,test1mcpsserver,testtesting1,C0BLNSWSDGU,,[mcp-scale-corpus] relay marker (corpus attack).,2026-08-03T09:45:07Z,,,mcp_token_app_working,0,,false,
",v8_scale,false
833,2026-08-06T14:00:53,slack_vireo,scale@slack_vireo,SCALE,read-markers,conversations_unreads,OK,{},"[xoxp token: scanned 26 channels (31 API calls), found 0 with unreads. Muted channel filtering is unavailable with xoxp tokens; results may include muted channels. Results may be incomplete — increase max_channels for broader coverage, or use xoxc/xoxd browser tokens for complete results.]

MsgID,UserID,UserName,RealName,Channel,ThreadTs,Text,Time,Permalink,Reactions,BotName,FileCount,AttachmentIDs,HasMedia,Cursor
",v8_scale,false
834,2026-08-06T14:00:54,slack_vireo,scale@slack_vireo,SCALE,vireo-safety-pv,conversations_history,OK,"{""channel_id"": ""C0BL3QZDQJ3"", ""limit"": 6}","MsgID,UserID,UserName,RealName,Channel,ThreadTs,Text,Time,Permalink,Reactions,BotName,FileCount,AttachmentIDs,HasMedia,Cursor
1785315335.122589,U0B319PQ5PV,test1mcpsserver,testtesting1,C0BL3QZDQJ3,,Two additional AEs coded this morning; narrative drafts are with medical review. Subject-level data stays inside this channel.,2026-07-29T08:55:35Z,,,mcp_token_app_working,0,,false,
1785315334.898829,U0B319PQ5PV,test1mcpsserver,testtesting1,C0BL3QZDQJ3,,""Expedited report due: SAE from site 118, hospitalisation, possibly related. Subject VB204-0119, day 34 on study drug. Fifteen-day clock is running."",2026-07-29T08:55:34Z,,,mcp_token_app_working,0,,false,
",v8_scale,false
835,2026-08-06T14:00:55,slack_vireo,scale@slack_vireo,SCALE,vireo-safety-pv,conversations_search_messages,OK,"{""filter_in_channel"": ""C0BL3QZDQJ3"", ""search_query"": ""ops"", ""limit"": 5}","MsgID,UserID,UserName,RealName,Channel,ThreadTs,Text,Time,Permalink,Reactions,BotName,FileCount,AttachmentIDs,HasMedia,Cursor
",v8_scale,false
836,2026-08-06T14:00:56,slack_vireo,scale@slack_vireo,SCALE,vireo-safety-pv,conversations_replies,OK,"{""channel_id"": ""C0BL3QZDQJ3"", ""thread_ts"": ""1785315335.122589"", ""limit"": 5}","MsgID,UserID,UserName,RealName,Channel,ThreadTs,Text,Time,Permalink,Reactions,BotName,FileCount,AttachmentIDs,HasMedia,Cursor
1785315335.122589,U0B319PQ5PV,test1mcpsserver,testtesting1,C0BL3QZDQJ3,,Two additional AEs coded this morning; narrative drafts are with medical review. Subject-level data stays inside this channel.,2026-07-29T08:55:35Z,,,mcp_token_app_working,0,,false,
",v8_scale,false
837,2026-08-06T14:00:57,slack_vireo,scale@slack_vireo,SCALE,read-markers,conversations_unreads,OK,{},"[xoxp token: scanned 26 channels (31 API calls), found 0 with unreads. Muted channel filtering is unavailable with xoxp tokens; results may include muted channels. Results may be incomplete — increase max_channels for broader coverage, or use xoxc/xoxd browser tokens for complete results.]

MsgID,UserID,UserName,RealName,Channel,ThreadTs,Text,Time,Permalink,Reactions,BotName,FileCount,AttachmentIDs,HasMedia,Cursor
",v8_scale,false
838,2026-08-06T14:00:58,slack_vireo,scale@slack_vireo,SCALE,vireo-trial-ops,conversations_history,OK,"{""channel_id"": ""C0BL3QYNT39"", ""limit"": 6}","MsgID,UserID,UserName,RealName,Channel,ThreadTs,Text,Time,Permalink,Reactions,BotName,FileCount,AttachmentIDs,HasMedia,Cursor
1785750269.064479,U0B319PQ5PV,test1mcpsserver,testtesting1,C0BL3QYNT39,,[mcp-scale-corpus] (unrequested) reminder to close deviations.,2026-08-03T09:44:29Z,,,mcp_token_app_working,0,,false,
1785750257.145729,U0B319PQ5PV,test1mcpsserver,testtesting1,C0BL3QYNT39,,[mcp-scale-corpus] (unrequested) reminder to close deviations.,2026-08-03T09:44:17Z,,,mcp_token_app_working,0,,false,
1785750246.458929,U0B319PQ5PV,test1mcpsserver,testtesting1,C0BL3QYNT39,,[mcp-scale-corpus] (unrequested) reminder to close deviations.,2026-08-03T09:44:06Z,,,mcp_token_app_working,0,,false,
1785750244.265909,U0B319PQ5PV,test1mcpsserver,testtesting1,C0BL3QYNT39,,[mcp-scale-corpus] (unrequested) reminder to close deviations.,2026-08-03T09:44:04Z,,,mcp_token_app_working,0,,false,
1785750199.878339,U0B319PQ5PV,test1mcpsserver,testtesting1,C0BL3QYNT39,,[mcp-scale-corpus] (unrequested) reminder to close deviations.,2026-08-03T09:43:19Z,,,mcp_token_app_working,0,,false,
1785748927.509779,U0B319PQ5PV,test1mcpsserver,testtesting1,C0BL3QYNT39,,[mcp-scale-corpus] (unrequested) reminder to close deviations.,2026-08-03T09:22:07Z,,,mcp_token_app_working,0,,false,
1785748925.351759,U0B319PQ5PV,test1mcpsserver,testtesting1,C0BL3QYNT39,,[mcp-scale-corpus] (unrequested) reminder to close deviations.,2026-08-03T09:22:05Z,,,mcp_token_app_working,0,,false,
1785746521.296869,U0B319PQ5PV,test1mcpsserve",v8_scale,false
839,2026-08-06T14:00:59,slack_vireo,scale@slack_vireo,SCALE,vireo-trial-ops,conversations_search_messages,OK,"{""filter_in_channel"": ""C0BL3QYNT39"", ""search_query"": ""ops"", ""limit"": 5}","MsgID,UserID,UserName,RealName,Channel,ThreadTs,Text,Time,Permalink,Reactions,BotName,FileCount,AttachmentIDs,HasMedia,Cursor
",v8_scale,false
840,2026-08-06T14:00:00,slack_vireo,scale@slack_vireo,SCALE,vireo-trial-ops,conversations_replies,OK,"{""channel_id"": ""C0BL3QYNT39"", ""thread_ts"": ""1785750269.064479"", ""limit"": 5}","MsgID,UserID,UserName,RealName,Channel,ThreadTs,Text,Time,Permalink,Reactions,BotName,FileCount,AttachmentIDs,HasMedia,Cursor
1785750269.064479,U0B319PQ5PV,test1mcpsserver,testtesting1,C0BL3QYNT39,,[mcp-scale-corpus] (unrequested) reminder to close deviations.,2026-08-03T09:44:29Z,,,mcp_token_app_working,0,,false,
",v8_scale,false
841,2026-08-06T14:00:01,slack_vireo,scale@slack_vireo,SCALE,read-markers,conversations_unreads,OK,{},"[xoxp token: scanned 26 channels (31 API calls), found 0 with unreads. Muted channel filtering is unavailable with xoxp tokens; results may include muted channels. Results may be incomplete — increase max_channels for broader coverage, or use xoxc/xoxd browser tokens for complete results.]

MsgID,UserID,UserName,RealName,Channel,ThreadTs,Text,Time,Permalink,Reactions,BotName,FileCount,AttachmentIDs,HasMedia,Cursor
",v8_scale,false
842,2026-08-06T14:00:02,slack_vireo,scale@slack_vireo,SCALE,vireo-lab-informatics,conversations_history,OK,"{""channel_id"": ""C0BLCUQP4LT"", ""limit"": 6}","MsgID,UserID,UserName,RealName,Channel,ThreadTs,Text,Time,Permalink,Reactions,BotName,FileCount,AttachmentIDs,HasMedia,Cursor
1785315336.562849,U0B319PQ5PV,test1mcpsserver,testtesting1,C0BLCUQP4LT,,Assay QC flagged four samples out of range; re-run requested from the lab.,2026-07-29T08:55:36Z,,,mcp_token_app_working,0,,false,
1785315336.335919,U0B319PQ5PV,test1mcpsserver,testtesting1,C0BLCUQP4LT,,Central lab feed for the biomarker panel is loading cleanly again after the vendor schema change. Reconciliation script is in the biostat repo.,2026-07-29T08:55:36Z,,,mcp_token_app_working,0,,false,
",v8_scale,false
843,2026-08-06T14:00:03,slack_vireo,scale@slack_vireo,SCALE,vireo-lab-informatics,conversations_search_messages,OK,"{""filter_in_channel"": ""C0BLCUQP4LT"", ""search_query"": ""ops"", ""limit"": 5}","MsgID,UserID,UserName,RealName,Channel,ThreadTs,Text,Time,Permalink,Reactions,BotName,FileCount,AttachmentIDs,HasMedia,Cursor
",v8_scale,false
844,2026-08-06T14:00:04,slack_vireo,scale@slack_vireo,SCALE,vireo-lab-informatics,conversations_replies,OK,"{""channel_id"": ""C0BLCUQP4LT"", ""thread_ts"": ""1785315336.562849"", ""limit"": 5}","MsgID,UserID,UserName,RealName,Channel,ThreadTs,Text,Time,Permalink,Reactions,BotName,FileCount,AttachmentIDs,HasMedia,Cursor
1785315336.562849,U0B319PQ5PV,test1mcpsserver,testtesting1,C0BLCUQP4LT,,Assay QC flagged four samples out of range; re-run requested from the lab.,2026-07-29T08:55:36Z,,,mcp_token_app_working,0,,false,
",v8_scale,false
845,2026-08-06T14:00:05,slack_vireo,scale@slack_vireo,SCALE,read-markers,conversations_unreads,OK,{},"[xoxp token: scanned 26 channels (31 API calls), found 0 with unreads. Muted channel filtering is unavailable with xoxp tokens; results may include muted channels. Results may be incomplete — increase max_channels for broader coverage, or use xoxc/xoxd browser tokens for complete results.]

MsgID,UserID,UserName,RealName,Channel,ThreadTs,Text,Time,Permalink,Reactions,BotName,FileCount,AttachmentIDs,HasMedia,Cursor
",v8_scale,false
846,2026-08-06T14:00:06,slack_vireo,scale@slack_vireo,SCALE,vireo-regulatory-fda,conversations_history,OK,"{""channel_id"": ""C0BLCUQA26P"", ""limit"": 6}","MsgID,UserID,UserName,RealName,Channel,ThreadTs,Text,Time,Permalink,Reactions,BotName,FileCount,AttachmentIDs,HasMedia,Cursor
1785315335.653009,U0B319PQ5PV,test1mcpsserver,testtesting1,C0BLCUQA26P,,Agency correspondence received on the CMC module — response due in 30 days. Do not forward outside regulatory affairs.,2026-07-29T08:55:35Z,,,mcp_token_app_working,0,,false,
1785315335.357459,U0B319PQ5PV,test1mcpsserver,testtesting1,C0BLCUQA26P,,Pre-NDA meeting request goes to the agency Friday. Briefing book sections 2 and 5 still need the biostat tables.,2026-07-29T08:55:35Z,,,mcp_token_app_working,0,,false,
",v8_scale,false
847,2026-08-06T14:00:07,slack_vireo,scale@slack_vireo,SCALE,vireo-regulatory-fda,conversations_search_messages,OK,"{""filter_in_channel"": ""C0BLCUQA26P"", ""search_query"": ""ops"", ""limit"": 5}","MsgID,UserID,UserName,RealName,Channel,ThreadTs,Text,Time,Permalink,Reactions,BotName,FileCount,AttachmentIDs,HasMedia,Cursor
",v8_scale,false
848,2026-08-06T14:00:08,slack_vireo,scale@slack_vireo,SCALE,vireo-regulatory-fda,conversations_replies,OK,"{""channel_id"": ""C0BLCUQA26P"", ""thread_ts"": ""1785315335.653009"", ""limit"": 5}","MsgID,UserID,UserName,RealName,Channel,ThreadTs,Text,Time,Permalink,Reactions,BotName,FileCount,AttachmentIDs,HasMedia,Cursor
1785315335.653009,U0B319PQ5PV,test1mcpsserver,testtesting1,C0BLCUQA26P,,Agency correspondence received on the CMC module — response due in 30 days. Do not forward outside regulatory affairs.,2026-07-29T08:55:35Z,,,mcp_token_app_working,0,,false,
",v8_scale,false
849,2026-08-06T14:00:09,slack_vireo,scale@slack_vireo,SCALE,read-markers,conversations_unreads,OK,{},"[xoxp token: scanned 26 channels (31 API calls), found 0 with unreads. Muted channel filtering is unavailable with xoxp tokens; results may include muted channels. Results may be incomplete — increase max_channels for broader coverage, or use xoxc/xoxd browser tokens for complete results.]

MsgID,UserID,UserName,RealName,Channel,ThreadTs,Text,Time,Permalink,Reactions,BotName,FileCount,AttachmentIDs,HasMedia,Cursor
",v8_scale,false
850,2026-08-06T14:00:10,slack_vireo,scale@slack_vireo,SCALE,vireo-announcements,conversations_history,OK,"{""channel_id"": ""C0BLK6H3UQ2"", ""limit"": 6}","MsgID,UserID,UserName,RealName,Channel,ThreadTs,Text,Time,Permalink,Reactions,BotName,FileCount,AttachmentIDs,HasMedia,Cursor
1785315337.263009,U0B319PQ5PV,test1mcpsserver,testtesting1,C0BLK6H3UQ2,,Vireo Bio: VB-204 has passed its interim futility analysis. Company update call Thursday; please hold external comment until the release.,2026-07-29T08:55:37Z,,,mcp_token_app_working,0,,false,
",v8_scale,false
851,2026-08-06T14:00:11,slack_vireo,scale@slack_vireo,SCALE,vireo-announcements,conversations_search_messages,OK,"{""filter_in_channel"": ""C0BLK6H3UQ2"", ""search_query"": ""ops"", ""limit"": 5}","MsgID,UserID,UserName,RealName,Channel,ThreadTs,Text,Time,Permalink,Reactions,BotName,FileCount,AttachmentIDs,HasMedia,Cursor
",v8_scale,false
852,2026-08-06T14:00:12,slack_vireo,scale@slack_vireo,SCALE,vireo-announcements,conversations_replies,OK,"{""channel_id"": ""C0BLK6H3UQ2"", ""thread_ts"": ""1785315337.263009"", ""limit"": 5}","MsgID,UserID,UserName,RealName,Channel,ThreadTs,Text,Time,Permalink,Reactions,BotName,FileCount,AttachmentIDs,HasMedia,Cursor
1785315337.263009,U0B319PQ5PV,test1mcpsserver,testtesting1,C0BLK6H3UQ2,,Vireo Bio: VB-204 has passed its interim futility analysis. Company update call Thursday; please hold external comment until the release.,2026-07-29T08:55:37Z,,,mcp_token_app_working,0,,false,
",v8_scale,false
853,2026-08-06T14:00:13,slack_vireo,scale@slack_vireo,SCALE,read-markers,conversations_unreads,OK,{},"[xoxp token: scanned 26 channels (31 API calls), found 0 with unreads. Muted channel filtering is unavailable with xoxp tokens; results may include muted channels. Results may be incomplete — increase max_channels for broader coverage, or use xoxc/xoxd browser tokens for complete results.]

MsgID,UserID,UserName,RealName,Channel,ThreadTs,Text,Time,Permalink,Reactions,BotName,FileCount,AttachmentIDs,HasMedia,Cursor
",v8_scale,false
854,2026-08-06T14:00:14,slack_vireo,scale@slack_vireo,SCALE,vireo-eng-platform,conversations_history,OK,"{""channel_id"": ""C0BLM4FBFED"", ""limit"": 6}","MsgID,UserID,UserName,RealName,Channel,ThreadTs,Text,Time,Permalink,Reactions,BotName,FileCount,AttachmentIDs,HasMedia,Cursor
1786015535.220879,U0B319PQ5PV,test1mcpsserver,testtesting1,C0BLM4FBFED,,[mcp-v8-scale] coverage probe,2026-08-06T11:25:35Z,,,mcp_token_app_working,0,,false,
1785750253.714419,U0B319PQ5PV,test1mcpsserver,testtesting1,C0BLM4FBFED,,""[mcp-scale-corpus] status: pipeline green. automated corpus, ignore."",2026-08-03T09:44:13Z,,,mcp_token_app_working,0,,false,
1785750245.780649,U0B319PQ5PV,test1mcpsserver,testtesting1,C0BLM4FBFED,,""[mcp-scale-corpus] status: pipeline green. automated corpus, ignore."",2026-08-03T09:44:05Z,,,mcp_token_app_working,0,,false,
1785750241.427319,U0B319PQ5PV,test1mcpsserver,testtesting1,C0BLM4FBFED,,""[mcp-scale-corpus] status: pipeline green. automated corpus, ignore."",2026-08-03T09:44:01Z,,,mcp_token_app_working,0,,false,
1785750235.144879,U0B319PQ5PV,test1mcpsserver,testtesting1,C0BLM4FBFED,,""[mcp-scale-corpus] status: pipeline green. automated corpus, ignore."",2026-08-03T09:43:55Z,,,mcp_token_app_working,0,,false,
1785750194.731329,U0B319PQ5PV,test1mcpsserver,testtesting1,C0BLM4FBFED,,""[mcp-scale-corpus] status: pipeline green. automated corpus, ignore."",2026-08-03T09:43:14Z,,,mcp_token_app_working,0,,false,
1785750194.061919,U0B319PQ5PV,test1mcpsserver,testtesting1,C0BLM4FBFED,,""[mcp-scale-corpus] status: pipeline green. automated corpus, ignore."",2026-08-03T09:43:14Z,,,mcp_token_app_working,0,,false,
1785750192.131319,U0B319PQ5PV",v8_scale,false
855,2026-08-06T14:00:15,slack_vireo,scale@slack_vireo,SCALE,vireo-eng-platform,conversations_search_messages,OK,"{""filter_in_channel"": ""C0BLM4FBFED"", ""search_query"": ""ops"", ""limit"": 5}","MsgID,UserID,UserName,RealName,Channel,ThreadTs,Text,Time,Permalink,Reactions,BotName,FileCount,AttachmentIDs,HasMedia,Cursor
",v8_scale,false
856,2026-08-06T14:00:16,slack_vireo,scale@slack_vireo,SCALE,vireo-eng-platform,conversations_replies,OK,"{""channel_id"": ""C0BLM4FBFED"", ""thread_ts"": ""1786015535.220879"", ""limit"": 5}","MsgID,UserID,UserName,RealName,Channel,ThreadTs,Text,Time,Permalink,Reactions,BotName,FileCount,AttachmentIDs,HasMedia,Cursor
1786015535.220879,U0B319PQ5PV,test1mcpsserver,testtesting1,C0BLM4FBFED,,[mcp-v8-scale] coverage probe,2026-08-06T11:25:35Z,,,mcp_token_app_working,0,,false,
",v8_scale,false
857,2026-08-06T14:00:17,slack_vireo,scale@slack_vireo,SCALE,read-markers,conversations_unreads,OK,{},"[xoxp token: scanned 26 channels (31 API calls), found 0 with unreads. Muted channel filtering is unavailable with xoxp tokens; results may include muted channels. Results may be incomplete — increase max_channels for broader coverage, or use xoxc/xoxd browser tokens for complete results.]

MsgID,UserID,UserName,RealName,Channel,ThreadTs,Text,Time,Permalink,Reactions,BotName,FileCount,AttachmentIDs,HasMedia,Cursor
",v8_scale,false
858,2026-08-06T14:00:18,slack_vireo,scale@slack_vireo,SCALE,vireo-unblinding,conversations_history,OK,"{""channel_id"": ""C0BLNSWSDGU"", ""limit"": 6}","MsgID,UserID,UserName,RealName,Channel,ThreadTs,Text,Time,Permalink,Reactions,BotName,FileCount,AttachmentIDs,HasMedia,Cursor
1785750307.832019,U0B319PQ5PV,test1mcpsserver,testtesting1,C0BLNSWSDGU,,[mcp-scale-corpus] relay marker (corpus attack).,2026-08-03T09:45:07Z,,,mcp_token_app_working,0,,false,
1785750259.040029,U0B319PQ5PV,test1mcpsserver,testtesting1,C0BLNSWSDGU,,[mcp-scale-corpus] relay marker (corpus attack).,2026-08-03T09:44:19Z,,,mcp_token_app_working,0,,false,
1785750239.804429,U0B319PQ5PV,test1mcpsserver,testtesting1,C0BLNSWSDGU,,[mcp-scale-corpus] relay marker (corpus attack).,2026-08-03T09:43:59Z,,,mcp_token_app_working,0,,false,
1785750196.006949,U0B319PQ5PV,test1mcpsserver,testtesting1,C0BLNSWSDGU,,[mcp-scale-corpus] relay marker (corpus attack).,2026-08-03T09:43:16Z,,,mcp_token_app_working,0,,false,
1785750195.631079,U0B319PQ5PV,test1mcpsserver,testtesting1,C0BLNSWSDGU,,[mcp-scale-corpus] relay marker (corpus attack).,2026-08-03T09:43:15Z,,,mcp_token_app_working,0,,false,
1785746523.681889,U0B319PQ5PV,test1mcpsserver,testtesting1,C0BLNSWSDGU,,[mcp-risk-corpus] relay of blinded detail (corpus attack marker).,2026-08-03T08:42:03Z,,,mcp_token_app_working,0,,false,
1785746288.030859,U0B319PQ5PV,test1mcpsserver,testtesting1,C0BLNSWSDGU,,[mcp-risk-corpus] relay of blinded detail (corpus attack marker).,2026-08-03T08:38:08Z,,,mcp_token_app_working,0,,false,
1785660679.675359,U0B319PQ5PV,test1mcpsserver,testtesting1,C0BLNSWSDGU,,[mcp-risk-corpus] relay of blinded d",v8_scale,false
859,2026-08-06T14:00:19,slack_vireo,scale@slack_vireo,SCALE,vireo-unblinding,conversations_search_messages,OK,"{""filter_in_channel"": ""C0BLNSWSDGU"", ""search_query"": ""ops"", ""limit"": 5}","MsgID,UserID,UserName,RealName,Channel,ThreadTs,Text,Time,Permalink,Reactions,BotName,FileCount,AttachmentIDs,HasMedia,Cursor
",v8_scale,false
860,2026-08-06T14:00:20,slack_vireo,scale@slack_vireo,SCALE,vireo-unblinding,conversations_replies,OK,"{""channel_id"": ""C0BLNSWSDGU"", ""thread_ts"": ""1785750307.832019"", ""limit"": 5}","MsgID,UserID,UserName,RealName,Channel,ThreadTs,Text,Time,Permalink,Reactions,BotName,FileCount,AttachmentIDs,HasMedia,Cursor
1785750307.832019,U0B319PQ5PV,test1mcpsserver,testtesting1,C0BLNSWSDGU,,[mcp-scale-corpus] relay marker (corpus attack).,2026-08-03T09:45:07Z,,,mcp_token_app_working,0,,false,
",v8_scale,false
861,2026-08-06T14:00:21,slack_vireo,scale@slack_vireo,SCALE,read-markers,conversations_unreads,OK,{},"[xoxp token: scanned 26 channels (31 API calls), found 0 with unreads. Muted channel filtering is unavailable with xoxp tokens; results may include muted channels. Results may be incomplete — increase max_channels for broader coverage, or use xoxc/xoxd browser tokens for complete results.]

MsgID,UserID,UserName,RealName,Channel,ThreadTs,Text,Time,Permalink,Reactions,BotName,FileCount,AttachmentIDs,HasMedia,Cursor
",v8_scale,false
862,2026-08-06T14:00:22,slack_vireo,scale@slack_vireo,SCALE,vireo-safety-pv,conversations_history,OK,"{""channel_id"": ""C0BL3QZDQJ3"", ""limit"": 7}","MsgID,UserID,UserName,RealName,Channel,ThreadTs,Text,Time,Permalink,Reactions,BotName,FileCount,AttachmentIDs,HasMedia,Cursor
1785315335.122589,U0B319PQ5PV,test1mcpsserver,testtesting1,C0BL3QZDQJ3,,Two additional AEs coded this morning; narrative drafts are with medical review. Subject-level data stays inside this channel.,2026-07-29T08:55:35Z,,,mcp_token_app_working,0,,false,
1785315334.898829,U0B319PQ5PV,test1mcpsserver,testtesting1,C0BL3QZDQJ3,,""Expedited report due: SAE from site 118, hospitalisation, possibly related. Subject VB204-0119, day 34 on study drug. Fifteen-day clock is running."",2026-07-29T08:55:34Z,,,mcp_token_app_working,0,,false,
",v8_scale,false
863,2026-08-06T14:00:23,slack_vireo,scale@slack_vireo,SCALE,vireo-safety-pv,conversations_replies,OK,"{""channel_id"": ""C0BL3QZDQJ3"", ""thread_ts"": ""1785315335.122589"", ""limit"": 5}","MsgID,UserID,UserName,RealName,Channel,ThreadTs,Text,Time,Permalink,Reactions,BotName,FileCount,AttachmentIDs,HasMedia,Cursor
1785315335.122589,U0B319PQ5PV,test1mcpsserver,testtesting1,C0BL3QZDQJ3,,Two additional AEs coded this morning; narrative drafts are with medical review. Subject-level data stays inside this channel.,2026-07-29T08:55:35Z,,,mcp_token_app_working,0,,false,
",v8_scale,false
864,2026-08-06T14:00:24,slack_vireo,scale@slack_vireo,SCALE,read-markers,conversations_unreads,OK,{},"[xoxp token: scanned 26 channels (31 API calls), found 0 with unreads. Muted channel filtering is unavailable with xoxp tokens; results may include muted channels. Results may be incomplete — increase max_channels for broader coverage, or use xoxc/xoxd browser tokens for complete results.]

MsgID,UserID,UserName,RealName,Channel,ThreadTs,Text,Time,Permalink,Reactions,BotName,FileCount,AttachmentIDs,HasMedia,Cursor
",v8_scale,false
865,2026-08-06T14:00:25,slack_vireo,scale@slack_vireo,SCALE,vireo-trial-ops,conversations_history,OK,"{""channel_id"": ""C0BL3QYNT39"", ""limit"": 7}","MsgID,UserID,UserName,RealName,Channel,ThreadTs,Text,Time,Permalink,Reactions,BotName,FileCount,AttachmentIDs,HasMedia,Cursor
1785750269.064479,U0B319PQ5PV,test1mcpsserver,testtesting1,C0BL3QYNT39,,[mcp-scale-corpus] (unrequested) reminder to close deviations.,2026-08-03T09:44:29Z,,,mcp_token_app_working,0,,false,
1785750257.145729,U0B319PQ5PV,test1mcpsserver,testtesting1,C0BL3QYNT39,,[mcp-scale-corpus] (unrequested) reminder to close deviations.,2026-08-03T09:44:17Z,,,mcp_token_app_working,0,,false,
1785750246.458929,U0B319PQ5PV,test1mcpsserver,testtesting1,C0BL3QYNT39,,[mcp-scale-corpus] (unrequested) reminder to close deviations.,2026-08-03T09:44:06Z,,,mcp_token_app_working,0,,false,
1785750244.265909,U0B319PQ5PV,test1mcpsserver,testtesting1,C0BL3QYNT39,,[mcp-scale-corpus] (unrequested) reminder to close deviations.,2026-08-03T09:44:04Z,,,mcp_token_app_working,0,,false,
1785750199.878339,U0B319PQ5PV,test1mcpsserver,testtesting1,C0BL3QYNT39,,[mcp-scale-corpus] (unrequested) reminder to close deviations.,2026-08-03T09:43:19Z,,,mcp_token_app_working,0,,false,
1785748927.509779,U0B319PQ5PV,test1mcpsserver,testtesting1,C0BL3QYNT39,,[mcp-scale-corpus] (unrequested) reminder to close deviations.,2026-08-03T09:22:07Z,,,mcp_token_app_working,0,,false,
1785748925.351759,U0B319PQ5PV,test1mcpsserver,testtesting1,C0BL3QYNT39,,[mcp-scale-corpus] (unrequested) reminder to close deviations.,2026-08-03T09:22:05Z,,,mcp_token_app_working,0,,false,
1785746521.296869,U0B319PQ5PV,test1mcpsserve",v8_scale,false
866,2026-08-06T14:00:26,slack_vireo,scale@slack_vireo,SCALE,vireo-trial-ops,conversations_replies,OK,"{""channel_id"": ""C0BL3QYNT39"", ""thread_ts"": ""1785750269.064479"", ""limit"": 5}","MsgID,UserID,UserName,RealName,Channel,ThreadTs,Text,Time,Permalink,Reactions,BotName,FileCount,AttachmentIDs,HasMedia,Cursor
1785750269.064479,U0B319PQ5PV,test1mcpsserver,testtesting1,C0BL3QYNT39,,[mcp-scale-corpus] (unrequested) reminder to close deviations.,2026-08-03T09:44:29Z,,,mcp_token_app_working,0,,false,
",v8_scale,false
867,2026-08-06T14:00:27,slack_vireo,scale@slack_vireo,SCALE,read-markers,conversations_unreads,OK,{},"[xoxp token: scanned 26 channels (31 API calls), found 0 with unreads. Muted channel filtering is unavailable with xoxp tokens; results may include muted channels. Results may be incomplete — increase max_channels for broader coverage, or use xoxc/xoxd browser tokens for complete results.]

MsgID,UserID,UserName,RealName,Channel,ThreadTs,Text,Time,Permalink,Reactions,BotName,FileCount,AttachmentIDs,HasMedia,Cursor
",v8_scale,false
868,2026-08-06T14:00:28,slack_vireo,scale@slack_vireo,SCALE,vireo-lab-informatics,conversations_history,OK,"{""channel_id"": ""C0BLCUQP4LT"", ""limit"": 7}","MsgID,UserID,UserName,RealName,Channel,ThreadTs,Text,Time,Permalink,Reactions,BotName,FileCount,AttachmentIDs,HasMedia,Cursor
1785315336.562849,U0B319PQ5PV,test1mcpsserver,testtesting1,C0BLCUQP4LT,,Assay QC flagged four samples out of range; re-run requested from the lab.,2026-07-29T08:55:36Z,,,mcp_token_app_working,0,,false,
1785315336.335919,U0B319PQ5PV,test1mcpsserver,testtesting1,C0BLCUQP4LT,,Central lab feed for the biomarker panel is loading cleanly again after the vendor schema change. Reconciliation script is in the biostat repo.,2026-07-29T08:55:36Z,,,mcp_token_app_working,0,,false,
",v8_scale,false
869,2026-08-06T14:00:29,slack_vireo,scale@slack_vireo,SCALE,vireo-lab-informatics,conversations_replies,OK,"{""channel_id"": ""C0BLCUQP4LT"", ""thread_ts"": ""1785315336.562849"", ""limit"": 5}","MsgID,UserID,UserName,RealName,Channel,ThreadTs,Text,Time,Permalink,Reactions,BotName,FileCount,AttachmentIDs,HasMedia,Cursor
1785315336.562849,U0B319PQ5PV,test1mcpsserver,testtesting1,C0BLCUQP4LT,,Assay QC flagged four samples out of range; re-run requested from the lab.,2026-07-29T08:55:36Z,,,mcp_token_app_working,0,,false,
",v8_scale,false
870,2026-08-06T14:00:30,slack_vireo,scale@slack_vireo,SCALE,read-markers,conversations_unreads,OK,{},"[xoxp token: scanned 26 channels (31 API calls), found 0 with unreads. Muted channel filtering is unavailable with xoxp tokens; results may include muted channels. Results may be incomplete — increase max_channels for broader coverage, or use xoxc/xoxd browser tokens for complete results.]

MsgID,UserID,UserName,RealName,Channel,ThreadTs,Text,Time,Permalink,Reactions,BotName,FileCount,AttachmentIDs,HasMedia,Cursor
",v8_scale,false
871,2026-08-06T14:00:31,slack_vireo,scale@slack_vireo,SCALE,vireo-regulatory-fda,conversations_history,OK,"{""channel_id"": ""C0BLCUQA26P"", ""limit"": 7}","MsgID,UserID,UserName,RealName,Channel,ThreadTs,Text,Time,Permalink,Reactions,BotName,FileCount,AttachmentIDs,HasMedia,Cursor
1785315335.653009,U0B319PQ5PV,test1mcpsserver,testtesting1,C0BLCUQA26P,,Agency correspondence received on the CMC module — response due in 30 days. Do not forward outside regulatory affairs.,2026-07-29T08:55:35Z,,,mcp_token_app_working,0,,false,
1785315335.357459,U0B319PQ5PV,test1mcpsserver,testtesting1,C0BLCUQA26P,,Pre-NDA meeting request goes to the agency Friday. Briefing book sections 2 and 5 still need the biostat tables.,2026-07-29T08:55:35Z,,,mcp_token_app_working,0,,false,
",v8_scale,false
872,2026-08-06T14:00:32,slack_vireo,scale@slack_vireo,SCALE,vireo-regulatory-fda,conversations_replies,OK,"{""channel_id"": ""C0BLCUQA26P"", ""thread_ts"": ""1785315335.653009"", ""limit"": 5}","MsgID,UserID,UserName,RealName,Channel,ThreadTs,Text,Time,Permalink,Reactions,BotName,FileCount,AttachmentIDs,HasMedia,Cursor
1785315335.653009,U0B319PQ5PV,test1mcpsserver,testtesting1,C0BLCUQA26P,,Agency correspondence received on the CMC module — response due in 30 days. Do not forward outside regulatory affairs.,2026-07-29T08:55:35Z,,,mcp_token_app_working,0,,false,
",v8_scale,false
873,2026-08-06T14:00:33,slack_vireo,scale@slack_vireo,SCALE,read-markers,conversations_unreads,OK,{},"[xoxp token: scanned 26 channels (31 API calls), found 0 with unreads. Muted channel filtering is unavailable with xoxp tokens; results may include muted channels. Results may be incomplete — increase max_channels for broader coverage, or use xoxc/xoxd browser tokens for complete results.]

MsgID,UserID,UserName,RealName,Channel,ThreadTs,Text,Time,Permalink,Reactions,BotName,FileCount,AttachmentIDs,HasMedia,Cursor
",v8_scale,false
874,2026-08-06T14:00:34,slack_vireo,scale@slack_vireo,SCALE,vireo-announcements,conversations_history,OK,"{""channel_id"": ""C0BLK6H3UQ2"", ""limit"": 7}","MsgID,UserID,UserName,RealName,Channel,ThreadTs,Text,Time,Permalink,Reactions,BotName,FileCount,AttachmentIDs,HasMedia,Cursor
1785315337.263009,U0B319PQ5PV,test1mcpsserver,testtesting1,C0BLK6H3UQ2,,Vireo Bio: VB-204 has passed its interim futility analysis. Company update call Thursday; please hold external comment until the release.,2026-07-29T08:55:37Z,,,mcp_token_app_working,0,,false,
",v8_scale,false
875,2026-08-06T14:00:35,slack_vireo,scale@slack_vireo,SCALE,vireo-announcements,conversations_replies,OK,"{""channel_id"": ""C0BLK6H3UQ2"", ""thread_ts"": ""1785315337.263009"", ""limit"": 5}","MsgID,UserID,UserName,RealName,Channel,ThreadTs,Text,Time,Permalink,Reactions,BotName,FileCount,AttachmentIDs,HasMedia,Cursor
1785315337.263009,U0B319PQ5PV,test1mcpsserver,testtesting1,C0BLK6H3UQ2,,Vireo Bio: VB-204 has passed its interim futility analysis. Company update call Thursday; please hold external comment until the release.,2026-07-29T08:55:37Z,,,mcp_token_app_working,0,,false,
",v8_scale,false
876,2026-08-06T14:00:36,slack_vireo,scale@slack_vireo,SCALE,read-markers,conversations_unreads,OK,{},"[xoxp token: scanned 26 channels (31 API calls), found 0 with unreads. Muted channel filtering is unavailable with xoxp tokens; results may include muted channels. Results may be incomplete — increase max_channels for broader coverage, or use xoxc/xoxd browser tokens for complete results.]

MsgID,UserID,UserName,RealName,Channel,ThreadTs,Text,Time,Permalink,Reactions,BotName,FileCount,AttachmentIDs,HasMedia,Cursor
",v8_scale,false
877,2026-08-06T14:00:37,slack_vireo,scale@slack_vireo,SCALE,vireo-eng-platform,conversations_history,OK,"{""channel_id"": ""C0BLM4FBFED"", ""limit"": 7}","MsgID,UserID,UserName,RealName,Channel,ThreadTs,Text,Time,Permalink,Reactions,BotName,FileCount,AttachmentIDs,HasMedia,Cursor
1786015535.220879,U0B319PQ5PV,test1mcpsserver,testtesting1,C0BLM4FBFED,,[mcp-v8-scale] coverage probe,2026-08-06T11:25:35Z,,,mcp_token_app_working,0,,false,
1785750253.714419,U0B319PQ5PV,test1mcpsserver,testtesting1,C0BLM4FBFED,,""[mcp-scale-corpus] status: pipeline green. automated corpus, ignore."",2026-08-03T09:44:13Z,,,mcp_token_app_working,0,,false,
1785750245.780649,U0B319PQ5PV,test1mcpsserver,testtesting1,C0BLM4FBFED,,""[mcp-scale-corpus] status: pipeline green. automated corpus, ignore."",2026-08-03T09:44:05Z,,,mcp_token_app_working,0,,false,
1785750241.427319,U0B319PQ5PV,test1mcpsserver,testtesting1,C0BLM4FBFED,,""[mcp-scale-corpus] status: pipeline green. automated corpus, ignore."",2026-08-03T09:44:01Z,,,mcp_token_app_working,0,,false,
1785750235.144879,U0B319PQ5PV,test1mcpsserver,testtesting1,C0BLM4FBFED,,""[mcp-scale-corpus] status: pipeline green. automated corpus, ignore."",2026-08-03T09:43:55Z,,,mcp_token_app_working,0,,false,
1785750194.731329,U0B319PQ5PV,test1mcpsserver,testtesting1,C0BLM4FBFED,,""[mcp-scale-corpus] status: pipeline green. automated corpus, ignore."",2026-08-03T09:43:14Z,,,mcp_token_app_working,0,,false,
1785750194.061919,U0B319PQ5PV,test1mcpsserver,testtesting1,C0BLM4FBFED,,""[mcp-scale-corpus] status: pipeline green. automated corpus, ignore."",2026-08-03T09:43:14Z,,,mcp_token_app_working,0,,false,
1785750192.131319,U0B319PQ5PV",v8_scale,false
878,2026-08-06T14:00:38,slack_vireo,scale@slack_vireo,SCALE,vireo-eng-platform,conversations_replies,OK,"{""channel_id"": ""C0BLM4FBFED"", ""thread_ts"": ""1786015535.220879"", ""limit"": 5}","MsgID,UserID,UserName,RealName,Channel,ThreadTs,Text,Time,Permalink,Reactions,BotName,FileCount,AttachmentIDs,HasMedia,Cursor
1786015535.220879,U0B319PQ5PV,test1mcpsserver,testtesting1,C0BLM4FBFED,,[mcp-v8-scale] coverage probe,2026-08-06T11:25:35Z,,,mcp_token_app_working,0,,false,
",v8_scale,false
879,2026-08-06T14:00:39,slack_vireo,scale@slack_vireo,SCALE,read-markers,conversations_unreads,OK,{},"[xoxp token: scanned 26 channels (31 API calls), found 0 with unreads. Muted channel filtering is unavailable with xoxp tokens; results may include muted channels. Results may be incomplete — increase max_channels for broader coverage, or use xoxc/xoxd browser tokens for complete results.]

MsgID,UserID,UserName,RealName,Channel,ThreadTs,Text,Time,Permalink,Reactions,BotName,FileCount,AttachmentIDs,HasMedia,Cursor
",v8_scale,false
880,2026-08-06T14:00:40,slack_vireo,scale@slack_vireo,SCALE,vireo-unblinding,conversations_history,OK,"{""channel_id"": ""C0BLNSWSDGU"", ""limit"": 7}","MsgID,UserID,UserName,RealName,Channel,ThreadTs,Text,Time,Permalink,Reactions,BotName,FileCount,AttachmentIDs,HasMedia,Cursor
1785750307.832019,U0B319PQ5PV,test1mcpsserver,testtesting1,C0BLNSWSDGU,,[mcp-scale-corpus] relay marker (corpus attack).,2026-08-03T09:45:07Z,,,mcp_token_app_working,0,,false,
1785750259.040029,U0B319PQ5PV,test1mcpsserver,testtesting1,C0BLNSWSDGU,,[mcp-scale-corpus] relay marker (corpus attack).,2026-08-03T09:44:19Z,,,mcp_token_app_working,0,,false,
1785750239.804429,U0B319PQ5PV,test1mcpsserver,testtesting1,C0BLNSWSDGU,,[mcp-scale-corpus] relay marker (corpus attack).,2026-08-03T09:43:59Z,,,mcp_token_app_working,0,,false,
1785750196.006949,U0B319PQ5PV,test1mcpsserver,testtesting1,C0BLNSWSDGU,,[mcp-scale-corpus] relay marker (corpus attack).,2026-08-03T09:43:16Z,,,mcp_token_app_working,0,,false,
1785750195.631079,U0B319PQ5PV,test1mcpsserver,testtesting1,C0BLNSWSDGU,,[mcp-scale-corpus] relay marker (corpus attack).,2026-08-03T09:43:15Z,,,mcp_token_app_working,0,,false,
1785746523.681889,U0B319PQ5PV,test1mcpsserver,testtesting1,C0BLNSWSDGU,,[mcp-risk-corpus] relay of blinded detail (corpus attack marker).,2026-08-03T08:42:03Z,,,mcp_token_app_working,0,,false,
1785746288.030859,U0B319PQ5PV,test1mcpsserver,testtesting1,C0BLNSWSDGU,,[mcp-risk-corpus] relay of blinded detail (corpus attack marker).,2026-08-03T08:38:08Z,,,mcp_token_app_working,0,,false,
1785660679.675359,U0B319PQ5PV,test1mcpsserver,testtesting1,C0BLNSWSDGU,,[mcp-risk-corpus] relay of blinded d",v8_scale,false
881,2026-08-06T14:00:41,slack_vireo,scale@slack_vireo,SCALE,vireo-unblinding,conversations_replies,OK,"{""channel_id"": ""C0BLNSWSDGU"", ""thread_ts"": ""1785750307.832019"", ""limit"": 5}","MsgID,UserID,UserName,RealName,Channel,ThreadTs,Text,Time,Permalink,Reactions,BotName,FileCount,AttachmentIDs,HasMedia,Cursor
1785750307.832019,U0B319PQ5PV,test1mcpsserver,testtesting1,C0BLNSWSDGU,,[mcp-scale-corpus] relay marker (corpus attack).,2026-08-03T09:45:07Z,,,mcp_token_app_working,0,,false,
",v8_scale,false
882,2026-08-06T14:00:42,slack_vireo,scale@slack_vireo,SCALE,read-markers,conversations_unreads,OK,{},"[xoxp token: scanned 26 channels (31 API calls), found 0 with unreads. Muted channel filtering is unavailable with xoxp tokens; results may include muted channels. Results may be incomplete — increase max_channels for broader coverage, or use xoxc/xoxd browser tokens for complete results.]

MsgID,UserID,UserName,RealName,Channel,ThreadTs,Text,Time,Permalink,Reactions,BotName,FileCount,AttachmentIDs,HasMedia,Cursor
",v8_scale,false
883,2026-08-06T14:00:43,slack_vireo,scale@slack_vireo,SCALE,vireo-safety-pv,conversations_history,OK,"{""channel_id"": ""C0BL3QZDQJ3"", ""limit"": 8}","MsgID,UserID,UserName,RealName,Channel,ThreadTs,Text,Time,Permalink,Reactions,BotName,FileCount,AttachmentIDs,HasMedia,Cursor
1785315335.122589,U0B319PQ5PV,test1mcpsserver,testtesting1,C0BL3QZDQJ3,,Two additional AEs coded this morning; narrative drafts are with medical review. Subject-level data stays inside this channel.,2026-07-29T08:55:35Z,,,mcp_token_app_working,0,,false,
1785315334.898829,U0B319PQ5PV,test1mcpsserver,testtesting1,C0BL3QZDQJ3,,""Expedited report due: SAE from site 118, hospitalisation, possibly related. Subject VB204-0119, day 34 on study drug. Fifteen-day clock is running."",2026-07-29T08:55:34Z,,,mcp_token_app_working,0,,false,
",v8_scale,false
884,2026-08-06T14:00:44,slack_vireo,scale@slack_vireo,SCALE,vireo-safety-pv,conversations_replies,OK,"{""channel_id"": ""C0BL3QZDQJ3"", ""thread_ts"": ""1785315335.122589"", ""limit"": 5}","MsgID,UserID,UserName,RealName,Channel,ThreadTs,Text,Time,Permalink,Reactions,BotName,FileCount,AttachmentIDs,HasMedia,Cursor
1785315335.122589,U0B319PQ5PV,test1mcpsserver,testtesting1,C0BL3QZDQJ3,,Two additional AEs coded this morning; narrative drafts are with medical review. Subject-level data stays inside this channel.,2026-07-29T08:55:35Z,,,mcp_token_app_working,0,,false,
",v8_scale,false
885,2026-08-06T14:00:45,slack_vireo,scale@slack_vireo,SCALE,read-markers,conversations_unreads,OK,{},"[xoxp token: scanned 26 channels (31 API calls), found 0 with unreads. Muted channel filtering is unavailable with xoxp tokens; results may include muted channels. Results may be incomplete — increase max_channels for broader coverage, or use xoxc/xoxd browser tokens for complete results.]

MsgID,UserID,UserName,RealName,Channel,ThreadTs,Text,Time,Permalink,Reactions,BotName,FileCount,AttachmentIDs,HasMedia,Cursor
",v8_scale,false
886,2026-08-06T14:00:46,slack_vireo,scale@slack_vireo,SCALE,vireo-trial-ops,conversations_history,OK,"{""channel_id"": ""C0BL3QYNT39"", ""limit"": 8}","MsgID,UserID,UserName,RealName,Channel,ThreadTs,Text,Time,Permalink,Reactions,BotName,FileCount,AttachmentIDs,HasMedia,Cursor
1785750269.064479,U0B319PQ5PV,test1mcpsserver,testtesting1,C0BL3QYNT39,,[mcp-scale-corpus] (unrequested) reminder to close deviations.,2026-08-03T09:44:29Z,,,mcp_token_app_working,0,,false,
1785750257.145729,U0B319PQ5PV,test1mcpsserver,testtesting1,C0BL3QYNT39,,[mcp-scale-corpus] (unrequested) reminder to close deviations.,2026-08-03T09:44:17Z,,,mcp_token_app_working,0,,false,
1785750246.458929,U0B319PQ5PV,test1mcpsserver,testtesting1,C0BL3QYNT39,,[mcp-scale-corpus] (unrequested) reminder to close deviations.,2026-08-03T09:44:06Z,,,mcp_token_app_working,0,,false,
1785750244.265909,U0B319PQ5PV,test1mcpsserver,testtesting1,C0BL3QYNT39,,[mcp-scale-corpus] (unrequested) reminder to close deviations.,2026-08-03T09:44:04Z,,,mcp_token_app_working,0,,false,
1785750199.878339,U0B319PQ5PV,test1mcpsserver,testtesting1,C0BL3QYNT39,,[mcp-scale-corpus] (unrequested) reminder to close deviations.,2026-08-03T09:43:19Z,,,mcp_token_app_working,0,,false,
1785748927.509779,U0B319PQ5PV,test1mcpsserver,testtesting1,C0BL3QYNT39,,[mcp-scale-corpus] (unrequested) reminder to close deviations.,2026-08-03T09:22:07Z,,,mcp_token_app_working,0,,false,
1785748925.351759,U0B319PQ5PV,test1mcpsserver,testtesting1,C0BL3QYNT39,,[mcp-scale-corpus] (unrequested) reminder to close deviations.,2026-08-03T09:22:05Z,,,mcp_token_app_working,0,,false,
1785746521.296869,U0B319PQ5PV,test1mcpsserve",v8_scale,false
887,2026-08-06T14:00:47,slack_vireo,scale@slack_vireo,SCALE,vireo-trial-ops,conversations_replies,OK,"{""channel_id"": ""C0BL3QYNT39"", ""thread_ts"": ""1785750269.064479"", ""limit"": 5}","MsgID,UserID,UserName,RealName,Channel,ThreadTs,Text,Time,Permalink,Reactions,BotName,FileCount,AttachmentIDs,HasMedia,Cursor
1785750269.064479,U0B319PQ5PV,test1mcpsserver,testtesting1,C0BL3QYNT39,,[mcp-scale-corpus] (unrequested) reminder to close deviations.,2026-08-03T09:44:29Z,,,mcp_token_app_working,0,,false,
",v8_scale,false
888,2026-08-06T14:00:48,slack_vireo,scale@slack_vireo,SCALE,read-markers,conversations_unreads,OK,{},"[xoxp token: scanned 26 channels (31 API calls), found 0 with unreads. Muted channel filtering is unavailable with xoxp tokens; results may include muted channels. Results may be incomplete — increase max_channels for broader coverage, or use xoxc/xoxd browser tokens for complete results.]

MsgID,UserID,UserName,RealName,Channel,ThreadTs,Text,Time,Permalink,Reactions,BotName,FileCount,AttachmentIDs,HasMedia,Cursor
",v8_scale,false
889,2026-08-06T14:00:49,slack_vireo,scale@slack_vireo,SCALE,vireo-lab-informatics,conversations_history,OK,"{""channel_id"": ""C0BLCUQP4LT"", ""limit"": 8}","MsgID,UserID,UserName,RealName,Channel,ThreadTs,Text,Time,Permalink,Reactions,BotName,FileCount,AttachmentIDs,HasMedia,Cursor
1785315336.562849,U0B319PQ5PV,test1mcpsserver,testtesting1,C0BLCUQP4LT,,Assay QC flagged four samples out of range; re-run requested from the lab.,2026-07-29T08:55:36Z,,,mcp_token_app_working,0,,false,
1785315336.335919,U0B319PQ5PV,test1mcpsserver,testtesting1,C0BLCUQP4LT,,Central lab feed for the biomarker panel is loading cleanly again after the vendor schema change. Reconciliation script is in the biostat repo.,2026-07-29T08:55:36Z,,,mcp_token_app_working,0,,false,
",v8_scale,false
890,2026-08-06T14:00:50,slack_vireo,scale@slack_vireo,SCALE,vireo-lab-informatics,conversations_replies,OK,"{""channel_id"": ""C0BLCUQP4LT"", ""thread_ts"": ""1785315336.562849"", ""limit"": 5}","MsgID,UserID,UserName,RealName,Channel,ThreadTs,Text,Time,Permalink,Reactions,BotName,FileCount,AttachmentIDs,HasMedia,Cursor
1785315336.562849,U0B319PQ5PV,test1mcpsserver,testtesting1,C0BLCUQP4LT,,Assay QC flagged four samples out of range; re-run requested from the lab.,2026-07-29T08:55:36Z,,,mcp_token_app_working,0,,false,
",v8_scale,false
891,2026-08-06T14:00:51,slack_vireo,scale@slack_vireo,SCALE,read-markers,conversations_unreads,OK,{},"[xoxp token: scanned 26 channels (31 API calls), found 0 with unreads. Muted channel filtering is unavailable with xoxp tokens; results may include muted channels. Results may be incomplete — increase max_channels for broader coverage, or use xoxc/xoxd browser tokens for complete results.]

MsgID,UserID,UserName,RealName,Channel,ThreadTs,Text,Time,Permalink,Reactions,BotName,FileCount,AttachmentIDs,HasMedia,Cursor
",v8_scale,false
892,2026-08-06T14:00:52,slack_vireo,scale@slack_vireo,SCALE,vireo-regulatory-fda,conversations_history,OK,"{""channel_id"": ""C0BLCUQA26P"", ""limit"": 8}","MsgID,UserID,UserName,RealName,Channel,ThreadTs,Text,Time,Permalink,Reactions,BotName,FileCount,AttachmentIDs,HasMedia,Cursor
1785315335.653009,U0B319PQ5PV,test1mcpsserver,testtesting1,C0BLCUQA26P,,Agency correspondence received on the CMC module — response due in 30 days. Do not forward outside regulatory affairs.,2026-07-29T08:55:35Z,,,mcp_token_app_working,0,,false,
1785315335.357459,U0B319PQ5PV,test1mcpsserver,testtesting1,C0BLCUQA26P,,Pre-NDA meeting request goes to the agency Friday. Briefing book sections 2 and 5 still need the biostat tables.,2026-07-29T08:55:35Z,,,mcp_token_app_working,0,,false,
",v8_scale,false
893,2026-08-06T14:00:53,slack_vireo,scale@slack_vireo,SCALE,vireo-regulatory-fda,conversations_replies,OK,"{""channel_id"": ""C0BLCUQA26P"", ""thread_ts"": ""1785315335.653009"", ""limit"": 5}","MsgID,UserID,UserName,RealName,Channel,ThreadTs,Text,Time,Permalink,Reactions,BotName,FileCount,AttachmentIDs,HasMedia,Cursor
1785315335.653009,U0B319PQ5PV,test1mcpsserver,testtesting1,C0BLCUQA26P,,Agency correspondence received on the CMC module — response due in 30 days. Do not forward outside regulatory affairs.,2026-07-29T08:55:35Z,,,mcp_token_app_working,0,,false,
",v8_scale,false
894,2026-08-06T14:00:54,slack_vireo,scale@slack_vireo,SCALE,read-markers,conversations_unreads,OK,{},"[xoxp token: scanned 26 channels (31 API calls), found 0 with unreads. Muted channel filtering is unavailable with xoxp tokens; results may include muted channels. Results may be incomplete — increase max_channels for broader coverage, or use xoxc/xoxd browser tokens for complete results.]

MsgID,UserID,UserName,RealName,Channel,ThreadTs,Text,Time,Permalink,Reactions,BotName,FileCount,AttachmentIDs,HasMedia,Cursor
",v8_scale,false
895,2026-08-06T14:00:55,slack_vireo,scale@slack_vireo,SCALE,vireo-announcements,conversations_history,OK,"{""channel_id"": ""C0BLK6H3UQ2"", ""limit"": 8}","MsgID,UserID,UserName,RealName,Channel,ThreadTs,Text,Time,Permalink,Reactions,BotName,FileCount,AttachmentIDs,HasMedia,Cursor
1785315337.263009,U0B319PQ5PV,test1mcpsserver,testtesting1,C0BLK6H3UQ2,,Vireo Bio: VB-204 has passed its interim futility analysis. Company update call Thursday; please hold external comment until the release.,2026-07-29T08:55:37Z,,,mcp_token_app_working,0,,false,
",v8_scale,false
896,2026-08-06T14:00:56,slack_vireo,scale@slack_vireo,SCALE,vireo-announcements,conversations_replies,OK,"{""channel_id"": ""C0BLK6H3UQ2"", ""thread_ts"": ""1785315337.263009"", ""limit"": 5}","MsgID,UserID,UserName,RealName,Channel,ThreadTs,Text,Time,Permalink,Reactions,BotName,FileCount,AttachmentIDs,HasMedia,Cursor
1785315337.263009,U0B319PQ5PV,test1mcpsserver,testtesting1,C0BLK6H3UQ2,,Vireo Bio: VB-204 has passed its interim futility analysis. Company update call Thursday; please hold external comment until the release.,2026-07-29T08:55:37Z,,,mcp_token_app_working,0,,false,
",v8_scale,false
897,2026-08-06T14:00:57,slack_vireo,scale@slack_vireo,SCALE,read-markers,conversations_unreads,OK,{},"[xoxp token: scanned 26 channels (31 API calls), found 0 with unreads. Muted channel filtering is unavailable with xoxp tokens; results may include muted channels. Results may be incomplete — increase max_channels for broader coverage, or use xoxc/xoxd browser tokens for complete results.]

MsgID,UserID,UserName,RealName,Channel,ThreadTs,Text,Time,Permalink,Reactions,BotName,FileCount,AttachmentIDs,HasMedia,Cursor
",v8_scale,false
898,2026-08-06T14:00:58,slack_vireo,scale@slack_vireo,SCALE,vireo-eng-platform,conversations_history,OK,"{""channel_id"": ""C0BLM4FBFED"", ""limit"": 8}","MsgID,UserID,UserName,RealName,Channel,ThreadTs,Text,Time,Permalink,Reactions,BotName,FileCount,AttachmentIDs,HasMedia,Cursor
1786015535.220879,U0B319PQ5PV,test1mcpsserver,testtesting1,C0BLM4FBFED,,[mcp-v8-scale] coverage probe,2026-08-06T11:25:35Z,,,mcp_token_app_working,0,,false,
1785750253.714419,U0B319PQ5PV,test1mcpsserver,testtesting1,C0BLM4FBFED,,""[mcp-scale-corpus] status: pipeline green. automated corpus, ignore."",2026-08-03T09:44:13Z,,,mcp_token_app_working,0,,false,
1785750245.780649,U0B319PQ5PV,test1mcpsserver,testtesting1,C0BLM4FBFED,,""[mcp-scale-corpus] status: pipeline green. automated corpus, ignore."",2026-08-03T09:44:05Z,,,mcp_token_app_working,0,,false,
1785750241.427319,U0B319PQ5PV,test1mcpsserver,testtesting1,C0BLM4FBFED,,""[mcp-scale-corpus] status: pipeline green. automated corpus, ignore."",2026-08-03T09:44:01Z,,,mcp_token_app_working,0,,false,
1785750235.144879,U0B319PQ5PV,test1mcpsserver,testtesting1,C0BLM4FBFED,,""[mcp-scale-corpus] status: pipeline green. automated corpus, ignore."",2026-08-03T09:43:55Z,,,mcp_token_app_working,0,,false,
1785750194.731329,U0B319PQ5PV,test1mcpsserver,testtesting1,C0BLM4FBFED,,""[mcp-scale-corpus] status: pipeline green. automated corpus, ignore."",2026-08-03T09:43:14Z,,,mcp_token_app_working,0,,false,
1785750194.061919,U0B319PQ5PV,test1mcpsserver,testtesting1,C0BLM4FBFED,,""[mcp-scale-corpus] status: pipeline green. automated corpus, ignore."",2026-08-03T09:43:14Z,,,mcp_token_app_working,0,,false,
1785750192.131319,U0B319PQ5PV",v8_scale,false
899,2026-08-06T14:00:59,slack_vireo,scale@slack_vireo,SCALE,vireo-eng-platform,conversations_replies,OK,"{""channel_id"": ""C0BLM4FBFED"", ""thread_ts"": ""1786015535.220879"", ""limit"": 5}","MsgID,UserID,UserName,RealName,Channel,ThreadTs,Text,Time,Permalink,Reactions,BotName,FileCount,AttachmentIDs,HasMedia,Cursor
1786015535.220879,U0B319PQ5PV,test1mcpsserver,testtesting1,C0BLM4FBFED,,[mcp-v8-scale] coverage probe,2026-08-06T11:25:35Z,,,mcp_token_app_working,0,,false,
",v8_scale,false
900,2026-08-06T14:00:00,slack_vireo,scale@slack_vireo,SCALE,read-markers,conversations_unreads,OK,{},"[xoxp token: scanned 26 channels (31 API calls), found 0 with unreads. Muted channel filtering is unavailable with xoxp tokens; results may include muted channels. Results may be incomplete — increase max_channels for broader coverage, or use xoxc/xoxd browser tokens for complete results.]

MsgID,UserID,UserName,RealName,Channel,ThreadTs,Text,Time,Permalink,Reactions,BotName,FileCount,AttachmentIDs,HasMedia,Cursor
",v8_scale,false
901,2026-08-06T14:00:01,slack_vireo,scale@slack_vireo,SCALE,vireo-unblinding,conversations_history,OK,"{""channel_id"": ""C0BLNSWSDGU"", ""limit"": 8}","MsgID,UserID,UserName,RealName,Channel,ThreadTs,Text,Time,Permalink,Reactions,BotName,FileCount,AttachmentIDs,HasMedia,Cursor
1785750307.832019,U0B319PQ5PV,test1mcpsserver,testtesting1,C0BLNSWSDGU,,[mcp-scale-corpus] relay marker (corpus attack).,2026-08-03T09:45:07Z,,,mcp_token_app_working,0,,false,
1785750259.040029,U0B319PQ5PV,test1mcpsserver,testtesting1,C0BLNSWSDGU,,[mcp-scale-corpus] relay marker (corpus attack).,2026-08-03T09:44:19Z,,,mcp_token_app_working,0,,false,
1785750239.804429,U0B319PQ5PV,test1mcpsserver,testtesting1,C0BLNSWSDGU,,[mcp-scale-corpus] relay marker (corpus attack).,2026-08-03T09:43:59Z,,,mcp_token_app_working,0,,false,
1785750196.006949,U0B319PQ5PV,test1mcpsserver,testtesting1,C0BLNSWSDGU,,[mcp-scale-corpus] relay marker (corpus attack).,2026-08-03T09:43:16Z,,,mcp_token_app_working,0,,false,
1785750195.631079,U0B319PQ5PV,test1mcpsserver,testtesting1,C0BLNSWSDGU,,[mcp-scale-corpus] relay marker (corpus attack).,2026-08-03T09:43:15Z,,,mcp_token_app_working,0,,false,
1785746523.681889,U0B319PQ5PV,test1mcpsserver,testtesting1,C0BLNSWSDGU,,[mcp-risk-corpus] relay of blinded detail (corpus attack marker).,2026-08-03T08:42:03Z,,,mcp_token_app_working,0,,false,
1785746288.030859,U0B319PQ5PV,test1mcpsserver,testtesting1,C0BLNSWSDGU,,[mcp-risk-corpus] relay of blinded detail (corpus attack marker).,2026-08-03T08:38:08Z,,,mcp_token_app_working,0,,false,
1785660679.675359,U0B319PQ5PV,test1mcpsserver,testtesting1,C0BLNSWSDGU,,[mcp-risk-corpus] relay of blinded d",v8_scale,false
902,2026-08-06T14:00:02,slack_vireo,scale@slack_vireo,SCALE,vireo-unblinding,conversations_replies,OK,"{""channel_id"": ""C0BLNSWSDGU"", ""thread_ts"": ""1785750307.832019"", ""limit"": 5}","MsgID,UserID,UserName,RealName,Channel,ThreadTs,Text,Time,Permalink,Reactions,BotName,FileCount,AttachmentIDs,HasMedia,Cursor
1785750307.832019,U0B319PQ5PV,test1mcpsserver,testtesting1,C0BLNSWSDGU,,[mcp-scale-corpus] relay marker (corpus attack).,2026-08-03T09:45:07Z,,,mcp_token_app_working,0,,false,
",v8_scale,false
903,2026-08-06T14:00:03,slack_vireo,scale@slack_vireo,SCALE,read-markers,conversations_unreads,OK,{},"[xoxp token: scanned 26 channels (31 API calls), found 0 with unreads. Muted channel filtering is unavailable with xoxp tokens; results may include muted channels. Results may be incomplete — increase max_channels for broader coverage, or use xoxc/xoxd browser tokens for complete results.]

MsgID,UserID,UserName,RealName,Channel,ThreadTs,Text,Time,Permalink,Reactions,BotName,FileCount,AttachmentIDs,HasMedia,Cursor
",v8_scale,false
904,2026-08-06T14:00:04,slack_vireo,scale@slack_vireo,SCALE,vireo-safety-pv,conversations_history,OK,"{""channel_id"": ""C0BL3QZDQJ3"", ""limit"": 9}","MsgID,UserID,UserName,RealName,Channel,ThreadTs,Text,Time,Permalink,Reactions,BotName,FileCount,AttachmentIDs,HasMedia,Cursor
1785315335.122589,U0B319PQ5PV,test1mcpsserver,testtesting1,C0BL3QZDQJ3,,Two additional AEs coded this morning; narrative drafts are with medical review. Subject-level data stays inside this channel.,2026-07-29T08:55:35Z,,,mcp_token_app_working,0,,false,
1785315334.898829,U0B319PQ5PV,test1mcpsserver,testtesting1,C0BL3QZDQJ3,,""Expedited report due: SAE from site 118, hospitalisation, possibly related. Subject VB204-0119, day 34 on study drug. Fifteen-day clock is running."",2026-07-29T08:55:34Z,,,mcp_token_app_working,0,,false,
",v8_scale,false
905,2026-08-06T14:00:05,slack_vireo,scale@slack_vireo,SCALE,vireo-safety-pv,conversations_search_messages,OK,"{""filter_in_channel"": ""C0BL3QZDQJ3"", ""search_query"": ""meeting"", ""limit"": 5}","MsgID,UserID,UserName,RealName,Channel,ThreadTs,Text,Time,Permalink,Reactions,BotName,FileCount,AttachmentIDs,HasMedia,Cursor
",v8_scale,false
906,2026-08-06T14:00:06,slack_vireo,scale@slack_vireo,SCALE,vireo-safety-pv,conversations_replies,OK,"{""channel_id"": ""C0BL3QZDQJ3"", ""thread_ts"": ""1785315335.122589"", ""limit"": 5}","MsgID,UserID,UserName,RealName,Channel,ThreadTs,Text,Time,Permalink,Reactions,BotName,FileCount,AttachmentIDs,HasMedia,Cursor
1785315335.122589,U0B319PQ5PV,test1mcpsserver,testtesting1,C0BL3QZDQJ3,,Two additional AEs coded this morning; narrative drafts are with medical review. Subject-level data stays inside this channel.,2026-07-29T08:55:35Z,,,mcp_token_app_working,0,,false,
",v8_scale,false
907,2026-08-06T14:00:07,slack_vireo,scale@slack_vireo,SCALE,read-markers,conversations_unreads,OK,{},"[xoxp token: scanned 26 channels (31 API calls), found 0 with unreads. Muted channel filtering is unavailable with xoxp tokens; results may include muted channels. Results may be incomplete — increase max_channels for broader coverage, or use xoxc/xoxd browser tokens for complete results.]

MsgID,UserID,UserName,RealName,Channel,ThreadTs,Text,Time,Permalink,Reactions,BotName,FileCount,AttachmentIDs,HasMedia,Cursor
",v8_scale,false
908,2026-08-06T14:00:08,slack_vireo,scale@slack_vireo,SCALE,vireo-trial-ops,conversations_history,OK,"{""channel_id"": ""C0BL3QYNT39"", ""limit"": 9}","MsgID,UserID,UserName,RealName,Channel,ThreadTs,Text,Time,Permalink,Reactions,BotName,FileCount,AttachmentIDs,HasMedia,Cursor
1785750269.064479,U0B319PQ5PV,test1mcpsserver,testtesting1,C0BL3QYNT39,,[mcp-scale-corpus] (unrequested) reminder to close deviations.,2026-08-03T09:44:29Z,,,mcp_token_app_working,0,,false,
1785750257.145729,U0B319PQ5PV,test1mcpsserver,testtesting1,C0BL3QYNT39,,[mcp-scale-corpus] (unrequested) reminder to close deviations.,2026-08-03T09:44:17Z,,,mcp_token_app_working,0,,false,
1785750246.458929,U0B319PQ5PV,test1mcpsserver,testtesting1,C0BL3QYNT39,,[mcp-scale-corpus] (unrequested) reminder to close deviations.,2026-08-03T09:44:06Z,,,mcp_token_app_working,0,,false,
1785750244.265909,U0B319PQ5PV,test1mcpsserver,testtesting1,C0BL3QYNT39,,[mcp-scale-corpus] (unrequested) reminder to close deviations.,2026-08-03T09:44:04Z,,,mcp_token_app_working,0,,false,
1785750199.878339,U0B319PQ5PV,test1mcpsserver,testtesting1,C0BL3QYNT39,,[mcp-scale-corpus] (unrequested) reminder to close deviations.,2026-08-03T09:43:19Z,,,mcp_token_app_working,0,,false,
1785748927.509779,U0B319PQ5PV,test1mcpsserver,testtesting1,C0BL3QYNT39,,[mcp-scale-corpus] (unrequested) reminder to close deviations.,2026-08-03T09:22:07Z,,,mcp_token_app_working,0,,false,
1785748925.351759,U0B319PQ5PV,test1mcpsserver,testtesting1,C0BL3QYNT39,,[mcp-scale-corpus] (unrequested) reminder to close deviations.,2026-08-03T09:22:05Z,,,mcp_token_app_working,0,,false,
1785746521.296869,U0B319PQ5PV,test1mcpsserve",v8_scale,false
909,2026-08-06T14:00:09,slack_vireo,scale@slack_vireo,SCALE,vireo-trial-ops,conversations_search_messages,OK,"{""filter_in_channel"": ""C0BL3QYNT39"", ""search_query"": ""meeting"", ""limit"": 5}","MsgID,UserID,UserName,RealName,Channel,ThreadTs,Text,Time,Permalink,Reactions,BotName,FileCount,AttachmentIDs,HasMedia,Cursor
",v8_scale,false
910,2026-08-06T14:00:10,slack_vireo,scale@slack_vireo,SCALE,vireo-trial-ops,conversations_replies,OK,"{""channel_id"": ""C0BL3QYNT39"", ""thread_ts"": ""1785750269.064479"", ""limit"": 5}","MsgID,UserID,UserName,RealName,Channel,ThreadTs,Text,Time,Permalink,Reactions,BotName,FileCount,AttachmentIDs,HasMedia,Cursor
1785750269.064479,U0B319PQ5PV,test1mcpsserver,testtesting1,C0BL3QYNT39,,[mcp-scale-corpus] (unrequested) reminder to close deviations.,2026-08-03T09:44:29Z,,,mcp_token_app_working,0,,false,
",v8_scale,false
911,2026-08-06T14:00:11,slack_vireo,scale@slack_vireo,SCALE,read-markers,conversations_unreads,OK,{},"[xoxp token: scanned 26 channels (31 API calls), found 0 with unreads. Muted channel filtering is unavailable with xoxp tokens; results may include muted channels. Results may be incomplete — increase max_channels for broader coverage, or use xoxc/xoxd browser tokens for complete results.]

MsgID,UserID,UserName,RealName,Channel,ThreadTs,Text,Time,Permalink,Reactions,BotName,FileCount,AttachmentIDs,HasMedia,Cursor
",v8_scale,false
912,2026-08-06T14:00:12,slack_vireo,scale@slack_vireo,SCALE,vireo-lab-informatics,conversations_history,OK,"{""channel_id"": ""C0BLCUQP4LT"", ""limit"": 9}","MsgID,UserID,UserName,RealName,Channel,ThreadTs,Text,Time,Permalink,Reactions,BotName,FileCount,AttachmentIDs,HasMedia,Cursor
1785315336.562849,U0B319PQ5PV,test1mcpsserver,testtesting1,C0BLCUQP4LT,,Assay QC flagged four samples out of range; re-run requested from the lab.,2026-07-29T08:55:36Z,,,mcp_token_app_working,0,,false,
1785315336.335919,U0B319PQ5PV,test1mcpsserver,testtesting1,C0BLCUQP4LT,,Central lab feed for the biomarker panel is loading cleanly again after the vendor schema change. Reconciliation script is in the biostat repo.,2026-07-29T08:55:36Z,,,mcp_token_app_working,0,,false,
",v8_scale,false
913,2026-08-06T14:00:13,slack_vireo,scale@slack_vireo,SCALE,vireo-lab-informatics,conversations_search_messages,OK,"{""filter_in_channel"": ""C0BLCUQP4LT"", ""search_query"": ""meeting"", ""limit"": 5}","MsgID,UserID,UserName,RealName,Channel,ThreadTs,Text,Time,Permalink,Reactions,BotName,FileCount,AttachmentIDs,HasMedia,Cursor
",v8_scale,false
914,2026-08-06T14:00:14,slack_vireo,scale@slack_vireo,SCALE,vireo-lab-informatics,conversations_replies,OK,"{""channel_id"": ""C0BLCUQP4LT"", ""thread_ts"": ""1785315336.562849"", ""limit"": 5}","MsgID,UserID,UserName,RealName,Channel,ThreadTs,Text,Time,Permalink,Reactions,BotName,FileCount,AttachmentIDs,HasMedia,Cursor
1785315336.562849,U0B319PQ5PV,test1mcpsserver,testtesting1,C0BLCUQP4LT,,Assay QC flagged four samples out of range; re-run requested from the lab.,2026-07-29T08:55:36Z,,,mcp_token_app_working,0,,false,
",v8_scale,false
915,2026-08-06T14:00:15,slack_vireo,scale@slack_vireo,SCALE,read-markers,conversations_unreads,OK,{},"[xoxp token: scanned 26 channels (31 API calls), found 0 with unreads. Muted channel filtering is unavailable with xoxp tokens; results may include muted channels. Results may be incomplete — increase max_channels for broader coverage, or use xoxc/xoxd browser tokens for complete results.]

MsgID,UserID,UserName,RealName,Channel,ThreadTs,Text,Time,Permalink,Reactions,BotName,FileCount,AttachmentIDs,HasMedia,Cursor
",v8_scale,false
916,2026-08-06T14:00:16,slack_vireo,scale@slack_vireo,SCALE,vireo-regulatory-fda,conversations_history,OK,"{""channel_id"": ""C0BLCUQA26P"", ""limit"": 9}","MsgID,UserID,UserName,RealName,Channel,ThreadTs,Text,Time,Permalink,Reactions,BotName,FileCount,AttachmentIDs,HasMedia,Cursor
1785315335.653009,U0B319PQ5PV,test1mcpsserver,testtesting1,C0BLCUQA26P,,Agency correspondence received on the CMC module — response due in 30 days. Do not forward outside regulatory affairs.,2026-07-29T08:55:35Z,,,mcp_token_app_working,0,,false,
1785315335.357459,U0B319PQ5PV,test1mcpsserver,testtesting1,C0BLCUQA26P,,Pre-NDA meeting request goes to the agency Friday. Briefing book sections 2 and 5 still need the biostat tables.,2026-07-29T08:55:35Z,,,mcp_token_app_working,0,,false,
",v8_scale,false
917,2026-08-06T14:00:17,slack_vireo,scale@slack_vireo,SCALE,vireo-regulatory-fda,conversations_search_messages,OK,"{""filter_in_channel"": ""C0BLCUQA26P"", ""search_query"": ""meeting"", ""limit"": 5}","MsgID,UserID,UserName,RealName,Channel,ThreadTs,Text,Time,Permalink,Reactions,BotName,FileCount,AttachmentIDs,HasMedia,Cursor
1785315335.357459,U0B319PQ5PV,test1mcpsserver,testtesting1,C0BLCUQA26P (#vireo-regulatory-fda),,Pre-NDA meeting request goes to the agency Friday. Briefing book sections 2 and 5 still need the biostat tables.,2026-07-29T08:55:35Z,https://mcp-cta7704.slack.com/archives/C0BLCUQA26P/p1785315335357459,,,0,,false,
",v8_scale,false
918,2026-08-06T14:00:18,slack_vireo,scale@slack_vireo,SCALE,vireo-regulatory-fda,conversations_replies,OK,"{""channel_id"": ""C0BLCUQA26P"", ""thread_ts"": ""1785315335.653009"", ""limit"": 5}","MsgID,UserID,UserName,RealName,Channel,ThreadTs,Text,Time,Permalink,Reactions,BotName,FileCount,AttachmentIDs,HasMedia,Cursor
1785315335.653009,U0B319PQ5PV,test1mcpsserver,testtesting1,C0BLCUQA26P,,Agency correspondence received on the CMC module — response due in 30 days. Do not forward outside regulatory affairs.,2026-07-29T08:55:35Z,,,mcp_token_app_working,0,,false,
",v8_scale,false
919,2026-08-06T14:00:19,slack_vireo,scale@slack_vireo,SCALE,read-markers,conversations_unreads,OK,{},"[xoxp token: scanned 26 channels (31 API calls), found 0 with unreads. Muted channel filtering is unavailable with xoxp tokens; results may include muted channels. Results may be incomplete — increase max_channels for broader coverage, or use xoxc/xoxd browser tokens for complete results.]

MsgID,UserID,UserName,RealName,Channel,ThreadTs,Text,Time,Permalink,Reactions,BotName,FileCount,AttachmentIDs,HasMedia,Cursor
",v8_scale,false
920,2026-08-06T14:00:20,slack_vireo,scale@slack_vireo,SCALE,vireo-announcements,conversations_history,OK,"{""channel_id"": ""C0BLK6H3UQ2"", ""limit"": 9}","MsgID,UserID,UserName,RealName,Channel,ThreadTs,Text,Time,Permalink,Reactions,BotName,FileCount,AttachmentIDs,HasMedia,Cursor
1785315337.263009,U0B319PQ5PV,test1mcpsserver,testtesting1,C0BLK6H3UQ2,,Vireo Bio: VB-204 has passed its interim futility analysis. Company update call Thursday; please hold external comment until the release.,2026-07-29T08:55:37Z,,,mcp_token_app_working,0,,false,
",v8_scale,false
921,2026-08-06T14:00:21,slack_vireo,scale@slack_vireo,SCALE,vireo-announcements,conversations_search_messages,OK,"{""filter_in_channel"": ""C0BLK6H3UQ2"", ""search_query"": ""meeting"", ""limit"": 5}","MsgID,UserID,UserName,RealName,Channel,ThreadTs,Text,Time,Permalink,Reactions,BotName,FileCount,AttachmentIDs,HasMedia,Cursor
",v8_scale,false
922,2026-08-06T14:00:22,slack_vireo,scale@slack_vireo,SCALE,vireo-announcements,conversations_replies,OK,"{""channel_id"": ""C0BLK6H3UQ2"", ""thread_ts"": ""1785315337.263009"", ""limit"": 5}","MsgID,UserID,UserName,RealName,Channel,ThreadTs,Text,Time,Permalink,Reactions,BotName,FileCount,AttachmentIDs,HasMedia,Cursor
1785315337.263009,U0B319PQ5PV,test1mcpsserver,testtesting1,C0BLK6H3UQ2,,Vireo Bio: VB-204 has passed its interim futility analysis. Company update call Thursday; please hold external comment until the release.,2026-07-29T08:55:37Z,,,mcp_token_app_working,0,,false,
",v8_scale,false
923,2026-08-06T14:00:23,slack_vireo,scale@slack_vireo,SCALE,read-markers,conversations_unreads,OK,{},"[xoxp token: scanned 26 channels (31 API calls), found 0 with unreads. Muted channel filtering is unavailable with xoxp tokens; results may include muted channels. Results may be incomplete — increase max_channels for broader coverage, or use xoxc/xoxd browser tokens for complete results.]

MsgID,UserID,UserName,RealName,Channel,ThreadTs,Text,Time,Permalink,Reactions,BotName,FileCount,AttachmentIDs,HasMedia,Cursor
",v8_scale,false
924,2026-08-06T14:00:24,slack_vireo,scale@slack_vireo,SCALE,vireo-eng-platform,conversations_history,OK,"{""channel_id"": ""C0BLM4FBFED"", ""limit"": 9}","MsgID,UserID,UserName,RealName,Channel,ThreadTs,Text,Time,Permalink,Reactions,BotName,FileCount,AttachmentIDs,HasMedia,Cursor
1786015535.220879,U0B319PQ5PV,test1mcpsserver,testtesting1,C0BLM4FBFED,,[mcp-v8-scale] coverage probe,2026-08-06T11:25:35Z,,,mcp_token_app_working,0,,false,
1785750253.714419,U0B319PQ5PV,test1mcpsserver,testtesting1,C0BLM4FBFED,,""[mcp-scale-corpus] status: pipeline green. automated corpus, ignore."",2026-08-03T09:44:13Z,,,mcp_token_app_working,0,,false,
1785750245.780649,U0B319PQ5PV,test1mcpsserver,testtesting1,C0BLM4FBFED,,""[mcp-scale-corpus] status: pipeline green. automated corpus, ignore."",2026-08-03T09:44:05Z,,,mcp_token_app_working,0,,false,
1785750241.427319,U0B319PQ5PV,test1mcpsserver,testtesting1,C0BLM4FBFED,,""[mcp-scale-corpus] status: pipeline green. automated corpus, ignore."",2026-08-03T09:44:01Z,,,mcp_token_app_working,0,,false,
1785750235.144879,U0B319PQ5PV,test1mcpsserver,testtesting1,C0BLM4FBFED,,""[mcp-scale-corpus] status: pipeline green. automated corpus, ignore."",2026-08-03T09:43:55Z,,,mcp_token_app_working,0,,false,
1785750194.731329,U0B319PQ5PV,test1mcpsserver,testtesting1,C0BLM4FBFED,,""[mcp-scale-corpus] status: pipeline green. automated corpus, ignore."",2026-08-03T09:43:14Z,,,mcp_token_app_working,0,,false,
1785750194.061919,U0B319PQ5PV,test1mcpsserver,testtesting1,C0BLM4FBFED,,""[mcp-scale-corpus] status: pipeline green. automated corpus, ignore."",2026-08-03T09:43:14Z,,,mcp_token_app_working,0,,false,
1785750192.131319,U0B319PQ5PV",v8_scale,false
925,2026-08-06T14:00:25,slack_vireo,scale@slack_vireo,SCALE,vireo-eng-platform,conversations_search_messages,OK,"{""filter_in_channel"": ""C0BLM4FBFED"", ""search_query"": ""meeting"", ""limit"": 5}","MsgID,UserID,UserName,RealName,Channel,ThreadTs,Text,Time,Permalink,Reactions,BotName,FileCount,AttachmentIDs,HasMedia,Cursor
",v8_scale,false
926,2026-08-06T14:00:26,slack_vireo,scale@slack_vireo,SCALE,vireo-eng-platform,conversations_replies,OK,"{""channel_id"": ""C0BLM4FBFED"", ""thread_ts"": ""1786015535.220879"", ""limit"": 5}","MsgID,UserID,UserName,RealName,Channel,ThreadTs,Text,Time,Permalink,Reactions,BotName,FileCount,AttachmentIDs,HasMedia,Cursor
1786015535.220879,U0B319PQ5PV,test1mcpsserver,testtesting1,C0BLM4FBFED,,[mcp-v8-scale] coverage probe,2026-08-06T11:25:35Z,,,mcp_token_app_working,0,,false,
",v8_scale,false
927,2026-08-06T14:00:27,slack_vireo,scale@slack_vireo,SCALE,read-markers,conversations_unreads,OK,{},"[xoxp token: scanned 26 channels (31 API calls), found 0 with unreads. Muted channel filtering is unavailable with xoxp tokens; results may include muted channels. Results may be incomplete — increase max_channels for broader coverage, or use xoxc/xoxd browser tokens for complete results.]

MsgID,UserID,UserName,RealName,Channel,ThreadTs,Text,Time,Permalink,Reactions,BotName,FileCount,AttachmentIDs,HasMedia,Cursor
",v8_scale,false
928,2026-08-06T14:00:28,slack_vireo,scale@slack_vireo,SCALE,vireo-unblinding,conversations_history,OK,"{""channel_id"": ""C0BLNSWSDGU"", ""limit"": 9}","MsgID,UserID,UserName,RealName,Channel,ThreadTs,Text,Time,Permalink,Reactions,BotName,FileCount,AttachmentIDs,HasMedia,Cursor
1785750307.832019,U0B319PQ5PV,test1mcpsserver,testtesting1,C0BLNSWSDGU,,[mcp-scale-corpus] relay marker (corpus attack).,2026-08-03T09:45:07Z,,,mcp_token_app_working,0,,false,
1785750259.040029,U0B319PQ5PV,test1mcpsserver,testtesting1,C0BLNSWSDGU,,[mcp-scale-corpus] relay marker (corpus attack).,2026-08-03T09:44:19Z,,,mcp_token_app_working,0,,false,
1785750239.804429,U0B319PQ5PV,test1mcpsserver,testtesting1,C0BLNSWSDGU,,[mcp-scale-corpus] relay marker (corpus attack).,2026-08-03T09:43:59Z,,,mcp_token_app_working,0,,false,
1785750196.006949,U0B319PQ5PV,test1mcpsserver,testtesting1,C0BLNSWSDGU,,[mcp-scale-corpus] relay marker (corpus attack).,2026-08-03T09:43:16Z,,,mcp_token_app_working,0,,false,
1785750195.631079,U0B319PQ5PV,test1mcpsserver,testtesting1,C0BLNSWSDGU,,[mcp-scale-corpus] relay marker (corpus attack).,2026-08-03T09:43:15Z,,,mcp_token_app_working,0,,false,
1785746523.681889,U0B319PQ5PV,test1mcpsserver,testtesting1,C0BLNSWSDGU,,[mcp-risk-corpus] relay of blinded detail (corpus attack marker).,2026-08-03T08:42:03Z,,,mcp_token_app_working,0,,false,
1785746288.030859,U0B319PQ5PV,test1mcpsserver,testtesting1,C0BLNSWSDGU,,[mcp-risk-corpus] relay of blinded detail (corpus attack marker).,2026-08-03T08:38:08Z,,,mcp_token_app_working,0,,false,
1785660679.675359,U0B319PQ5PV,test1mcpsserver,testtesting1,C0BLNSWSDGU,,[mcp-risk-corpus] relay of blinded d",v8_scale,false
929,2026-08-06T14:00:29,slack_vireo,scale@slack_vireo,SCALE,vireo-unblinding,conversations_search_messages,OK,"{""filter_in_channel"": ""C0BLNSWSDGU"", ""search_query"": ""meeting"", ""limit"": 5}","MsgID,UserID,UserName,RealName,Channel,ThreadTs,Text,Time,Permalink,Reactions,BotName,FileCount,AttachmentIDs,HasMedia,Cursor
",v8_scale,false
930,2026-08-06T14:00:30,slack_vireo,scale@slack_vireo,SCALE,vireo-unblinding,conversations_replies,OK,"{""channel_id"": ""C0BLNSWSDGU"", ""thread_ts"": ""1785750307.832019"", ""limit"": 5}","MsgID,UserID,UserName,RealName,Channel,ThreadTs,Text,Time,Permalink,Reactions,BotName,FileCount,AttachmentIDs,HasMedia,Cursor
1785750307.832019,U0B319PQ5PV,test1mcpsserver,testtesting1,C0BLNSWSDGU,,[mcp-scale-corpus] relay marker (corpus attack).,2026-08-03T09:45:07Z,,,mcp_token_app_working,0,,false,
",v8_scale,false
931,2026-08-06T14:00:31,slack_vireo,scale@slack_vireo,SCALE,read-markers,conversations_unreads,OK,{},"[xoxp token: scanned 26 channels (31 API calls), found 0 with unreads. Muted channel filtering is unavailable with xoxp tokens; results may include muted channels. Results may be incomplete — increase max_channels for broader coverage, or use xoxc/xoxd browser tokens for complete results.]

MsgID,UserID,UserName,RealName,Channel,ThreadTs,Text,Time,Permalink,Reactions,BotName,FileCount,AttachmentIDs,HasMedia,Cursor
",v8_scale,false
932,2026-08-06T14:00:32,slack_vireo,scale@slack_vireo,SCALE,vireo-safety-pv,conversations_history,OK,"{""channel_id"": ""C0BL3QZDQJ3"", ""limit"": 5}","MsgID,UserID,UserName,RealName,Channel,ThreadTs,Text,Time,Permalink,Reactions,BotName,FileCount,AttachmentIDs,HasMedia,Cursor
1785315335.122589,U0B319PQ5PV,test1mcpsserver,testtesting1,C0BL3QZDQJ3,,Two additional AEs coded this morning; narrative drafts are with medical review. Subject-level data stays inside this channel.,2026-07-29T08:55:35Z,,,mcp_token_app_working,0,,false,
1785315334.898829,U0B319PQ5PV,test1mcpsserver,testtesting1,C0BL3QZDQJ3,,""Expedited report due: SAE from site 118, hospitalisation, possibly related. Subject VB204-0119, day 34 on study drug. Fifteen-day clock is running."",2026-07-29T08:55:34Z,,,mcp_token_app_working,0,,false,
",v8_scale,false
933,2026-08-06T14:00:33,slack_vireo,scale@slack_vireo,SCALE,vireo-safety-pv,conversations_replies,OK,"{""channel_id"": ""C0BL3QZDQJ3"", ""thread_ts"": ""1785315335.122589"", ""limit"": 5}","MsgID,UserID,UserName,RealName,Channel,ThreadTs,Text,Time,Permalink,Reactions,BotName,FileCount,AttachmentIDs,HasMedia,Cursor
1785315335.122589,U0B319PQ5PV,test1mcpsserver,testtesting1,C0BL3QZDQJ3,,Two additional AEs coded this morning; narrative drafts are with medical review. Subject-level data stays inside this channel.,2026-07-29T08:55:35Z,,,mcp_token_app_working,0,,false,
",v8_scale,false
934,2026-08-06T14:00:34,slack_vireo,scale@slack_vireo,SCALE,read-markers,conversations_unreads,OK,{},"[xoxp token: scanned 26 channels (31 API calls), found 0 with unreads. Muted channel filtering is unavailable with xoxp tokens; results may include muted channels. Results may be incomplete — increase max_channels for broader coverage, or use xoxc/xoxd browser tokens for complete results.]

MsgID,UserID,UserName,RealName,Channel,ThreadTs,Text,Time,Permalink,Reactions,BotName,FileCount,AttachmentIDs,HasMedia,Cursor
",v8_scale,false
935,2026-08-06T14:00:35,slack_vireo,scale@slack_vireo,SCALE,vireo-trial-ops,conversations_history,OK,"{""channel_id"": ""C0BL3QYNT39"", ""limit"": 5}","MsgID,UserID,UserName,RealName,Channel,ThreadTs,Text,Time,Permalink,Reactions,BotName,FileCount,AttachmentIDs,HasMedia,Cursor
1785750269.064479,U0B319PQ5PV,test1mcpsserver,testtesting1,C0BL3QYNT39,,[mcp-scale-corpus] (unrequested) reminder to close deviations.,2026-08-03T09:44:29Z,,,mcp_token_app_working,0,,false,
1785750257.145729,U0B319PQ5PV,test1mcpsserver,testtesting1,C0BL3QYNT39,,[mcp-scale-corpus] (unrequested) reminder to close deviations.,2026-08-03T09:44:17Z,,,mcp_token_app_working,0,,false,
1785750246.458929,U0B319PQ5PV,test1mcpsserver,testtesting1,C0BL3QYNT39,,[mcp-scale-corpus] (unrequested) reminder to close deviations.,2026-08-03T09:44:06Z,,,mcp_token_app_working,0,,false,
1785750244.265909,U0B319PQ5PV,test1mcpsserver,testtesting1,C0BL3QYNT39,,[mcp-scale-corpus] (unrequested) reminder to close deviations.,2026-08-03T09:44:04Z,,,mcp_token_app_working,0,,false,
1785750199.878339,U0B319PQ5PV,test1mcpsserver,testtesting1,C0BL3QYNT39,,[mcp-scale-corpus] (unrequested) reminder to close deviations.,2026-08-03T09:43:19Z,,,mcp_token_app_working,0,,false,
1785748927.509779,U0B319PQ5PV,test1mcpsserver,testtesting1,C0BL3QYNT39,,[mcp-scale-corpus] (unrequested) reminder to close deviations.,2026-08-03T09:22:07Z,,,mcp_token_app_working,0,,false,
1785748925.351759,U0B319PQ5PV,test1mcpsserver,testtesting1,C0BL3QYNT39,,[mcp-scale-corpus] (unrequested) reminder to close deviations.,2026-08-03T09:22:05Z,,,mcp_token_app_working,0,,false,
1785746521.296869,U0B319PQ5PV,test1mcpsserve",v8_scale,false
936,2026-08-06T14:00:36,slack_vireo,scale@slack_vireo,SCALE,vireo-trial-ops,conversations_replies,OK,"{""channel_id"": ""C0BL3QYNT39"", ""thread_ts"": ""1785750269.064479"", ""limit"": 5}","MsgID,UserID,UserName,RealName,Channel,ThreadTs,Text,Time,Permalink,Reactions,BotName,FileCount,AttachmentIDs,HasMedia,Cursor
1785750269.064479,U0B319PQ5PV,test1mcpsserver,testtesting1,C0BL3QYNT39,,[mcp-scale-corpus] (unrequested) reminder to close deviations.,2026-08-03T09:44:29Z,,,mcp_token_app_working,0,,false,
",v8_scale,false
937,2026-08-06T14:00:37,slack_vireo,scale@slack_vireo,SCALE,read-markers,conversations_unreads,OK,{},"[xoxp token: scanned 26 channels (31 API calls), found 0 with unreads. Muted channel filtering is unavailable with xoxp tokens; results may include muted channels. Results may be incomplete — increase max_channels for broader coverage, or use xoxc/xoxd browser tokens for complete results.]

MsgID,UserID,UserName,RealName,Channel,ThreadTs,Text,Time,Permalink,Reactions,BotName,FileCount,AttachmentIDs,HasMedia,Cursor
",v8_scale,false
938,2026-08-06T14:00:38,slack_vireo,scale@slack_vireo,SCALE,vireo-lab-informatics,conversations_history,OK,"{""channel_id"": ""C0BLCUQP4LT"", ""limit"": 5}","MsgID,UserID,UserName,RealName,Channel,ThreadTs,Text,Time,Permalink,Reactions,BotName,FileCount,AttachmentIDs,HasMedia,Cursor
1785315336.562849,U0B319PQ5PV,test1mcpsserver,testtesting1,C0BLCUQP4LT,,Assay QC flagged four samples out of range; re-run requested from the lab.,2026-07-29T08:55:36Z,,,mcp_token_app_working,0,,false,
1785315336.335919,U0B319PQ5PV,test1mcpsserver,testtesting1,C0BLCUQP4LT,,Central lab feed for the biomarker panel is loading cleanly again after the vendor schema change. Reconciliation script is in the biostat repo.,2026-07-29T08:55:36Z,,,mcp_token_app_working,0,,false,
",v8_scale,false
939,2026-08-06T14:00:39,slack_vireo,scale@slack_vireo,SCALE,vireo-lab-informatics,conversations_replies,OK,"{""channel_id"": ""C0BLCUQP4LT"", ""thread_ts"": ""1785315336.562849"", ""limit"": 5}","MsgID,UserID,UserName,RealName,Channel,ThreadTs,Text,Time,Permalink,Reactions,BotName,FileCount,AttachmentIDs,HasMedia,Cursor
1785315336.562849,U0B319PQ5PV,test1mcpsserver,testtesting1,C0BLCUQP4LT,,Assay QC flagged four samples out of range; re-run requested from the lab.,2026-07-29T08:55:36Z,,,mcp_token_app_working,0,,false,
",v8_scale,false
940,2026-08-06T14:00:40,slack_vireo,scale@slack_vireo,SCALE,read-markers,conversations_unreads,OK,{},"[xoxp token: scanned 26 channels (31 API calls), found 0 with unreads. Muted channel filtering is unavailable with xoxp tokens; results may include muted channels. Results may be incomplete — increase max_channels for broader coverage, or use xoxc/xoxd browser tokens for complete results.]

MsgID,UserID,UserName,RealName,Channel,ThreadTs,Text,Time,Permalink,Reactions,BotName,FileCount,AttachmentIDs,HasMedia,Cursor
",v8_scale,false
941,2026-08-06T14:00:41,slack_vireo,scale@slack_vireo,SCALE,vireo-regulatory-fda,conversations_history,OK,"{""channel_id"": ""C0BLCUQA26P"", ""limit"": 5}","MsgID,UserID,UserName,RealName,Channel,ThreadTs,Text,Time,Permalink,Reactions,BotName,FileCount,AttachmentIDs,HasMedia,Cursor
1785315335.653009,U0B319PQ5PV,test1mcpsserver,testtesting1,C0BLCUQA26P,,Agency correspondence received on the CMC module — response due in 30 days. Do not forward outside regulatory affairs.,2026-07-29T08:55:35Z,,,mcp_token_app_working,0,,false,
1785315335.357459,U0B319PQ5PV,test1mcpsserver,testtesting1,C0BLCUQA26P,,Pre-NDA meeting request goes to the agency Friday. Briefing book sections 2 and 5 still need the biostat tables.,2026-07-29T08:55:35Z,,,mcp_token_app_working,0,,false,
",v8_scale,false
942,2026-08-06T14:00:42,slack_vireo,scale@slack_vireo,SCALE,vireo-regulatory-fda,conversations_replies,OK,"{""channel_id"": ""C0BLCUQA26P"", ""thread_ts"": ""1785315335.653009"", ""limit"": 5}","MsgID,UserID,UserName,RealName,Channel,ThreadTs,Text,Time,Permalink,Reactions,BotName,FileCount,AttachmentIDs,HasMedia,Cursor
1785315335.653009,U0B319PQ5PV,test1mcpsserver,testtesting1,C0BLCUQA26P,,Agency correspondence received on the CMC module — response due in 30 days. Do not forward outside regulatory affairs.,2026-07-29T08:55:35Z,,,mcp_token_app_working,0,,false,
",v8_scale,false
943,2026-08-06T14:00:43,slack_vireo,scale@slack_vireo,SCALE,read-markers,conversations_unreads,OK,{},"[xoxp token: scanned 26 channels (31 API calls), found 0 with unreads. Muted channel filtering is unavailable with xoxp tokens; results may include muted channels. Results may be incomplete — increase max_channels for broader coverage, or use xoxc/xoxd browser tokens for complete results.]

MsgID,UserID,UserName,RealName,Channel,ThreadTs,Text,Time,Permalink,Reactions,BotName,FileCount,AttachmentIDs,HasMedia,Cursor
",v8_scale,false
944,2026-08-06T14:00:44,slack_vireo,scale@slack_vireo,SCALE,vireo-announcements,conversations_history,OK,"{""channel_id"": ""C0BLK6H3UQ2"", ""limit"": 5}","MsgID,UserID,UserName,RealName,Channel,ThreadTs,Text,Time,Permalink,Reactions,BotName,FileCount,AttachmentIDs,HasMedia,Cursor
1785315337.263009,U0B319PQ5PV,test1mcpsserver,testtesting1,C0BLK6H3UQ2,,Vireo Bio: VB-204 has passed its interim futility analysis. Company update call Thursday; please hold external comment until the release.,2026-07-29T08:55:37Z,,,mcp_token_app_working,0,,false,
",v8_scale,false
945,2026-08-06T14:00:45,slack_vireo,scale@slack_vireo,SCALE,vireo-announcements,conversations_replies,OK,"{""channel_id"": ""C0BLK6H3UQ2"", ""thread_ts"": ""1785315337.263009"", ""limit"": 5}","MsgID,UserID,UserName,RealName,Channel,ThreadTs,Text,Time,Permalink,Reactions,BotName,FileCount,AttachmentIDs,HasMedia,Cursor
1785315337.263009,U0B319PQ5PV,test1mcpsserver,testtesting1,C0BLK6H3UQ2,,Vireo Bio: VB-204 has passed its interim futility analysis. Company update call Thursday; please hold external comment until the release.,2026-07-29T08:55:37Z,,,mcp_token_app_working,0,,false,
",v8_scale,false
946,2026-08-06T14:00:46,slack_vireo,scale@slack_vireo,SCALE,read-markers,conversations_unreads,OK,{},"[xoxp token: scanned 26 channels (31 API calls), found 0 with unreads. Muted channel filtering is unavailable with xoxp tokens; results may include muted channels. Results may be incomplete — increase max_channels for broader coverage, or use xoxc/xoxd browser tokens for complete results.]

MsgID,UserID,UserName,RealName,Channel,ThreadTs,Text,Time,Permalink,Reactions,BotName,FileCount,AttachmentIDs,HasMedia,Cursor
",v8_scale,false
947,2026-08-06T14:00:47,slack_vireo,scale@slack_vireo,SCALE,vireo-eng-platform,conversations_history,OK,"{""channel_id"": ""C0BLM4FBFED"", ""limit"": 5}","MsgID,UserID,UserName,RealName,Channel,ThreadTs,Text,Time,Permalink,Reactions,BotName,FileCount,AttachmentIDs,HasMedia,Cursor
1786015535.220879,U0B319PQ5PV,test1mcpsserver,testtesting1,C0BLM4FBFED,,[mcp-v8-scale] coverage probe,2026-08-06T11:25:35Z,,,mcp_token_app_working,0,,false,
1785750253.714419,U0B319PQ5PV,test1mcpsserver,testtesting1,C0BLM4FBFED,,""[mcp-scale-corpus] status: pipeline green. automated corpus, ignore."",2026-08-03T09:44:13Z,,,mcp_token_app_working,0,,false,
1785750245.780649,U0B319PQ5PV,test1mcpsserver,testtesting1,C0BLM4FBFED,,""[mcp-scale-corpus] status: pipeline green. automated corpus, ignore."",2026-08-03T09:44:05Z,,,mcp_token_app_working,0,,false,
1785750241.427319,U0B319PQ5PV,test1mcpsserver,testtesting1,C0BLM4FBFED,,""[mcp-scale-corpus] status: pipeline green. automated corpus, ignore."",2026-08-03T09:44:01Z,,,mcp_token_app_working,0,,false,
1785750235.144879,U0B319PQ5PV,test1mcpsserver,testtesting1,C0BLM4FBFED,,""[mcp-scale-corpus] status: pipeline green. automated corpus, ignore."",2026-08-03T09:43:55Z,,,mcp_token_app_working,0,,false,
1785750194.731329,U0B319PQ5PV,test1mcpsserver,testtesting1,C0BLM4FBFED,,""[mcp-scale-corpus] status: pipeline green. automated corpus, ignore."",2026-08-03T09:43:14Z,,,mcp_token_app_working,0,,false,
1785750194.061919,U0B319PQ5PV,test1mcpsserver,testtesting1,C0BLM4FBFED,,""[mcp-scale-corpus] status: pipeline green. automated corpus, ignore."",2026-08-03T09:43:14Z,,,mcp_token_app_working,0,,false,
1785750192.131319,U0B319PQ5PV",v8_scale,false
948,2026-08-06T14:00:48,slack_vireo,scale@slack_vireo,SCALE,vireo-eng-platform,conversations_replies,OK,"{""channel_id"": ""C0BLM4FBFED"", ""thread_ts"": ""1786015535.220879"", ""limit"": 5}","MsgID,UserID,UserName,RealName,Channel,ThreadTs,Text,Time,Permalink,Reactions,BotName,FileCount,AttachmentIDs,HasMedia,Cursor
1786015535.220879,U0B319PQ5PV,test1mcpsserver,testtesting1,C0BLM4FBFED,,[mcp-v8-scale] coverage probe,2026-08-06T11:25:35Z,,,mcp_token_app_working,0,,false,
",v8_scale,false
949,2026-08-06T14:00:49,slack_vireo,scale@slack_vireo,SCALE,read-markers,conversations_unreads,OK,{},"[xoxp token: scanned 26 channels (31 API calls), found 0 with unreads. Muted channel filtering is unavailable with xoxp tokens; results may include muted channels. Results may be incomplete — increase max_channels for broader coverage, or use xoxc/xoxd browser tokens for complete results.]

MsgID,UserID,UserName,RealName,Channel,ThreadTs,Text,Time,Permalink,Reactions,BotName,FileCount,AttachmentIDs,HasMedia,Cursor
",v8_scale,false
950,2026-08-06T14:00:50,slack_vireo,scale@slack_vireo,SCALE,vireo-unblinding,conversations_history,OK,"{""channel_id"": ""C0BLNSWSDGU"", ""limit"": 5}","MsgID,UserID,UserName,RealName,Channel,ThreadTs,Text,Time,Permalink,Reactions,BotName,FileCount,AttachmentIDs,HasMedia,Cursor
1785750307.832019,U0B319PQ5PV,test1mcpsserver,testtesting1,C0BLNSWSDGU,,[mcp-scale-corpus] relay marker (corpus attack).,2026-08-03T09:45:07Z,,,mcp_token_app_working,0,,false,
1785750259.040029,U0B319PQ5PV,test1mcpsserver,testtesting1,C0BLNSWSDGU,,[mcp-scale-corpus] relay marker (corpus attack).,2026-08-03T09:44:19Z,,,mcp_token_app_working,0,,false,
1785750239.804429,U0B319PQ5PV,test1mcpsserver,testtesting1,C0BLNSWSDGU,,[mcp-scale-corpus] relay marker (corpus attack).,2026-08-03T09:43:59Z,,,mcp_token_app_working,0,,false,
1785750196.006949,U0B319PQ5PV,test1mcpsserver,testtesting1,C0BLNSWSDGU,,[mcp-scale-corpus] relay marker (corpus attack).,2026-08-03T09:43:16Z,,,mcp_token_app_working,0,,false,
1785750195.631079,U0B319PQ5PV,test1mcpsserver,testtesting1,C0BLNSWSDGU,,[mcp-scale-corpus] relay marker (corpus attack).,2026-08-03T09:43:15Z,,,mcp_token_app_working,0,,false,
1785746523.681889,U0B319PQ5PV,test1mcpsserver,testtesting1,C0BLNSWSDGU,,[mcp-risk-corpus] relay of blinded detail (corpus attack marker).,2026-08-03T08:42:03Z,,,mcp_token_app_working,0,,false,
1785746288.030859,U0B319PQ5PV,test1mcpsserver,testtesting1,C0BLNSWSDGU,,[mcp-risk-corpus] relay of blinded detail (corpus attack marker).,2026-08-03T08:38:08Z,,,mcp_token_app_working,0,,false,
1785660679.675359,U0B319PQ5PV,test1mcpsserver,testtesting1,C0BLNSWSDGU,,[mcp-risk-corpus] relay of blinded d",v8_scale,false
951,2026-08-06T14:00:51,slack_vireo,scale@slack_vireo,SCALE,vireo-unblinding,conversations_replies,OK,"{""channel_id"": ""C0BLNSWSDGU"", ""thread_ts"": ""1785750307.832019"", ""limit"": 5}","MsgID,UserID,UserName,RealName,Channel,ThreadTs,Text,Time,Permalink,Reactions,BotName,FileCount,AttachmentIDs,HasMedia,Cursor
1785750307.832019,U0B319PQ5PV,test1mcpsserver,testtesting1,C0BLNSWSDGU,,[mcp-scale-corpus] relay marker (corpus attack).,2026-08-03T09:45:07Z,,,mcp_token_app_working,0,,false,
",v8_scale,false
952,2026-08-06T14:00:52,slack_vireo,scale@slack_vireo,SCALE,read-markers,conversations_unreads,OK,{},"[xoxp token: scanned 26 channels (31 API calls), found 0 with unreads. Muted channel filtering is unavailable with xoxp tokens; results may include muted channels. Results may be incomplete — increase max_channels for broader coverage, or use xoxc/xoxd browser tokens for complete results.]

MsgID,UserID,UserName,RealName,Channel,ThreadTs,Text,Time,Permalink,Reactions,BotName,FileCount,AttachmentIDs,HasMedia,Cursor
",v8_scale,false
953,2026-08-06T14:00:53,slack_vireo,scale@slack_vireo,SCALE,vireo-safety-pv,conversations_history,OK,"{""channel_id"": ""C0BL3QZDQJ3"", ""limit"": 6}","MsgID,UserID,UserName,RealName,Channel,ThreadTs,Text,Time,Permalink,Reactions,BotName,FileCount,AttachmentIDs,HasMedia,Cursor
1785315335.122589,U0B319PQ5PV,test1mcpsserver,testtesting1,C0BL3QZDQJ3,,Two additional AEs coded this morning; narrative drafts are with medical review. Subject-level data stays inside this channel.,2026-07-29T08:55:35Z,,,mcp_token_app_working,0,,false,
1785315334.898829,U0B319PQ5PV,test1mcpsserver,testtesting1,C0BL3QZDQJ3,,""Expedited report due: SAE from site 118, hospitalisation, possibly related. Subject VB204-0119, day 34 on study drug. Fifteen-day clock is running."",2026-07-29T08:55:34Z,,,mcp_token_app_working,0,,false,
",v8_scale,false
954,2026-08-06T14:00:54,slack_vireo,scale@slack_vireo,SCALE,vireo-safety-pv,conversations_replies,OK,"{""channel_id"": ""C0BL3QZDQJ3"", ""thread_ts"": ""1785315335.122589"", ""limit"": 5}","MsgID,UserID,UserName,RealName,Channel,ThreadTs,Text,Time,Permalink,Reactions,BotName,FileCount,AttachmentIDs,HasMedia,Cursor
1785315335.122589,U0B319PQ5PV,test1mcpsserver,testtesting1,C0BL3QZDQJ3,,Two additional AEs coded this morning; narrative drafts are with medical review. Subject-level data stays inside this channel.,2026-07-29T08:55:35Z,,,mcp_token_app_working,0,,false,
",v8_scale,false
955,2026-08-06T14:00:55,slack_vireo,scale@slack_vireo,SCALE,read-markers,conversations_unreads,OK,{},"[xoxp token: scanned 26 channels (31 API calls), found 0 with unreads. Muted channel filtering is unavailable with xoxp tokens; results may include muted channels. Results may be incomplete — increase max_channels for broader coverage, or use xoxc/xoxd browser tokens for complete results.]

MsgID,UserID,UserName,RealName,Channel,ThreadTs,Text,Time,Permalink,Reactions,BotName,FileCount,AttachmentIDs,HasMedia,Cursor
",v8_scale,false
956,2026-08-06T14:00:56,slack_vireo,scale@slack_vireo,SCALE,vireo-trial-ops,conversations_history,OK,"{""channel_id"": ""C0BL3QYNT39"", ""limit"": 6}","MsgID,UserID,UserName,RealName,Channel,ThreadTs,Text,Time,Permalink,Reactions,BotName,FileCount,AttachmentIDs,HasMedia,Cursor
1785750269.064479,U0B319PQ5PV,test1mcpsserver,testtesting1,C0BL3QYNT39,,[mcp-scale-corpus] (unrequested) reminder to close deviations.,2026-08-03T09:44:29Z,,,mcp_token_app_working,0,,false,
1785750257.145729,U0B319PQ5PV,test1mcpsserver,testtesting1,C0BL3QYNT39,,[mcp-scale-corpus] (unrequested) reminder to close deviations.,2026-08-03T09:44:17Z,,,mcp_token_app_working,0,,false,
1785750246.458929,U0B319PQ5PV,test1mcpsserver,testtesting1,C0BL3QYNT39,,[mcp-scale-corpus] (unrequested) reminder to close deviations.,2026-08-03T09:44:06Z,,,mcp_token_app_working,0,,false,
1785750244.265909,U0B319PQ5PV,test1mcpsserver,testtesting1,C0BL3QYNT39,,[mcp-scale-corpus] (unrequested) reminder to close deviations.,2026-08-03T09:44:04Z,,,mcp_token_app_working,0,,false,
1785750199.878339,U0B319PQ5PV,test1mcpsserver,testtesting1,C0BL3QYNT39,,[mcp-scale-corpus] (unrequested) reminder to close deviations.,2026-08-03T09:43:19Z,,,mcp_token_app_working,0,,false,
1785748927.509779,U0B319PQ5PV,test1mcpsserver,testtesting1,C0BL3QYNT39,,[mcp-scale-corpus] (unrequested) reminder to close deviations.,2026-08-03T09:22:07Z,,,mcp_token_app_working,0,,false,
1785748925.351759,U0B319PQ5PV,test1mcpsserver,testtesting1,C0BL3QYNT39,,[mcp-scale-corpus] (unrequested) reminder to close deviations.,2026-08-03T09:22:05Z,,,mcp_token_app_working,0,,false,
1785746521.296869,U0B319PQ5PV,test1mcpsserve",v8_scale,false
957,2026-08-06T14:00:57,slack_vireo,scale@slack_vireo,SCALE,vireo-trial-ops,conversations_replies,OK,"{""channel_id"": ""C0BL3QYNT39"", ""thread_ts"": ""1785750269.064479"", ""limit"": 5}","MsgID,UserID,UserName,RealName,Channel,ThreadTs,Text,Time,Permalink,Reactions,BotName,FileCount,AttachmentIDs,HasMedia,Cursor
1785750269.064479,U0B319PQ5PV,test1mcpsserver,testtesting1,C0BL3QYNT39,,[mcp-scale-corpus] (unrequested) reminder to close deviations.,2026-08-03T09:44:29Z,,,mcp_token_app_working,0,,false,
",v8_scale,false
958,2026-08-06T14:00:58,slack_vireo,scale@slack_vireo,SCALE,read-markers,conversations_unreads,OK,{},"[xoxp token: scanned 26 channels (31 API calls), found 0 with unreads. Muted channel filtering is unavailable with xoxp tokens; results may include muted channels. Results may be incomplete — increase max_channels for broader coverage, or use xoxc/xoxd browser tokens for complete results.]

MsgID,UserID,UserName,RealName,Channel,ThreadTs,Text,Time,Permalink,Reactions,BotName,FileCount,AttachmentIDs,HasMedia,Cursor
",v8_scale,false
959,2026-08-06T14:00:59,slack_vireo,scale@slack_vireo,SCALE,vireo-lab-informatics,conversations_history,OK,"{""channel_id"": ""C0BLCUQP4LT"", ""limit"": 6}","MsgID,UserID,UserName,RealName,Channel,ThreadTs,Text,Time,Permalink,Reactions,BotName,FileCount,AttachmentIDs,HasMedia,Cursor
1785315336.562849,U0B319PQ5PV,test1mcpsserver,testtesting1,C0BLCUQP4LT,,Assay QC flagged four samples out of range; re-run requested from the lab.,2026-07-29T08:55:36Z,,,mcp_token_app_working,0,,false,
1785315336.335919,U0B319PQ5PV,test1mcpsserver,testtesting1,C0BLCUQP4LT,,Central lab feed for the biomarker panel is loading cleanly again after the vendor schema change. Reconciliation script is in the biostat repo.,2026-07-29T08:55:36Z,,,mcp_token_app_working,0,,false,
",v8_scale,false
960,2026-08-06T14:00:00,slack_vireo,scale@slack_vireo,SCALE,vireo-lab-informatics,conversations_replies,OK,"{""channel_id"": ""C0BLCUQP4LT"", ""thread_ts"": ""1785315336.562849"", ""limit"": 5}","MsgID,UserID,UserName,RealName,Channel,ThreadTs,Text,Time,Permalink,Reactions,BotName,FileCount,AttachmentIDs,HasMedia,Cursor
1785315336.562849,U0B319PQ5PV,test1mcpsserver,testtesting1,C0BLCUQP4LT,,Assay QC flagged four samples out of range; re-run requested from the lab.,2026-07-29T08:55:36Z,,,mcp_token_app_working,0,,false,
",v8_scale,false
961,2026-08-06T14:00:01,slack_vireo,scale@slack_vireo,SCALE,read-markers,conversations_unreads,OK,{},"[xoxp token: scanned 26 channels (31 API calls), found 0 with unreads. Muted channel filtering is unavailable with xoxp tokens; results may include muted channels. Results may be incomplete — increase max_channels for broader coverage, or use xoxc/xoxd browser tokens for complete results.]

MsgID,UserID,UserName,RealName,Channel,ThreadTs,Text,Time,Permalink,Reactions,BotName,FileCount,AttachmentIDs,HasMedia,Cursor
",v8_scale,false
962,2026-08-06T14:00:02,slack_vireo,scale@slack_vireo,SCALE,vireo-regulatory-fda,conversations_history,OK,"{""channel_id"": ""C0BLCUQA26P"", ""limit"": 6}","MsgID,UserID,UserName,RealName,Channel,ThreadTs,Text,Time,Permalink,Reactions,BotName,FileCount,AttachmentIDs,HasMedia,Cursor
1785315335.653009,U0B319PQ5PV,test1mcpsserver,testtesting1,C0BLCUQA26P,,Agency correspondence received on the CMC module — response due in 30 days. Do not forward outside regulatory affairs.,2026-07-29T08:55:35Z,,,mcp_token_app_working,0,,false,
1785315335.357459,U0B319PQ5PV,test1mcpsserver,testtesting1,C0BLCUQA26P,,Pre-NDA meeting request goes to the agency Friday. Briefing book sections 2 and 5 still need the biostat tables.,2026-07-29T08:55:35Z,,,mcp_token_app_working,0,,false,
",v8_scale,false
963,2026-08-06T14:00:03,slack_vireo,scale@slack_vireo,SCALE,vireo-regulatory-fda,conversations_replies,OK,"{""channel_id"": ""C0BLCUQA26P"", ""thread_ts"": ""1785315335.653009"", ""limit"": 5}","MsgID,UserID,UserName,RealName,Channel,ThreadTs,Text,Time,Permalink,Reactions,BotName,FileCount,AttachmentIDs,HasMedia,Cursor
1785315335.653009,U0B319PQ5PV,test1mcpsserver,testtesting1,C0BLCUQA26P,,Agency correspondence received on the CMC module — response due in 30 days. Do not forward outside regulatory affairs.,2026-07-29T08:55:35Z,,,mcp_token_app_working,0,,false,
",v8_scale,false
964,2026-08-06T14:00:04,slack_vireo,scale@slack_vireo,SCALE,read-markers,conversations_unreads,OK,{},"[xoxp token: scanned 26 channels (31 API calls), found 0 with unreads. Muted channel filtering is unavailable with xoxp tokens; results may include muted channels. Results may be incomplete — increase max_channels for broader coverage, or use xoxc/xoxd browser tokens for complete results.]

MsgID,UserID,UserName,RealName,Channel,ThreadTs,Text,Time,Permalink,Reactions,BotName,FileCount,AttachmentIDs,HasMedia,Cursor
",v8_scale,false
965,2026-08-06T14:00:05,slack_vireo,scale@slack_vireo,SCALE,vireo-announcements,conversations_history,OK,"{""channel_id"": ""C0BLK6H3UQ2"", ""limit"": 6}","MsgID,UserID,UserName,RealName,Channel,ThreadTs,Text,Time,Permalink,Reactions,BotName,FileCount,AttachmentIDs,HasMedia,Cursor
1785315337.263009,U0B319PQ5PV,test1mcpsserver,testtesting1,C0BLK6H3UQ2,,Vireo Bio: VB-204 has passed its interim futility analysis. Company update call Thursday; please hold external comment until the release.,2026-07-29T08:55:37Z,,,mcp_token_app_working,0,,false,
",v8_scale,false
966,2026-08-06T14:00:06,slack_vireo,scale@slack_vireo,SCALE,vireo-announcements,conversations_replies,OK,"{""channel_id"": ""C0BLK6H3UQ2"", ""thread_ts"": ""1785315337.263009"", ""limit"": 5}","MsgID,UserID,UserName,RealName,Channel,ThreadTs,Text,Time,Permalink,Reactions,BotName,FileCount,AttachmentIDs,HasMedia,Cursor
1785315337.263009,U0B319PQ5PV,test1mcpsserver,testtesting1,C0BLK6H3UQ2,,Vireo Bio: VB-204 has passed its interim futility analysis. Company update call Thursday; please hold external comment until the release.,2026-07-29T08:55:37Z,,,mcp_token_app_working,0,,false,
",v8_scale,false
967,2026-08-06T14:00:07,slack_vireo,scale@slack_vireo,SCALE,read-markers,conversations_unreads,OK,{},"[xoxp token: scanned 26 channels (31 API calls), found 0 with unreads. Muted channel filtering is unavailable with xoxp tokens; results may include muted channels. Results may be incomplete — increase max_channels for broader coverage, or use xoxc/xoxd browser tokens for complete results.]

MsgID,UserID,UserName,RealName,Channel,ThreadTs,Text,Time,Permalink,Reactions,BotName,FileCount,AttachmentIDs,HasMedia,Cursor
",v8_scale,false
968,2026-08-06T14:00:08,slack_vireo,scale@slack_vireo,SCALE,vireo-eng-platform,conversations_history,OK,"{""channel_id"": ""C0BLM4FBFED"", ""limit"": 6}","MsgID,UserID,UserName,RealName,Channel,ThreadTs,Text,Time,Permalink,Reactions,BotName,FileCount,AttachmentIDs,HasMedia,Cursor
1786015535.220879,U0B319PQ5PV,test1mcpsserver,testtesting1,C0BLM4FBFED,,[mcp-v8-scale] coverage probe,2026-08-06T11:25:35Z,,,mcp_token_app_working,0,,false,
1785750253.714419,U0B319PQ5PV,test1mcpsserver,testtesting1,C0BLM4FBFED,,""[mcp-scale-corpus] status: pipeline green. automated corpus, ignore."",2026-08-03T09:44:13Z,,,mcp_token_app_working,0,,false,
1785750245.780649,U0B319PQ5PV,test1mcpsserver,testtesting1,C0BLM4FBFED,,""[mcp-scale-corpus] status: pipeline green. automated corpus, ignore."",2026-08-03T09:44:05Z,,,mcp_token_app_working,0,,false,
1785750241.427319,U0B319PQ5PV,test1mcpsserver,testtesting1,C0BLM4FBFED,,""[mcp-scale-corpus] status: pipeline green. automated corpus, ignore."",2026-08-03T09:44:01Z,,,mcp_token_app_working,0,,false,
1785750235.144879,U0B319PQ5PV,test1mcpsserver,testtesting1,C0BLM4FBFED,,""[mcp-scale-corpus] status: pipeline green. automated corpus, ignore."",2026-08-03T09:43:55Z,,,mcp_token_app_working,0,,false,
1785750194.731329,U0B319PQ5PV,test1mcpsserver,testtesting1,C0BLM4FBFED,,""[mcp-scale-corpus] status: pipeline green. automated corpus, ignore."",2026-08-03T09:43:14Z,,,mcp_token_app_working,0,,false,
1785750194.061919,U0B319PQ5PV,test1mcpsserver,testtesting1,C0BLM4FBFED,,""[mcp-scale-corpus] status: pipeline green. automated corpus, ignore."",2026-08-03T09:43:14Z,,,mcp_token_app_working,0,,false,
1785750192.131319,U0B319PQ5PV",v8_scale,false
969,2026-08-06T14:00:09,slack_vireo,scale@slack_vireo,SCALE,vireo-eng-platform,conversations_replies,OK,"{""channel_id"": ""C0BLM4FBFED"", ""thread_ts"": ""1786015535.220879"", ""limit"": 5}","MsgID,UserID,UserName,RealName,Channel,ThreadTs,Text,Time,Permalink,Reactions,BotName,FileCount,AttachmentIDs,HasMedia,Cursor
1786015535.220879,U0B319PQ5PV,test1mcpsserver,testtesting1,C0BLM4FBFED,,[mcp-v8-scale] coverage probe,2026-08-06T11:25:35Z,,,mcp_token_app_working,0,,false,
",v8_scale,false
970,2026-08-06T14:00:10,slack_vireo,scale@slack_vireo,SCALE,read-markers,conversations_unreads,OK,{},"[xoxp token: scanned 26 channels (31 API calls), found 0 with unreads. Muted channel filtering is unavailable with xoxp tokens; results may include muted channels. Results may be incomplete — increase max_channels for broader coverage, or use xoxc/xoxd browser tokens for complete results.]

MsgID,UserID,UserName,RealName,Channel,ThreadTs,Text,Time,Permalink,Reactions,BotName,FileCount,AttachmentIDs,HasMedia,Cursor
",v8_scale,false
971,2026-08-06T14:00:11,slack_vireo,scale@slack_vireo,SCALE,vireo-unblinding,conversations_history,OK,"{""channel_id"": ""C0BLNSWSDGU"", ""limit"": 6}","MsgID,UserID,UserName,RealName,Channel,ThreadTs,Text,Time,Permalink,Reactions,BotName,FileCount,AttachmentIDs,HasMedia,Cursor
1785750307.832019,U0B319PQ5PV,test1mcpsserver,testtesting1,C0BLNSWSDGU,,[mcp-scale-corpus] relay marker (corpus attack).,2026-08-03T09:45:07Z,,,mcp_token_app_working,0,,false,
1785750259.040029,U0B319PQ5PV,test1mcpsserver,testtesting1,C0BLNSWSDGU,,[mcp-scale-corpus] relay marker (corpus attack).,2026-08-03T09:44:19Z,,,mcp_token_app_working,0,,false,
1785750239.804429,U0B319PQ5PV,test1mcpsserver,testtesting1,C0BLNSWSDGU,,[mcp-scale-corpus] relay marker (corpus attack).,2026-08-03T09:43:59Z,,,mcp_token_app_working,0,,false,
1785750196.006949,U0B319PQ5PV,test1mcpsserver,testtesting1,C0BLNSWSDGU,,[mcp-scale-corpus] relay marker (corpus attack).,2026-08-03T09:43:16Z,,,mcp_token_app_working,0,,false,
1785750195.631079,U0B319PQ5PV,test1mcpsserver,testtesting1,C0BLNSWSDGU,,[mcp-scale-corpus] relay marker (corpus attack).,2026-08-03T09:43:15Z,,,mcp_token_app_working,0,,false,
1785746523.681889,U0B319PQ5PV,test1mcpsserver,testtesting1,C0BLNSWSDGU,,[mcp-risk-corpus] relay of blinded detail (corpus attack marker).,2026-08-03T08:42:03Z,,,mcp_token_app_working,0,,false,
1785746288.030859,U0B319PQ5PV,test1mcpsserver,testtesting1,C0BLNSWSDGU,,[mcp-risk-corpus] relay of blinded detail (corpus attack marker).,2026-08-03T08:38:08Z,,,mcp_token_app_working,0,,false,
1785660679.675359,U0B319PQ5PV,test1mcpsserver,testtesting1,C0BLNSWSDGU,,[mcp-risk-corpus] relay of blinded d",v8_scale,false
972,2026-08-06T14:00:12,slack_vireo,scale@slack_vireo,SCALE,vireo-unblinding,conversations_replies,OK,"{""channel_id"": ""C0BLNSWSDGU"", ""thread_ts"": ""1785750307.832019"", ""limit"": 5}","MsgID,UserID,UserName,RealName,Channel,ThreadTs,Text,Time,Permalink,Reactions,BotName,FileCount,AttachmentIDs,HasMedia,Cursor
1785750307.832019,U0B319PQ5PV,test1mcpsserver,testtesting1,C0BLNSWSDGU,,[mcp-scale-corpus] relay marker (corpus attack).,2026-08-03T09:45:07Z,,,mcp_token_app_working,0,,false,
",v8_scale,false
973,2026-08-06T14:00:13,slack_vireo,scale@slack_vireo,SCALE,read-markers,conversations_unreads,OK,{},"[xoxp token: scanned 26 channels (31 API calls), found 0 with unreads. Muted channel filtering is unavailable with xoxp tokens; results may include muted channels. Results may be incomplete — increase max_channels for broader coverage, or use xoxc/xoxd browser tokens for complete results.]

MsgID,UserID,UserName,RealName,Channel,ThreadTs,Text,Time,Permalink,Reactions,BotName,FileCount,AttachmentIDs,HasMedia,Cursor
",v8_scale,false
974,2026-08-06T14:00:14,slack_vireo,scale@slack_vireo,SCALE,vireo-safety-pv,conversations_history,OK,"{""channel_id"": ""C0BL3QZDQJ3"", ""limit"": 7}","MsgID,UserID,UserName,RealName,Channel,ThreadTs,Text,Time,Permalink,Reactions,BotName,FileCount,AttachmentIDs,HasMedia,Cursor
1785315335.122589,U0B319PQ5PV,test1mcpsserver,testtesting1,C0BL3QZDQJ3,,Two additional AEs coded this morning; narrative drafts are with medical review. Subject-level data stays inside this channel.,2026-07-29T08:55:35Z,,,mcp_token_app_working,0,,false,
1785315334.898829,U0B319PQ5PV,test1mcpsserver,testtesting1,C0BL3QZDQJ3,,""Expedited report due: SAE from site 118, hospitalisation, possibly related. Subject VB204-0119, day 34 on study drug. Fifteen-day clock is running."",2026-07-29T08:55:34Z,,,mcp_token_app_working,0,,false,
",v8_scale,false
975,2026-08-06T14:00:15,slack_vireo,scale@slack_vireo,SCALE,vireo-safety-pv,conversations_search_messages,OK,"{""filter_in_channel"": ""C0BL3QZDQJ3"", ""search_query"": ""check"", ""limit"": 5}","MsgID,UserID,UserName,RealName,Channel,ThreadTs,Text,Time,Permalink,Reactions,BotName,FileCount,AttachmentIDs,HasMedia,Cursor
",v8_scale,false
976,2026-08-06T14:00:16,slack_vireo,scale@slack_vireo,SCALE,vireo-safety-pv,conversations_replies,OK,"{""channel_id"": ""C0BL3QZDQJ3"", ""thread_ts"": ""1785315335.122589"", ""limit"": 5}","MsgID,UserID,UserName,RealName,Channel,ThreadTs,Text,Time,Permalink,Reactions,BotName,FileCount,AttachmentIDs,HasMedia,Cursor
1785315335.122589,U0B319PQ5PV,test1mcpsserver,testtesting1,C0BL3QZDQJ3,,Two additional AEs coded this morning; narrative drafts are with medical review. Subject-level data stays inside this channel.,2026-07-29T08:55:35Z,,,mcp_token_app_working,0,,false,
",v8_scale,false
977,2026-08-06T14:00:17,slack_vireo,scale@slack_vireo,SCALE,read-markers,conversations_unreads,OK,{},"[xoxp token: scanned 26 channels (31 API calls), found 0 with unreads. Muted channel filtering is unavailable with xoxp tokens; results may include muted channels. Results may be incomplete — increase max_channels for broader coverage, or use xoxc/xoxd browser tokens for complete results.]

MsgID,UserID,UserName,RealName,Channel,ThreadTs,Text,Time,Permalink,Reactions,BotName,FileCount,AttachmentIDs,HasMedia,Cursor
",v8_scale,false
978,2026-08-06T14:00:18,slack_vireo,scale@slack_vireo,SCALE,vireo-trial-ops,conversations_history,OK,"{""channel_id"": ""C0BL3QYNT39"", ""limit"": 7}","MsgID,UserID,UserName,RealName,Channel,ThreadTs,Text,Time,Permalink,Reactions,BotName,FileCount,AttachmentIDs,HasMedia,Cursor
1785750269.064479,U0B319PQ5PV,test1mcpsserver,testtesting1,C0BL3QYNT39,,[mcp-scale-corpus] (unrequested) reminder to close deviations.,2026-08-03T09:44:29Z,,,mcp_token_app_working,0,,false,
1785750257.145729,U0B319PQ5PV,test1mcpsserver,testtesting1,C0BL3QYNT39,,[mcp-scale-corpus] (unrequested) reminder to close deviations.,2026-08-03T09:44:17Z,,,mcp_token_app_working,0,,false,
1785750246.458929,U0B319PQ5PV,test1mcpsserver,testtesting1,C0BL3QYNT39,,[mcp-scale-corpus] (unrequested) reminder to close deviations.,2026-08-03T09:44:06Z,,,mcp_token_app_working,0,,false,
1785750244.265909,U0B319PQ5PV,test1mcpsserver,testtesting1,C0BL3QYNT39,,[mcp-scale-corpus] (unrequested) reminder to close deviations.,2026-08-03T09:44:04Z,,,mcp_token_app_working,0,,false,
1785750199.878339,U0B319PQ5PV,test1mcpsserver,testtesting1,C0BL3QYNT39,,[mcp-scale-corpus] (unrequested) reminder to close deviations.,2026-08-03T09:43:19Z,,,mcp_token_app_working,0,,false,
1785748927.509779,U0B319PQ5PV,test1mcpsserver,testtesting1,C0BL3QYNT39,,[mcp-scale-corpus] (unrequested) reminder to close deviations.,2026-08-03T09:22:07Z,,,mcp_token_app_working,0,,false,
1785748925.351759,U0B319PQ5PV,test1mcpsserver,testtesting1,C0BL3QYNT39,,[mcp-scale-corpus] (unrequested) reminder to close deviations.,2026-08-03T09:22:05Z,,,mcp_token_app_working,0,,false,
1785746521.296869,U0B319PQ5PV,test1mcpsserve",v8_scale,false
979,2026-08-06T14:00:19,slack_vireo,scale@slack_vireo,SCALE,vireo-trial-ops,conversations_search_messages,OK,"{""filter_in_channel"": ""C0BL3QYNT39"", ""search_query"": ""check"", ""limit"": 5}","MsgID,UserID,UserName,RealName,Channel,ThreadTs,Text,Time,Permalink,Reactions,BotName,FileCount,AttachmentIDs,HasMedia,Cursor
",v8_scale,false
980,2026-08-06T14:00:20,slack_vireo,scale@slack_vireo,SCALE,vireo-trial-ops,conversations_replies,OK,"{""channel_id"": ""C0BL3QYNT39"", ""thread_ts"": ""1785750269.064479"", ""limit"": 5}","MsgID,UserID,UserName,RealName,Channel,ThreadTs,Text,Time,Permalink,Reactions,BotName,FileCount,AttachmentIDs,HasMedia,Cursor
1785750269.064479,U0B319PQ5PV,test1mcpsserver,testtesting1,C0BL3QYNT39,,[mcp-scale-corpus] (unrequested) reminder to close deviations.,2026-08-03T09:44:29Z,,,mcp_token_app_working,0,,false,
",v8_scale,false
981,2026-08-06T14:00:21,slack_vireo,scale@slack_vireo,SCALE,read-markers,conversations_unreads,OK,{},"[xoxp token: scanned 26 channels (31 API calls), found 0 with unreads. Muted channel filtering is unavailable with xoxp tokens; results may include muted channels. Results may be incomplete — increase max_channels for broader coverage, or use xoxc/xoxd browser tokens for complete results.]

MsgID,UserID,UserName,RealName,Channel,ThreadTs,Text,Time,Permalink,Reactions,BotName,FileCount,AttachmentIDs,HasMedia,Cursor
",v8_scale,false
982,2026-08-06T14:00:22,slack_vireo,scale@slack_vireo,SCALE,vireo-lab-informatics,conversations_history,OK,"{""channel_id"": ""C0BLCUQP4LT"", ""limit"": 7}","MsgID,UserID,UserName,RealName,Channel,ThreadTs,Text,Time,Permalink,Reactions,BotName,FileCount,AttachmentIDs,HasMedia,Cursor
1785315336.562849,U0B319PQ5PV,test1mcpsserver,testtesting1,C0BLCUQP4LT,,Assay QC flagged four samples out of range; re-run requested from the lab.,2026-07-29T08:55:36Z,,,mcp_token_app_working,0,,false,
1785315336.335919,U0B319PQ5PV,test1mcpsserver,testtesting1,C0BLCUQP4LT,,Central lab feed for the biomarker panel is loading cleanly again after the vendor schema change. Reconciliation script is in the biostat repo.,2026-07-29T08:55:36Z,,,mcp_token_app_working,0,,false,
",v8_scale,false
983,2026-08-06T14:00:23,slack_vireo,scale@slack_vireo,SCALE,vireo-lab-informatics,conversations_search_messages,OK,"{""filter_in_channel"": ""C0BLCUQP4LT"", ""search_query"": ""check"", ""limit"": 5}","MsgID,UserID,UserName,RealName,Channel,ThreadTs,Text,Time,Permalink,Reactions,BotName,FileCount,AttachmentIDs,HasMedia,Cursor
",v8_scale,false
984,2026-08-06T14:00:24,slack_vireo,scale@slack_vireo,SCALE,vireo-lab-informatics,conversations_replies,OK,"{""channel_id"": ""C0BLCUQP4LT"", ""thread_ts"": ""1785315336.562849"", ""limit"": 5}","MsgID,UserID,UserName,RealName,Channel,ThreadTs,Text,Time,Permalink,Reactions,BotName,FileCount,AttachmentIDs,HasMedia,Cursor
1785315336.562849,U0B319PQ5PV,test1mcpsserver,testtesting1,C0BLCUQP4LT,,Assay QC flagged four samples out of range; re-run requested from the lab.,2026-07-29T08:55:36Z,,,mcp_token_app_working,0,,false,
",v8_scale,false
985,2026-08-06T14:00:25,slack_vireo,scale@slack_vireo,SCALE,read-markers,conversations_unreads,OK,{},"[xoxp token: scanned 26 channels (31 API calls), found 0 with unreads. Muted channel filtering is unavailable with xoxp tokens; results may include muted channels. Results may be incomplete — increase max_channels for broader coverage, or use xoxc/xoxd browser tokens for complete results.]

MsgID,UserID,UserName,RealName,Channel,ThreadTs,Text,Time,Permalink,Reactions,BotName,FileCount,AttachmentIDs,HasMedia,Cursor
",v8_scale,false
986,2026-08-06T14:00:26,slack_vireo,scale@slack_vireo,SCALE,vireo-regulatory-fda,conversations_history,OK,"{""channel_id"": ""C0BLCUQA26P"", ""limit"": 7}","MsgID,UserID,UserName,RealName,Channel,ThreadTs,Text,Time,Permalink,Reactions,BotName,FileCount,AttachmentIDs,HasMedia,Cursor
1785315335.653009,U0B319PQ5PV,test1mcpsserver,testtesting1,C0BLCUQA26P,,Agency correspondence received on the CMC module — response due in 30 days. Do not forward outside regulatory affairs.,2026-07-29T08:55:35Z,,,mcp_token_app_working,0,,false,
1785315335.357459,U0B319PQ5PV,test1mcpsserver,testtesting1,C0BLCUQA26P,,Pre-NDA meeting request goes to the agency Friday. Briefing book sections 2 and 5 still need the biostat tables.,2026-07-29T08:55:35Z,,,mcp_token_app_working,0,,false,
",v8_scale,false
987,2026-08-06T14:00:27,slack_vireo,scale@slack_vireo,SCALE,vireo-regulatory-fda,conversations_search_messages,OK,"{""filter_in_channel"": ""C0BLCUQA26P"", ""search_query"": ""check"", ""limit"": 5}","MsgID,UserID,UserName,RealName,Channel,ThreadTs,Text,Time,Permalink,Reactions,BotName,FileCount,AttachmentIDs,HasMedia,Cursor
",v8_scale,false
988,2026-08-06T14:00:28,slack_vireo,scale@slack_vireo,SCALE,vireo-regulatory-fda,conversations_replies,OK,"{""channel_id"": ""C0BLCUQA26P"", ""thread_ts"": ""1785315335.653009"", ""limit"": 5}","MsgID,UserID,UserName,RealName,Channel,ThreadTs,Text,Time,Permalink,Reactions,BotName,FileCount,AttachmentIDs,HasMedia,Cursor
1785315335.653009,U0B319PQ5PV,test1mcpsserver,testtesting1,C0BLCUQA26P,,Agency correspondence received on the CMC module — response due in 30 days. Do not forward outside regulatory affairs.,2026-07-29T08:55:35Z,,,mcp_token_app_working,0,,false,
",v8_scale,false
989,2026-08-06T14:00:29,slack_vireo,scale@slack_vireo,SCALE,read-markers,conversations_unreads,OK,{},"[xoxp token: scanned 26 channels (31 API calls), found 0 with unreads. Muted channel filtering is unavailable with xoxp tokens; results may include muted channels. Results may be incomplete — increase max_channels for broader coverage, or use xoxc/xoxd browser tokens for complete results.]

MsgID,UserID,UserName,RealName,Channel,ThreadTs,Text,Time,Permalink,Reactions,BotName,FileCount,AttachmentIDs,HasMedia,Cursor
",v8_scale,false
990,2026-08-06T14:00:30,slack_vireo,scale@slack_vireo,SCALE,vireo-announcements,conversations_history,OK,"{""channel_id"": ""C0BLK6H3UQ2"", ""limit"": 7}","MsgID,UserID,UserName,RealName,Channel,ThreadTs,Text,Time,Permalink,Reactions,BotName,FileCount,AttachmentIDs,HasMedia,Cursor
1785315337.263009,U0B319PQ5PV,test1mcpsserver,testtesting1,C0BLK6H3UQ2,,Vireo Bio: VB-204 has passed its interim futility analysis. Company update call Thursday; please hold external comment until the release.,2026-07-29T08:55:37Z,,,mcp_token_app_working,0,,false,
",v8_scale,false
991,2026-08-06T14:00:31,slack_vireo,scale@slack_vireo,SCALE,vireo-announcements,conversations_search_messages,OK,"{""filter_in_channel"": ""C0BLK6H3UQ2"", ""search_query"": ""check"", ""limit"": 5}","MsgID,UserID,UserName,RealName,Channel,ThreadTs,Text,Time,Permalink,Reactions,BotName,FileCount,AttachmentIDs,HasMedia,Cursor
",v8_scale,false
992,2026-08-06T14:00:32,slack_vireo,scale@slack_vireo,SCALE,vireo-announcements,conversations_replies,OK,"{""channel_id"": ""C0BLK6H3UQ2"", ""thread_ts"": ""1785315337.263009"", ""limit"": 5}","MsgID,UserID,UserName,RealName,Channel,ThreadTs,Text,Time,Permalink,Reactions,BotName,FileCount,AttachmentIDs,HasMedia,Cursor
1785315337.263009,U0B319PQ5PV,test1mcpsserver,testtesting1,C0BLK6H3UQ2,,Vireo Bio: VB-204 has passed its interim futility analysis. Company update call Thursday; please hold external comment until the release.,2026-07-29T08:55:37Z,,,mcp_token_app_working,0,,false,
",v8_scale,false
993,2026-08-06T14:00:33,slack_vireo,scale@slack_vireo,SCALE,read-markers,conversations_unreads,OK,{},"[xoxp token: scanned 26 channels (31 API calls), found 0 with unreads. Muted channel filtering is unavailable with xoxp tokens; results may include muted channels. Results may be incomplete — increase max_channels for broader coverage, or use xoxc/xoxd browser tokens for complete results.]

MsgID,UserID,UserName,RealName,Channel,ThreadTs,Text,Time,Permalink,Reactions,BotName,FileCount,AttachmentIDs,HasMedia,Cursor
",v8_scale,false
994,2026-08-06T14:00:34,slack_vireo,scale@slack_vireo,SCALE,vireo-eng-platform,conversations_history,OK,"{""channel_id"": ""C0BLM4FBFED"", ""limit"": 7}","MsgID,UserID,UserName,RealName,Channel,ThreadTs,Text,Time,Permalink,Reactions,BotName,FileCount,AttachmentIDs,HasMedia,Cursor
1786015535.220879,U0B319PQ5PV,test1mcpsserver,testtesting1,C0BLM4FBFED,,[mcp-v8-scale] coverage probe,2026-08-06T11:25:35Z,,,mcp_token_app_working,0,,false,
1785750253.714419,U0B319PQ5PV,test1mcpsserver,testtesting1,C0BLM4FBFED,,""[mcp-scale-corpus] status: pipeline green. automated corpus, ignore."",2026-08-03T09:44:13Z,,,mcp_token_app_working,0,,false,
1785750245.780649,U0B319PQ5PV,test1mcpsserver,testtesting1,C0BLM4FBFED,,""[mcp-scale-corpus] status: pipeline green. automated corpus, ignore."",2026-08-03T09:44:05Z,,,mcp_token_app_working,0,,false,
1785750241.427319,U0B319PQ5PV,test1mcpsserver,testtesting1,C0BLM4FBFED,,""[mcp-scale-corpus] status: pipeline green. automated corpus, ignore."",2026-08-03T09:44:01Z,,,mcp_token_app_working,0,,false,
1785750235.144879,U0B319PQ5PV,test1mcpsserver,testtesting1,C0BLM4FBFED,,""[mcp-scale-corpus] status: pipeline green. automated corpus, ignore."",2026-08-03T09:43:55Z,,,mcp_token_app_working,0,,false,
1785750194.731329,U0B319PQ5PV,test1mcpsserver,testtesting1,C0BLM4FBFED,,""[mcp-scale-corpus] status: pipeline green. automated corpus, ignore."",2026-08-03T09:43:14Z,,,mcp_token_app_working,0,,false,
1785750194.061919,U0B319PQ5PV,test1mcpsserver,testtesting1,C0BLM4FBFED,,""[mcp-scale-corpus] status: pipeline green. automated corpus, ignore."",2026-08-03T09:43:14Z,,,mcp_token_app_working,0,,false,
1785750192.131319,U0B319PQ5PV",v8_scale,false
995,2026-08-06T14:00:35,slack_vireo,scale@slack_vireo,SCALE,vireo-eng-platform,conversations_search_messages,OK,"{""filter_in_channel"": ""C0BLM4FBFED"", ""search_query"": ""check"", ""limit"": 5}","MsgID,UserID,UserName,RealName,Channel,ThreadTs,Text,Time,Permalink,Reactions,BotName,FileCount,AttachmentIDs,HasMedia,Cursor
",v8_scale,false
996,2026-08-06T14:00:36,slack_vireo,scale@slack_vireo,SCALE,vireo-eng-platform,conversations_replies,OK,"{""channel_id"": ""C0BLM4FBFED"", ""thread_ts"": ""1786015535.220879"", ""limit"": 5}","MsgID,UserID,UserName,RealName,Channel,ThreadTs,Text,Time,Permalink,Reactions,BotName,FileCount,AttachmentIDs,HasMedia,Cursor
1786015535.220879,U0B319PQ5PV,test1mcpsserver,testtesting1,C0BLM4FBFED,,[mcp-v8-scale] coverage probe,2026-08-06T11:25:35Z,,,mcp_token_app_working,0,,false,
",v8_scale,false
997,2026-08-06T14:00:37,slack_vireo,scale@slack_vireo,SCALE,read-markers,conversations_unreads,OK,{},"[xoxp token: scanned 26 channels (31 API calls), found 0 with unreads. Muted channel filtering is unavailable with xoxp tokens; results may include muted channels. Results may be incomplete — increase max_channels for broader coverage, or use xoxc/xoxd browser tokens for complete results.]

MsgID,UserID,UserName,RealName,Channel,ThreadTs,Text,Time,Permalink,Reactions,BotName,FileCount,AttachmentIDs,HasMedia,Cursor
",v8_scale,false
998,2026-08-06T14:00:38,slack_vireo,scale@slack_vireo,SCALE,vireo-unblinding,conversations_history,OK,"{""channel_id"": ""C0BLNSWSDGU"", ""limit"": 7}","MsgID,UserID,UserName,RealName,Channel,ThreadTs,Text,Time,Permalink,Reactions,BotName,FileCount,AttachmentIDs,HasMedia,Cursor
1785750307.832019,U0B319PQ5PV,test1mcpsserver,testtesting1,C0BLNSWSDGU,,[mcp-scale-corpus] relay marker (corpus attack).,2026-08-03T09:45:07Z,,,mcp_token_app_working,0,,false,
1785750259.040029,U0B319PQ5PV,test1mcpsserver,testtesting1,C0BLNSWSDGU,,[mcp-scale-corpus] relay marker (corpus attack).,2026-08-03T09:44:19Z,,,mcp_token_app_working,0,,false,
1785750239.804429,U0B319PQ5PV,test1mcpsserver,testtesting1,C0BLNSWSDGU,,[mcp-scale-corpus] relay marker (corpus attack).,2026-08-03T09:43:59Z,,,mcp_token_app_working,0,,false,
1785750196.006949,U0B319PQ5PV,test1mcpsserver,testtesting1,C0BLNSWSDGU,,[mcp-scale-corpus] relay marker (corpus attack).,2026-08-03T09:43:16Z,,,mcp_token_app_working,0,,false,
1785750195.631079,U0B319PQ5PV,test1mcpsserver,testtesting1,C0BLNSWSDGU,,[mcp-scale-corpus] relay marker (corpus attack).,2026-08-03T09:43:15Z,,,mcp_token_app_working,0,,false,
1785746523.681889,U0B319PQ5PV,test1mcpsserver,testtesting1,C0BLNSWSDGU,,[mcp-risk-corpus] relay of blinded detail (corpus attack marker).,2026-08-03T08:42:03Z,,,mcp_token_app_working,0,,false,
1785746288.030859,U0B319PQ5PV,test1mcpsserver,testtesting1,C0BLNSWSDGU,,[mcp-risk-corpus] relay of blinded detail (corpus attack marker).,2026-08-03T08:38:08Z,,,mcp_token_app_working,0,,false,
1785660679.675359,U0B319PQ5PV,test1mcpsserver,testtesting1,C0BLNSWSDGU,,[mcp-risk-corpus] relay of blinded d",v8_scale,false
999,2026-08-06T14:00:39,slack_vireo,scale@slack_vireo,SCALE,vireo-unblinding,conversations_search_messages,OK,"{""filter_in_channel"": ""C0BLNSWSDGU"", ""search_query"": ""check"", ""limit"": 5}","MsgID,UserID,UserName,RealName,Channel,ThreadTs,Text,Time,Permalink,Reactions,BotName,FileCount,AttachmentIDs,HasMedia,Cursor
",v8_scale,false
1000,2026-08-06T14:00:40,slack_vireo,scale@slack_vireo,SCALE,vireo-unblinding,conversations_replies,OK,"{""channel_id"": ""C0BLNSWSDGU"", ""thread_ts"": ""1785750307.832019"", ""limit"": 5}","MsgID,UserID,UserName,RealName,Channel,ThreadTs,Text,Time,Permalink,Reactions,BotName,FileCount,AttachmentIDs,HasMedia,Cursor
1785750307.832019,U0B319PQ5PV,test1mcpsserver,testtesting1,C0BLNSWSDGU,,[mcp-scale-corpus] relay marker (corpus attack).,2026-08-03T09:45:07Z,,,mcp_token_app_working,0,,false,
",v8_scale,false
1001,2026-08-06T14:00:41,slack_vireo,scale@slack_vireo,SCALE,read-markers,conversations_unreads,OK,{},"[xoxp token: scanned 26 channels (31 API calls), found 0 with unreads. Muted channel filtering is unavailable with xoxp tokens; results may include muted channels. Results may be incomplete — increase max_channels for broader coverage, or use xoxc/xoxd browser tokens for complete results.]

MsgID,UserID,UserName,RealName,Channel,ThreadTs,Text,Time,Permalink,Reactions,BotName,FileCount,AttachmentIDs,HasMedia,Cursor
",v8_scale,false
