server,mcp_kind,asset,asset_sensitivity,asset_description,tool,tool_impact,tool_description,blast_radius,blast_escape,cell_score
fs:corp,filesystem,README.md,1,file at README.md,read_file,3,Read the complete contents of a file as text. DEPRECATED: Use read_text_file instead.,1,none,3.0
fs:corp,filesystem,README.md,1,file at README.md,read_text_file,3,"Read the complete contents of a file from the file system as text. Handles various text encodings and provides detailed error messages if the file cannot be read. Use this tool when you need to examine the contents of a single file. Use the 'head' parameter to read only the first N lines of a file, or the 'tail' parameter to read only the last N lines of a file. Operates on the file as text regardless of extension. Only works within allowed directories.",1,none,3.0
fs:corp,filesystem,README.md,1,file at README.md,read_media_file,3,Read an image or audio file. Returns the base64 encoded data and MIME type. Only works within allowed directories.,,none,
fs:corp,filesystem,README.md,1,file at README.md,read_multiple_files,3,Read the contents of multiple files simultaneously. This is more efficient than reading files one by one when you need to analyze or compare multiple files. Each file's content is returned with its path as a reference. Failed reads for individual files won't stop the entire operation. Only works within allowed directories.,,none,
fs:corp,filesystem,README.md,1,file at README.md,write_file,5,Create a new file or completely overwrite an existing file with new content. Use with caution as it will overwrite existing files without warning. Handles text content with proper encoding. Only works within allowed directories.,1,none,5.0
fs:corp,filesystem,README.md,1,file at README.md,edit_file,4,Make line-based edits to a text file. Each edit replaces exact line sequences with new content. Returns a git-style diff showing the changes made. Only works within allowed directories.,1,none,4.0
fs:corp,filesystem,README.md,1,file at README.md,create_directory,4,"Create a new directory or ensure a directory exists. Can create multiple nested directories in one operation. If the directory already exists, this operation will succeed silently. Perfect for setting up directory structures for projects or ensuring required paths exist. Only works within allowed directories.",,none,
fs:corp,filesystem,README.md,1,file at README.md,list_directory,2,Get a detailed listing of all files and directories in a specified path. Results clearly distinguish between files and directories with [FILE] and [DIR] prefixes. This tool is essential for understanding directory structure and finding specific files within a directory. Only works within allowed directories.,,none,
fs:corp,filesystem,README.md,1,file at README.md,list_directory_with_sizes,2,"Get a detailed listing of all files and directories in a specified path, including sizes. Results clearly distinguish between files and directories with [FILE] and [DIR] prefixes. This tool is useful for understanding directory structure and finding specific files within a directory. Only works within allowed directories.",,none,
fs:corp,filesystem,README.md,1,file at README.md,directory_tree,2,"Get a recursive tree view of files and directories as a JSON structure. Each entry includes 'name', 'type' (file/directory), and 'children' for directories. Files have no children array, while directories always have a children array (which may be empty). The output is formatted with 2-space indentation for readability. Only works within allowed directories.",,none,
fs:corp,filesystem,README.md,1,file at README.md,move_file,4,"Move or rename files and directories. Can move files between directories and rename them in a single operation. If the destination exists, the operation will fail. Works across different directories and can be used for simple renaming within the same directory. Both source and destination must be within allowed directories.",1,none,4.0
fs:corp,filesystem,README.md,1,file at README.md,search_files,2,"Recursively search for files and directories matching a pattern. The patterns should be glob-style patterns that match paths relative to the working directory. Use pattern like '*.ext' to match files in current directory, and '**/*.ext' to match files in all subdirectories. Returns full paths to all matching items. Great for finding files when you don't know their exact location. Only searches within allowed directories.",1,none,2.0
fs:corp,filesystem,README.md,1,file at README.md,get_file_info,2,"Retrieve detailed metadata about a file or directory. Returns comprehensive information including size, creation time, last modified time, permissions, and type. This tool is perfect for understanding file characteristics without reading the actual content. Only works within allowed directories.",1,none,2.0
fs:corp,filesystem,README.md,1,file at README.md,list_allowed_directories,2,Returns the list of directories that this server is allowed to access. Subdirectories within these allowed directories are also accessible. Use this to understand which directories and their nested paths are available before trying to access files.,,none,
fs:corp,filesystem,onboarding/org_chart.png,2,file at onboarding/org_chart.png,read_file,3,Read the complete contents of a file as text. DEPRECATED: Use read_text_file instead.,,none,
fs:corp,filesystem,onboarding/org_chart.png,2,file at onboarding/org_chart.png,read_text_file,3,"Read the complete contents of a file from the file system as text. Handles various text encodings and provides detailed error messages if the file cannot be read. Use this tool when you need to examine the contents of a single file. Use the 'head' parameter to read only the first N lines of a file, or the 'tail' parameter to read only the last N lines of a file. Operates on the file as text regardless of extension. Only works within allowed directories.",,none,
fs:corp,filesystem,onboarding/org_chart.png,2,file at onboarding/org_chart.png,read_media_file,3,Read an image or audio file. Returns the base64 encoded data and MIME type. Only works within allowed directories.,1,none,6.0
fs:corp,filesystem,onboarding/org_chart.png,2,file at onboarding/org_chart.png,read_multiple_files,3,Read the contents of multiple files simultaneously. This is more efficient than reading files one by one when you need to analyze or compare multiple files. Each file's content is returned with its path as a reference. Failed reads for individual files won't stop the entire operation. Only works within allowed directories.,,none,
fs:corp,filesystem,onboarding/org_chart.png,2,file at onboarding/org_chart.png,write_file,5,Create a new file or completely overwrite an existing file with new content. Use with caution as it will overwrite existing files without warning. Handles text content with proper encoding. Only works within allowed directories.,1,none,10.0
fs:corp,filesystem,onboarding/org_chart.png,2,file at onboarding/org_chart.png,edit_file,4,Make line-based edits to a text file. Each edit replaces exact line sequences with new content. Returns a git-style diff showing the changes made. Only works within allowed directories.,,none,
fs:corp,filesystem,onboarding/org_chart.png,2,file at onboarding/org_chart.png,create_directory,4,"Create a new directory or ensure a directory exists. Can create multiple nested directories in one operation. If the directory already exists, this operation will succeed silently. Perfect for setting up directory structures for projects or ensuring required paths exist. Only works within allowed directories.",,none,
fs:corp,filesystem,onboarding/org_chart.png,2,file at onboarding/org_chart.png,list_directory,2,Get a detailed listing of all files and directories in a specified path. Results clearly distinguish between files and directories with [FILE] and [DIR] prefixes. This tool is essential for understanding directory structure and finding specific files within a directory. Only works within allowed directories.,,none,
fs:corp,filesystem,onboarding/org_chart.png,2,file at onboarding/org_chart.png,list_directory_with_sizes,2,"Get a detailed listing of all files and directories in a specified path, including sizes. Results clearly distinguish between files and directories with [FILE] and [DIR] prefixes. This tool is useful for understanding directory structure and finding specific files within a directory. Only works within allowed directories.",,none,
fs:corp,filesystem,onboarding/org_chart.png,2,file at onboarding/org_chart.png,directory_tree,2,"Get a recursive tree view of files and directories as a JSON structure. Each entry includes 'name', 'type' (file/directory), and 'children' for directories. Files have no children array, while directories always have a children array (which may be empty). The output is formatted with 2-space indentation for readability. Only works within allowed directories.",,none,
fs:corp,filesystem,onboarding/org_chart.png,2,file at onboarding/org_chart.png,move_file,4,"Move or rename files and directories. Can move files between directories and rename them in a single operation. If the destination exists, the operation will fail. Works across different directories and can be used for simple renaming within the same directory. Both source and destination must be within allowed directories.",1,none,8.0
fs:corp,filesystem,onboarding/org_chart.png,2,file at onboarding/org_chart.png,search_files,2,"Recursively search for files and directories matching a pattern. The patterns should be glob-style patterns that match paths relative to the working directory. Use pattern like '*.ext' to match files in current directory, and '**/*.ext' to match files in all subdirectories. Returns full paths to all matching items. Great for finding files when you don't know their exact location. Only searches within allowed directories.",1,none,4.0
fs:corp,filesystem,onboarding/org_chart.png,2,file at onboarding/org_chart.png,get_file_info,2,"Retrieve detailed metadata about a file or directory. Returns comprehensive information including size, creation time, last modified time, permissions, and type. This tool is perfect for understanding file characteristics without reading the actual content. Only works within allowed directories.",1,none,4.0
fs:corp,filesystem,onboarding/org_chart.png,2,file at onboarding/org_chart.png,list_allowed_directories,2,Returns the list of directories that this server is allowed to access. Subdirectories within these allowed directories are also accessible. Use this to understand which directories and their nested paths are available before trying to access files.,,none,
fs:corp,filesystem,projects/db_schema.sql,3,file at projects/db_schema.sql,read_file,3,Read the complete contents of a file as text. DEPRECATED: Use read_text_file instead.,4,none,36.0
fs:corp,filesystem,projects/db_schema.sql,3,file at projects/db_schema.sql,read_text_file,3,"Read the complete contents of a file from the file system as text. Handles various text encodings and provides detailed error messages if the file cannot be read. Use this tool when you need to examine the contents of a single file. Use the 'head' parameter to read only the first N lines of a file, or the 'tail' parameter to read only the last N lines of a file. Operates on the file as text regardless of extension. Only works within allowed directories.",1,none,9.0
fs:corp,filesystem,projects/db_schema.sql,3,file at projects/db_schema.sql,read_media_file,3,Read an image or audio file. Returns the base64 encoded data and MIME type. Only works within allowed directories.,,none,
fs:corp,filesystem,projects/db_schema.sql,3,file at projects/db_schema.sql,read_multiple_files,3,Read the contents of multiple files simultaneously. This is more efficient than reading files one by one when you need to analyze or compare multiple files. Each file's content is returned with its path as a reference. Failed reads for individual files won't stop the entire operation. Only works within allowed directories.,1,none,9.0
fs:corp,filesystem,projects/db_schema.sql,3,file at projects/db_schema.sql,write_file,5,Create a new file or completely overwrite an existing file with new content. Use with caution as it will overwrite existing files without warning. Handles text content with proper encoding. Only works within allowed directories.,1,none,15.0
fs:corp,filesystem,projects/db_schema.sql,3,file at projects/db_schema.sql,edit_file,4,Make line-based edits to a text file. Each edit replaces exact line sequences with new content. Returns a git-style diff showing the changes made. Only works within allowed directories.,1,none,12.0
fs:corp,filesystem,projects/db_schema.sql,3,file at projects/db_schema.sql,create_directory,4,"Create a new directory or ensure a directory exists. Can create multiple nested directories in one operation. If the directory already exists, this operation will succeed silently. Perfect for setting up directory structures for projects or ensuring required paths exist. Only works within allowed directories.",,none,
fs:corp,filesystem,projects/db_schema.sql,3,file at projects/db_schema.sql,list_directory,2,Get a detailed listing of all files and directories in a specified path. Results clearly distinguish between files and directories with [FILE] and [DIR] prefixes. This tool is essential for understanding directory structure and finding specific files within a directory. Only works within allowed directories.,,none,
fs:corp,filesystem,projects/db_schema.sql,3,file at projects/db_schema.sql,list_directory_with_sizes,2,"Get a detailed listing of all files and directories in a specified path, including sizes. Results clearly distinguish between files and directories with [FILE] and [DIR] prefixes. This tool is useful for understanding directory structure and finding specific files within a directory. Only works within allowed directories.",,none,
fs:corp,filesystem,projects/db_schema.sql,3,file at projects/db_schema.sql,directory_tree,2,"Get a recursive tree view of files and directories as a JSON structure. Each entry includes 'name', 'type' (file/directory), and 'children' for directories. Files have no children array, while directories always have a children array (which may be empty). The output is formatted with 2-space indentation for readability. Only works within allowed directories.",,none,
fs:corp,filesystem,projects/db_schema.sql,3,file at projects/db_schema.sql,move_file,4,"Move or rename files and directories. Can move files between directories and rename them in a single operation. If the destination exists, the operation will fail. Works across different directories and can be used for simple renaming within the same directory. Both source and destination must be within allowed directories.",1,none,12.0
fs:corp,filesystem,projects/db_schema.sql,3,file at projects/db_schema.sql,search_files,2,"Recursively search for files and directories matching a pattern. The patterns should be glob-style patterns that match paths relative to the working directory. Use pattern like '*.ext' to match files in current directory, and '**/*.ext' to match files in all subdirectories. Returns full paths to all matching items. Great for finding files when you don't know their exact location. Only searches within allowed directories.",1,none,6.0
fs:corp,filesystem,projects/db_schema.sql,3,file at projects/db_schema.sql,get_file_info,2,"Retrieve detailed metadata about a file or directory. Returns comprehensive information including size, creation time, last modified time, permissions, and type. This tool is perfect for understanding file characteristics without reading the actual content. Only works within allowed directories.",1,none,6.0
fs:corp,filesystem,projects/db_schema.sql,3,file at projects/db_schema.sql,list_allowed_directories,2,Returns the list of directories that this server is allowed to access. Subdirectories within these allowed directories are also accessible. Use this to understand which directories and their nested paths are available before trying to access files.,,none,
fs:corp,filesystem,projects/known_defects.csv,4,file at projects/known_defects.csv,read_file,3,Read the complete contents of a file as text. DEPRECATED: Use read_text_file instead.,1,none,12.0
fs:corp,filesystem,projects/known_defects.csv,4,file at projects/known_defects.csv,read_text_file,3,"Read the complete contents of a file from the file system as text. Handles various text encodings and provides detailed error messages if the file cannot be read. Use this tool when you need to examine the contents of a single file. Use the 'head' parameter to read only the first N lines of a file, or the 'tail' parameter to read only the last N lines of a file. Operates on the file as text regardless of extension. Only works within allowed directories.",1,none,12.0
fs:corp,filesystem,projects/known_defects.csv,4,file at projects/known_defects.csv,read_media_file,3,Read an image or audio file. Returns the base64 encoded data and MIME type. Only works within allowed directories.,,none,
fs:corp,filesystem,projects/known_defects.csv,4,file at projects/known_defects.csv,read_multiple_files,3,Read the contents of multiple files simultaneously. This is more efficient than reading files one by one when you need to analyze or compare multiple files. Each file's content is returned with its path as a reference. Failed reads for individual files won't stop the entire operation. Only works within allowed directories.,1,none,12.0
fs:corp,filesystem,projects/known_defects.csv,4,file at projects/known_defects.csv,write_file,5,Create a new file or completely overwrite an existing file with new content. Use with caution as it will overwrite existing files without warning. Handles text content with proper encoding. Only works within allowed directories.,1,none,20.0
fs:corp,filesystem,projects/known_defects.csv,4,file at projects/known_defects.csv,edit_file,4,Make line-based edits to a text file. Each edit replaces exact line sequences with new content. Returns a git-style diff showing the changes made. Only works within allowed directories.,4,none,64.0
fs:corp,filesystem,projects/known_defects.csv,4,file at projects/known_defects.csv,create_directory,4,"Create a new directory or ensure a directory exists. Can create multiple nested directories in one operation. If the directory already exists, this operation will succeed silently. Perfect for setting up directory structures for projects or ensuring required paths exist. Only works within allowed directories.",,none,
fs:corp,filesystem,projects/known_defects.csv,4,file at projects/known_defects.csv,list_directory,2,Get a detailed listing of all files and directories in a specified path. Results clearly distinguish between files and directories with [FILE] and [DIR] prefixes. This tool is essential for understanding directory structure and finding specific files within a directory. Only works within allowed directories.,,none,
fs:corp,filesystem,projects/known_defects.csv,4,file at projects/known_defects.csv,list_directory_with_sizes,2,"Get a detailed listing of all files and directories in a specified path, including sizes. Results clearly distinguish between files and directories with [FILE] and [DIR] prefixes. This tool is useful for understanding directory structure and finding specific files within a directory. Only works within allowed directories.",,none,
fs:corp,filesystem,projects/known_defects.csv,4,file at projects/known_defects.csv,directory_tree,2,"Get a recursive tree view of files and directories as a JSON structure. Each entry includes 'name', 'type' (file/directory), and 'children' for directories. Files have no children array, while directories always have a children array (which may be empty). The output is formatted with 2-space indentation for readability. Only works within allowed directories.",,none,
fs:corp,filesystem,projects/known_defects.csv,4,file at projects/known_defects.csv,move_file,4,"Move or rename files and directories. Can move files between directories and rename them in a single operation. If the destination exists, the operation will fail. Works across different directories and can be used for simple renaming within the same directory. Both source and destination must be within allowed directories.",1,none,16.0
fs:corp,filesystem,projects/known_defects.csv,4,file at projects/known_defects.csv,search_files,2,"Recursively search for files and directories matching a pattern. The patterns should be glob-style patterns that match paths relative to the working directory. Use pattern like '*.ext' to match files in current directory, and '**/*.ext' to match files in all subdirectories. Returns full paths to all matching items. Great for finding files when you don't know their exact location. Only searches within allowed directories.",1,none,8.0
fs:corp,filesystem,projects/known_defects.csv,4,file at projects/known_defects.csv,get_file_info,2,"Retrieve detailed metadata about a file or directory. Returns comprehensive information including size, creation time, last modified time, permissions, and type. This tool is perfect for understanding file characteristics without reading the actual content. Only works within allowed directories.",1,none,8.0
fs:corp,filesystem,projects/known_defects.csv,4,file at projects/known_defects.csv,list_allowed_directories,2,Returns the list of directories that this server is allowed to access. Subdirectories within these allowed directories are also accessible. Use this to understand which directories and their nested paths are available before trying to access files.,,none,
fs:corp,filesystem,sensitive/financials/payslips_q1.csv,4,file at sensitive/financials/payslips_q1.csv,read_file,3,Read the complete contents of a file as text. DEPRECATED: Use read_text_file instead.,5,c,60.0
fs:corp,filesystem,sensitive/financials/payslips_q1.csv,4,file at sensitive/financials/payslips_q1.csv,read_text_file,3,"Read the complete contents of a file from the file system as text. Handles various text encodings and provides detailed error messages if the file cannot be read. Use this tool when you need to examine the contents of a single file. Use the 'head' parameter to read only the first N lines of a file, or the 'tail' parameter to read only the last N lines of a file. Operates on the file as text regardless of extension. Only works within allowed directories.",5,c,60.0
fs:corp,filesystem,sensitive/financials/payslips_q1.csv,4,file at sensitive/financials/payslips_q1.csv,read_media_file,3,Read an image or audio file. Returns the base64 encoded data and MIME type. Only works within allowed directories.,,none,
fs:corp,filesystem,sensitive/financials/payslips_q1.csv,4,file at sensitive/financials/payslips_q1.csv,read_multiple_files,3,Read the contents of multiple files simultaneously. This is more efficient than reading files one by one when you need to analyze or compare multiple files. Each file's content is returned with its path as a reference. Failed reads for individual files won't stop the entire operation. Only works within allowed directories.,5,c,60.0
fs:corp,filesystem,sensitive/financials/payslips_q1.csv,4,file at sensitive/financials/payslips_q1.csv,write_file,5,Create a new file or completely overwrite an existing file with new content. Use with caution as it will overwrite existing files without warning. Handles text content with proper encoding. Only works within allowed directories.,3,none,60.0
fs:corp,filesystem,sensitive/financials/payslips_q1.csv,4,file at sensitive/financials/payslips_q1.csv,edit_file,4,Make line-based edits to a text file. Each edit replaces exact line sequences with new content. Returns a git-style diff showing the changes made. Only works within allowed directories.,5,c,80.0
fs:corp,filesystem,sensitive/financials/payslips_q1.csv,4,file at sensitive/financials/payslips_q1.csv,create_directory,4,"Create a new directory or ensure a directory exists. Can create multiple nested directories in one operation. If the directory already exists, this operation will succeed silently. Perfect for setting up directory structures for projects or ensuring required paths exist. Only works within allowed directories.",,none,
fs:corp,filesystem,sensitive/financials/payslips_q1.csv,4,file at sensitive/financials/payslips_q1.csv,list_directory,2,Get a detailed listing of all files and directories in a specified path. Results clearly distinguish between files and directories with [FILE] and [DIR] prefixes. This tool is essential for understanding directory structure and finding specific files within a directory. Only works within allowed directories.,,none,
fs:corp,filesystem,sensitive/financials/payslips_q1.csv,4,file at sensitive/financials/payslips_q1.csv,list_directory_with_sizes,2,"Get a detailed listing of all files and directories in a specified path, including sizes. Results clearly distinguish between files and directories with [FILE] and [DIR] prefixes. This tool is useful for understanding directory structure and finding specific files within a directory. Only works within allowed directories.",,none,
fs:corp,filesystem,sensitive/financials/payslips_q1.csv,4,file at sensitive/financials/payslips_q1.csv,directory_tree,2,"Get a recursive tree view of files and directories as a JSON structure. Each entry includes 'name', 'type' (file/directory), and 'children' for directories. Files have no children array, while directories always have a children array (which may be empty). The output is formatted with 2-space indentation for readability. Only works within allowed directories.",,none,
fs:corp,filesystem,sensitive/financials/payslips_q1.csv,4,file at sensitive/financials/payslips_q1.csv,move_file,4,"Move or rename files and directories. Can move files between directories and rename them in a single operation. If the destination exists, the operation will fail. Works across different directories and can be used for simple renaming within the same directory. Both source and destination must be within allowed directories.",1,none,16.0
fs:corp,filesystem,sensitive/financials/payslips_q1.csv,4,file at sensitive/financials/payslips_q1.csv,search_files,2,"Recursively search for files and directories matching a pattern. The patterns should be glob-style patterns that match paths relative to the working directory. Use pattern like '*.ext' to match files in current directory, and '**/*.ext' to match files in all subdirectories. Returns full paths to all matching items. Great for finding files when you don't know their exact location. Only searches within allowed directories.",1,none,8.0
fs:corp,filesystem,sensitive/financials/payslips_q1.csv,4,file at sensitive/financials/payslips_q1.csv,get_file_info,2,"Retrieve detailed metadata about a file or directory. Returns comprehensive information including size, creation time, last modified time, permissions, and type. This tool is perfect for understanding file characteristics without reading the actual content. Only works within allowed directories.",1,none,8.0
fs:corp,filesystem,sensitive/financials/payslips_q1.csv,4,file at sensitive/financials/payslips_q1.csv,list_allowed_directories,2,Returns the list of directories that this server is allowed to access. Subdirectories within these allowed directories are also accessible. Use this to understand which directories and their nested paths are available before trying to access files.,,none,
fs:corp,filesystem,sensitive/security/audit_log.txt,4,file at sensitive/security/audit_log.txt,read_file,3,Read the complete contents of a file as text. DEPRECATED: Use read_text_file instead.,1,none,12.0
fs:corp,filesystem,sensitive/security/audit_log.txt,4,file at sensitive/security/audit_log.txt,read_text_file,3,"Read the complete contents of a file from the file system as text. Handles various text encodings and provides detailed error messages if the file cannot be read. Use this tool when you need to examine the contents of a single file. Use the 'head' parameter to read only the first N lines of a file, or the 'tail' parameter to read only the last N lines of a file. Operates on the file as text regardless of extension. Only works within allowed directories.",1,none,12.0
fs:corp,filesystem,sensitive/security/audit_log.txt,4,file at sensitive/security/audit_log.txt,read_media_file,3,Read an image or audio file. Returns the base64 encoded data and MIME type. Only works within allowed directories.,,none,
fs:corp,filesystem,sensitive/security/audit_log.txt,4,file at sensitive/security/audit_log.txt,read_multiple_files,3,Read the contents of multiple files simultaneously. This is more efficient than reading files one by one when you need to analyze or compare multiple files. Each file's content is returned with its path as a reference. Failed reads for individual files won't stop the entire operation. Only works within allowed directories.,1,none,12.0
fs:corp,filesystem,sensitive/security/audit_log.txt,4,file at sensitive/security/audit_log.txt,write_file,5,Create a new file or completely overwrite an existing file with new content. Use with caution as it will overwrite existing files without warning. Handles text content with proper encoding. Only works within allowed directories.,1,none,20.0
fs:corp,filesystem,sensitive/security/audit_log.txt,4,file at sensitive/security/audit_log.txt,edit_file,4,Make line-based edits to a text file. Each edit replaces exact line sequences with new content. Returns a git-style diff showing the changes made. Only works within allowed directories.,1,none,16.0
fs:corp,filesystem,sensitive/security/audit_log.txt,4,file at sensitive/security/audit_log.txt,create_directory,4,"Create a new directory or ensure a directory exists. Can create multiple nested directories in one operation. If the directory already exists, this operation will succeed silently. Perfect for setting up directory structures for projects or ensuring required paths exist. Only works within allowed directories.",,none,
fs:corp,filesystem,sensitive/security/audit_log.txt,4,file at sensitive/security/audit_log.txt,list_directory,2,Get a detailed listing of all files and directories in a specified path. Results clearly distinguish between files and directories with [FILE] and [DIR] prefixes. This tool is essential for understanding directory structure and finding specific files within a directory. Only works within allowed directories.,,none,
fs:corp,filesystem,sensitive/security/audit_log.txt,4,file at sensitive/security/audit_log.txt,list_directory_with_sizes,2,"Get a detailed listing of all files and directories in a specified path, including sizes. Results clearly distinguish between files and directories with [FILE] and [DIR] prefixes. This tool is useful for understanding directory structure and finding specific files within a directory. Only works within allowed directories.",,none,
fs:corp,filesystem,sensitive/security/audit_log.txt,4,file at sensitive/security/audit_log.txt,directory_tree,2,"Get a recursive tree view of files and directories as a JSON structure. Each entry includes 'name', 'type' (file/directory), and 'children' for directories. Files have no children array, while directories always have a children array (which may be empty). The output is formatted with 2-space indentation for readability. Only works within allowed directories.",,none,
fs:corp,filesystem,sensitive/security/audit_log.txt,4,file at sensitive/security/audit_log.txt,move_file,4,"Move or rename files and directories. Can move files between directories and rename them in a single operation. If the destination exists, the operation will fail. Works across different directories and can be used for simple renaming within the same directory. Both source and destination must be within allowed directories.",1,none,16.0
fs:corp,filesystem,sensitive/security/audit_log.txt,4,file at sensitive/security/audit_log.txt,search_files,2,"Recursively search for files and directories matching a pattern. The patterns should be glob-style patterns that match paths relative to the working directory. Use pattern like '*.ext' to match files in current directory, and '**/*.ext' to match files in all subdirectories. Returns full paths to all matching items. Great for finding files when you don't know their exact location. Only searches within allowed directories.",1,none,8.0
fs:corp,filesystem,sensitive/security/audit_log.txt,4,file at sensitive/security/audit_log.txt,get_file_info,2,"Retrieve detailed metadata about a file or directory. Returns comprehensive information including size, creation time, last modified time, permissions, and type. This tool is perfect for understanding file characteristics without reading the actual content. Only works within allowed directories.",1,none,8.0
fs:corp,filesystem,sensitive/security/audit_log.txt,4,file at sensitive/security/audit_log.txt,list_allowed_directories,2,Returns the list of directories that this server is allowed to access. Subdirectories within these allowed directories are also accessible. Use this to understand which directories and their nested paths are available before trying to access files.,,none,
fs:corp,filesystem,sensitive/security/private_key.pem,5,file at sensitive/security/private_key.pem,read_file,3,Read the complete contents of a file as text. DEPRECATED: Use read_text_file instead.,5,b,75.0
fs:corp,filesystem,sensitive/security/private_key.pem,5,file at sensitive/security/private_key.pem,read_text_file,3,"Read the complete contents of a file from the file system as text. Handles various text encodings and provides detailed error messages if the file cannot be read. Use this tool when you need to examine the contents of a single file. Use the 'head' parameter to read only the first N lines of a file, or the 'tail' parameter to read only the last N lines of a file. Operates on the file as text regardless of extension. Only works within allowed directories.",5,b,75.0
fs:corp,filesystem,sensitive/security/private_key.pem,5,file at sensitive/security/private_key.pem,read_media_file,3,Read an image or audio file. Returns the base64 encoded data and MIME type. Only works within allowed directories.,,none,
fs:corp,filesystem,sensitive/security/private_key.pem,5,file at sensitive/security/private_key.pem,read_multiple_files,3,Read the contents of multiple files simultaneously. This is more efficient than reading files one by one when you need to analyze or compare multiple files. Each file's content is returned with its path as a reference. Failed reads for individual files won't stop the entire operation. Only works within allowed directories.,5,b,75.0
fs:corp,filesystem,sensitive/security/private_key.pem,5,file at sensitive/security/private_key.pem,write_file,5,Create a new file or completely overwrite an existing file with new content. Use with caution as it will overwrite existing files without warning. Handles text content with proper encoding. Only works within allowed directories.,5,a,125.0
fs:corp,filesystem,sensitive/security/private_key.pem,5,file at sensitive/security/private_key.pem,edit_file,4,Make line-based edits to a text file. Each edit replaces exact line sequences with new content. Returns a git-style diff showing the changes made. Only works within allowed directories.,5,b,100.0
fs:corp,filesystem,sensitive/security/private_key.pem,5,file at sensitive/security/private_key.pem,create_directory,4,"Create a new directory or ensure a directory exists. Can create multiple nested directories in one operation. If the directory already exists, this operation will succeed silently. Perfect for setting up directory structures for projects or ensuring required paths exist. Only works within allowed directories.",,none,
fs:corp,filesystem,sensitive/security/private_key.pem,5,file at sensitive/security/private_key.pem,list_directory,2,Get a detailed listing of all files and directories in a specified path. Results clearly distinguish between files and directories with [FILE] and [DIR] prefixes. This tool is essential for understanding directory structure and finding specific files within a directory. Only works within allowed directories.,1,none,10.0
fs:corp,filesystem,sensitive/security/private_key.pem,5,file at sensitive/security/private_key.pem,list_directory_with_sizes,2,"Get a detailed listing of all files and directories in a specified path, including sizes. Results clearly distinguish between files and directories with [FILE] and [DIR] prefixes. This tool is useful for understanding directory structure and finding specific files within a directory. Only works within allowed directories.",1,none,10.0
fs:corp,filesystem,sensitive/security/private_key.pem,5,file at sensitive/security/private_key.pem,directory_tree,2,"Get a recursive tree view of files and directories as a JSON structure. Each entry includes 'name', 'type' (file/directory), and 'children' for directories. Files have no children array, while directories always have a children array (which may be empty). The output is formatted with 2-space indentation for readability. Only works within allowed directories.",,none,
fs:corp,filesystem,sensitive/security/private_key.pem,5,file at sensitive/security/private_key.pem,move_file,4,"Move or rename files and directories. Can move files between directories and rename them in a single operation. If the destination exists, the operation will fail. Works across different directories and can be used for simple renaming within the same directory. Both source and destination must be within allowed directories.",1,none,20.0
fs:corp,filesystem,sensitive/security/private_key.pem,5,file at sensitive/security/private_key.pem,search_files,2,"Recursively search for files and directories matching a pattern. The patterns should be glob-style patterns that match paths relative to the working directory. Use pattern like '*.ext' to match files in current directory, and '**/*.ext' to match files in all subdirectories. Returns full paths to all matching items. Great for finding files when you don't know their exact location. Only searches within allowed directories.",1,none,10.0
fs:corp,filesystem,sensitive/security/private_key.pem,5,file at sensitive/security/private_key.pem,get_file_info,2,"Retrieve detailed metadata about a file or directory. Returns comprehensive information including size, creation time, last modified time, permissions, and type. This tool is perfect for understanding file characteristics without reading the actual content. Only works within allowed directories.",1,none,10.0
fs:corp,filesystem,sensitive/security/private_key.pem,5,file at sensitive/security/private_key.pem,list_allowed_directories,2,Returns the list of directories that this server is allowed to access. Subdirectories within these allowed directories are also accessible. Use this to understand which directories and their nested paths are available before trying to access files.,,none,
fs:corp,filesystem,source_code/core.c,4,file at source_code/core.c,read_file,3,Read the complete contents of a file as text. DEPRECATED: Use read_text_file instead.,1,none,12.0
fs:corp,filesystem,source_code/core.c,4,file at source_code/core.c,read_text_file,3,"Read the complete contents of a file from the file system as text. Handles various text encodings and provides detailed error messages if the file cannot be read. Use this tool when you need to examine the contents of a single file. Use the 'head' parameter to read only the first N lines of a file, or the 'tail' parameter to read only the last N lines of a file. Operates on the file as text regardless of extension. Only works within allowed directories.",4,none,48.0
fs:corp,filesystem,source_code/core.c,4,file at source_code/core.c,read_media_file,3,Read an image or audio file. Returns the base64 encoded data and MIME type. Only works within allowed directories.,,none,
fs:corp,filesystem,source_code/core.c,4,file at source_code/core.c,read_multiple_files,3,Read the contents of multiple files simultaneously. This is more efficient than reading files one by one when you need to analyze or compare multiple files. Each file's content is returned with its path as a reference. Failed reads for individual files won't stop the entire operation. Only works within allowed directories.,1,none,12.0
fs:corp,filesystem,source_code/core.c,4,file at source_code/core.c,write_file,5,Create a new file or completely overwrite an existing file with new content. Use with caution as it will overwrite existing files without warning. Handles text content with proper encoding. Only works within allowed directories.,1,none,20.0
fs:corp,filesystem,source_code/core.c,4,file at source_code/core.c,edit_file,4,Make line-based edits to a text file. Each edit replaces exact line sequences with new content. Returns a git-style diff showing the changes made. Only works within allowed directories.,1,none,16.0
fs:corp,filesystem,source_code/core.c,4,file at source_code/core.c,create_directory,4,"Create a new directory or ensure a directory exists. Can create multiple nested directories in one operation. If the directory already exists, this operation will succeed silently. Perfect for setting up directory structures for projects or ensuring required paths exist. Only works within allowed directories.",,none,
fs:corp,filesystem,source_code/core.c,4,file at source_code/core.c,list_directory,2,Get a detailed listing of all files and directories in a specified path. Results clearly distinguish between files and directories with [FILE] and [DIR] prefixes. This tool is essential for understanding directory structure and finding specific files within a directory. Only works within allowed directories.,,none,
fs:corp,filesystem,source_code/core.c,4,file at source_code/core.c,list_directory_with_sizes,2,"Get a detailed listing of all files and directories in a specified path, including sizes. Results clearly distinguish between files and directories with [FILE] and [DIR] prefixes. This tool is useful for understanding directory structure and finding specific files within a directory. Only works within allowed directories.",,none,
fs:corp,filesystem,source_code/core.c,4,file at source_code/core.c,directory_tree,2,"Get a recursive tree view of files and directories as a JSON structure. Each entry includes 'name', 'type' (file/directory), and 'children' for directories. Files have no children array, while directories always have a children array (which may be empty). The output is formatted with 2-space indentation for readability. Only works within allowed directories.",,none,
fs:corp,filesystem,source_code/core.c,4,file at source_code/core.c,move_file,4,"Move or rename files and directories. Can move files between directories and rename them in a single operation. If the destination exists, the operation will fail. Works across different directories and can be used for simple renaming within the same directory. Both source and destination must be within allowed directories.",2,none,32.0
fs:corp,filesystem,source_code/core.c,4,file at source_code/core.c,search_files,2,"Recursively search for files and directories matching a pattern. The patterns should be glob-style patterns that match paths relative to the working directory. Use pattern like '*.ext' to match files in current directory, and '**/*.ext' to match files in all subdirectories. Returns full paths to all matching items. Great for finding files when you don't know their exact location. Only searches within allowed directories.",1,none,8.0
fs:corp,filesystem,source_code/core.c,4,file at source_code/core.c,get_file_info,2,"Retrieve detailed metadata about a file or directory. Returns comprehensive information including size, creation time, last modified time, permissions, and type. This tool is perfect for understanding file characteristics without reading the actual content. Only works within allowed directories.",1,none,8.0
fs:corp,filesystem,source_code/core.c,4,file at source_code/core.c,list_allowed_directories,2,Returns the list of directories that this server is allowed to access. Subdirectories within these allowed directories are also accessible. Use this to understand which directories and their nested paths are available before trying to access files.,,none,
fs:corp,filesystem,/,5,"directory scope 'store root' containing 8 file(s) [c, csv, md, pem, png, sql, txt] — one enumeration exposes all of them",read_file,3,Read the complete contents of a file as text. DEPRECATED: Use read_text_file instead.,5,b,75.0
fs:corp,filesystem,/,5,"directory scope 'store root' containing 8 file(s) [c, csv, md, pem, png, sql, txt] — one enumeration exposes all of them",read_text_file,3,"Read the complete contents of a file from the file system as text. Handles various text encodings and provides detailed error messages if the file cannot be read. Use this tool when you need to examine the contents of a single file. Use the 'head' parameter to read only the first N lines of a file, or the 'tail' parameter to read only the last N lines of a file. Operates on the file as text regardless of extension. Only works within allowed directories.",1,none,15.0
fs:corp,filesystem,/,5,"directory scope 'store root' containing 8 file(s) [c, csv, md, pem, png, sql, txt] — one enumeration exposes all of them",read_media_file,3,Read an image or audio file. Returns the base64 encoded data and MIME type. Only works within allowed directories.,1,none,15.0
fs:corp,filesystem,/,5,"directory scope 'store root' containing 8 file(s) [c, csv, md, pem, png, sql, txt] — one enumeration exposes all of them",read_multiple_files,3,Read the contents of multiple files simultaneously. This is more efficient than reading files one by one when you need to analyze or compare multiple files. Each file's content is returned with its path as a reference. Failed reads for individual files won't stop the entire operation. Only works within allowed directories.,5,b,75.0
fs:corp,filesystem,/,5,"directory scope 'store root' containing 8 file(s) [c, csv, md, pem, png, sql, txt] — one enumeration exposes all of them",write_file,5,Create a new file or completely overwrite an existing file with new content. Use with caution as it will overwrite existing files without warning. Handles text content with proper encoding. Only works within allowed directories.,4,none,100.0
fs:corp,filesystem,/,5,"directory scope 'store root' containing 8 file(s) [c, csv, md, pem, png, sql, txt] — one enumeration exposes all of them",edit_file,4,Make line-based edits to a text file. Each edit replaces exact line sequences with new content. Returns a git-style diff showing the changes made. Only works within allowed directories.,3,none,60.0
fs:corp,filesystem,/,5,"directory scope 'store root' containing 8 file(s) [c, csv, md, pem, png, sql, txt] — one enumeration exposes all of them",create_directory,4,"Create a new directory or ensure a directory exists. Can create multiple nested directories in one operation. If the directory already exists, this operation will succeed silently. Perfect for setting up directory structures for projects or ensuring required paths exist. Only works within allowed directories.",2,none,40.0
fs:corp,filesystem,/,5,"directory scope 'store root' containing 8 file(s) [c, csv, md, pem, png, sql, txt] — one enumeration exposes all of them",list_directory,2,Get a detailed listing of all files and directories in a specified path. Results clearly distinguish between files and directories with [FILE] and [DIR] prefixes. This tool is essential for understanding directory structure and finding specific files within a directory. Only works within allowed directories.,4,none,40.0
fs:corp,filesystem,/,5,"directory scope 'store root' containing 8 file(s) [c, csv, md, pem, png, sql, txt] — one enumeration exposes all of them",list_directory_with_sizes,2,"Get a detailed listing of all files and directories in a specified path, including sizes. Results clearly distinguish between files and directories with [FILE] and [DIR] prefixes. This tool is useful for understanding directory structure and finding specific files within a directory. Only works within allowed directories.",2,none,20.0
fs:corp,filesystem,/,5,"directory scope 'store root' containing 8 file(s) [c, csv, md, pem, png, sql, txt] — one enumeration exposes all of them",directory_tree,2,"Get a recursive tree view of files and directories as a JSON structure. Each entry includes 'name', 'type' (file/directory), and 'children' for directories. Files have no children array, while directories always have a children array (which may be empty). The output is formatted with 2-space indentation for readability. Only works within allowed directories.",4,none,40.0
fs:corp,filesystem,/,5,"directory scope 'store root' containing 8 file(s) [c, csv, md, pem, png, sql, txt] — one enumeration exposes all of them",move_file,4,"Move or rename files and directories. Can move files between directories and rename them in a single operation. If the destination exists, the operation will fail. Works across different directories and can be used for simple renaming within the same directory. Both source and destination must be within allowed directories.",2,none,40.0
fs:corp,filesystem,/,5,"directory scope 'store root' containing 8 file(s) [c, csv, md, pem, png, sql, txt] — one enumeration exposes all of them",search_files,2,"Recursively search for files and directories matching a pattern. The patterns should be glob-style patterns that match paths relative to the working directory. Use pattern like '*.ext' to match files in current directory, and '**/*.ext' to match files in all subdirectories. Returns full paths to all matching items. Great for finding files when you don't know their exact location. Only searches within allowed directories.",4,none,40.0
fs:corp,filesystem,/,5,"directory scope 'store root' containing 8 file(s) [c, csv, md, pem, png, sql, txt] — one enumeration exposes all of them",get_file_info,2,"Retrieve detailed metadata about a file or directory. Returns comprehensive information including size, creation time, last modified time, permissions, and type. This tool is perfect for understanding file characteristics without reading the actual content. Only works within allowed directories.",4,none,40.0
fs:corp,filesystem,/,5,"directory scope 'store root' containing 8 file(s) [c, csv, md, pem, png, sql, txt] — one enumeration exposes all of them",list_allowed_directories,2,Returns the list of directories that this server is allowed to access. Subdirectories within these allowed directories are also accessible. Use this to understand which directories and their nested paths are available before trying to access files.,4,none,40.0
fs:corp,filesystem,sensitive/,5,"directory scope 'sensitive' containing 3 file(s) [csv, pem, txt] — one enumeration exposes all of them",read_file,3,Read the complete contents of a file as text. DEPRECATED: Use read_text_file instead.,5,b,75.0
fs:corp,filesystem,sensitive/,5,"directory scope 'sensitive' containing 3 file(s) [csv, pem, txt] — one enumeration exposes all of them",read_text_file,3,"Read the complete contents of a file from the file system as text. Handles various text encodings and provides detailed error messages if the file cannot be read. Use this tool when you need to examine the contents of a single file. Use the 'head' parameter to read only the first N lines of a file, or the 'tail' parameter to read only the last N lines of a file. Operates on the file as text regardless of extension. Only works within allowed directories.",5,b,75.0
fs:corp,filesystem,sensitive/,5,"directory scope 'sensitive' containing 3 file(s) [csv, pem, txt] — one enumeration exposes all of them",read_media_file,3,Read an image or audio file. Returns the base64 encoded data and MIME type. Only works within allowed directories.,,none,
fs:corp,filesystem,sensitive/,5,"directory scope 'sensitive' containing 3 file(s) [csv, pem, txt] — one enumeration exposes all of them",read_multiple_files,3,Read the contents of multiple files simultaneously. This is more efficient than reading files one by one when you need to analyze or compare multiple files. Each file's content is returned with its path as a reference. Failed reads for individual files won't stop the entire operation. Only works within allowed directories.,5,b,75.0
fs:corp,filesystem,sensitive/,5,"directory scope 'sensitive' containing 3 file(s) [csv, pem, txt] — one enumeration exposes all of them",write_file,5,Create a new file or completely overwrite an existing file with new content. Use with caution as it will overwrite existing files without warning. Handles text content with proper encoding. Only works within allowed directories.,5,b,125.0
fs:corp,filesystem,sensitive/,5,"directory scope 'sensitive' containing 3 file(s) [csv, pem, txt] — one enumeration exposes all of them",edit_file,4,Make line-based edits to a text file. Each edit replaces exact line sequences with new content. Returns a git-style diff showing the changes made. Only works within allowed directories.,5,b,100.0
fs:corp,filesystem,sensitive/,5,"directory scope 'sensitive' containing 3 file(s) [csv, pem, txt] — one enumeration exposes all of them",create_directory,4,"Create a new directory or ensure a directory exists. Can create multiple nested directories in one operation. If the directory already exists, this operation will succeed silently. Perfect for setting up directory structures for projects or ensuring required paths exist. Only works within allowed directories.",,none,
fs:corp,filesystem,sensitive/,5,"directory scope 'sensitive' containing 3 file(s) [csv, pem, txt] — one enumeration exposes all of them",list_directory,2,Get a detailed listing of all files and directories in a specified path. Results clearly distinguish between files and directories with [FILE] and [DIR] prefixes. This tool is essential for understanding directory structure and finding specific files within a directory. Only works within allowed directories.,2,none,20.0
fs:corp,filesystem,sensitive/,5,"directory scope 'sensitive' containing 3 file(s) [csv, pem, txt] — one enumeration exposes all of them",list_directory_with_sizes,2,"Get a detailed listing of all files and directories in a specified path, including sizes. Results clearly distinguish between files and directories with [FILE] and [DIR] prefixes. This tool is useful for understanding directory structure and finding specific files within a directory. Only works within allowed directories.",2,none,20.0
fs:corp,filesystem,sensitive/,5,"directory scope 'sensitive' containing 3 file(s) [csv, pem, txt] — one enumeration exposes all of them",directory_tree,2,"Get a recursive tree view of files and directories as a JSON structure. Each entry includes 'name', 'type' (file/directory), and 'children' for directories. Files have no children array, while directories always have a children array (which may be empty). The output is formatted with 2-space indentation for readability. Only works within allowed directories.",3,none,30.0
fs:corp,filesystem,sensitive/,5,"directory scope 'sensitive' containing 3 file(s) [csv, pem, txt] — one enumeration exposes all of them",move_file,4,"Move or rename files and directories. Can move files between directories and rename them in a single operation. If the destination exists, the operation will fail. Works across different directories and can be used for simple renaming within the same directory. Both source and destination must be within allowed directories.",3,none,60.0
fs:corp,filesystem,sensitive/,5,"directory scope 'sensitive' containing 3 file(s) [csv, pem, txt] — one enumeration exposes all of them",search_files,2,"Recursively search for files and directories matching a pattern. The patterns should be glob-style patterns that match paths relative to the working directory. Use pattern like '*.ext' to match files in current directory, and '**/*.ext' to match files in all subdirectories. Returns full paths to all matching items. Great for finding files when you don't know their exact location. Only searches within allowed directories.",2,none,20.0
fs:corp,filesystem,sensitive/,5,"directory scope 'sensitive' containing 3 file(s) [csv, pem, txt] — one enumeration exposes all of them",get_file_info,2,"Retrieve detailed metadata about a file or directory. Returns comprehensive information including size, creation time, last modified time, permissions, and type. This tool is perfect for understanding file characteristics without reading the actual content. Only works within allowed directories.",2,none,20.0
fs:corp,filesystem,sensitive/,5,"directory scope 'sensitive' containing 3 file(s) [csv, pem, txt] — one enumeration exposes all of them",list_allowed_directories,2,Returns the list of directories that this server is allowed to access. Subdirectories within these allowed directories are also accessible. Use this to understand which directories and their nested paths are available before trying to access files.,2,none,20.0
fs:corp,filesystem,projects/,3,"directory scope 'projects' containing 2 file(s) [csv, sql] — one enumeration exposes all of them",read_file,3,Read the complete contents of a file as text. DEPRECATED: Use read_text_file instead.,,none,
fs:corp,filesystem,projects/,3,"directory scope 'projects' containing 2 file(s) [csv, sql] — one enumeration exposes all of them",read_text_file,3,"Read the complete contents of a file from the file system as text. Handles various text encodings and provides detailed error messages if the file cannot be read. Use this tool when you need to examine the contents of a single file. Use the 'head' parameter to read only the first N lines of a file, or the 'tail' parameter to read only the last N lines of a file. Operates on the file as text regardless of extension. Only works within allowed directories.",4,none,36.0
fs:corp,filesystem,projects/,3,"directory scope 'projects' containing 2 file(s) [csv, sql] — one enumeration exposes all of them",read_media_file,3,Read an image or audio file. Returns the base64 encoded data and MIME type. Only works within allowed directories.,,none,
fs:corp,filesystem,projects/,3,"directory scope 'projects' containing 2 file(s) [csv, sql] — one enumeration exposes all of them",read_multiple_files,3,Read the contents of multiple files simultaneously. This is more efficient than reading files one by one when you need to analyze or compare multiple files. Each file's content is returned with its path as a reference. Failed reads for individual files won't stop the entire operation. Only works within allowed directories.,4,none,36.0
fs:corp,filesystem,projects/,3,"directory scope 'projects' containing 2 file(s) [csv, sql] — one enumeration exposes all of them",write_file,5,Create a new file or completely overwrite an existing file with new content. Use with caution as it will overwrite existing files without warning. Handles text content with proper encoding. Only works within allowed directories.,3,none,45.0
fs:corp,filesystem,projects/,3,"directory scope 'projects' containing 2 file(s) [csv, sql] — one enumeration exposes all of them",edit_file,4,Make line-based edits to a text file. Each edit replaces exact line sequences with new content. Returns a git-style diff showing the changes made. Only works within allowed directories.,3,none,36.0
fs:corp,filesystem,projects/,3,"directory scope 'projects' containing 2 file(s) [csv, sql] — one enumeration exposes all of them",create_directory,4,"Create a new directory or ensure a directory exists. Can create multiple nested directories in one operation. If the directory already exists, this operation will succeed silently. Perfect for setting up directory structures for projects or ensuring required paths exist. Only works within allowed directories.",1,none,12.0
fs:corp,filesystem,projects/,3,"directory scope 'projects' containing 2 file(s) [csv, sql] — one enumeration exposes all of them",list_directory,2,Get a detailed listing of all files and directories in a specified path. Results clearly distinguish between files and directories with [FILE] and [DIR] prefixes. This tool is essential for understanding directory structure and finding specific files within a directory. Only works within allowed directories.,2,none,12.0
fs:corp,filesystem,projects/,3,"directory scope 'projects' containing 2 file(s) [csv, sql] — one enumeration exposes all of them",list_directory_with_sizes,2,"Get a detailed listing of all files and directories in a specified path, including sizes. Results clearly distinguish between files and directories with [FILE] and [DIR] prefixes. This tool is useful for understanding directory structure and finding specific files within a directory. Only works within allowed directories.",2,none,12.0
fs:corp,filesystem,projects/,3,"directory scope 'projects' containing 2 file(s) [csv, sql] — one enumeration exposes all of them",directory_tree,2,"Get a recursive tree view of files and directories as a JSON structure. Each entry includes 'name', 'type' (file/directory), and 'children' for directories. Files have no children array, while directories always have a children array (which may be empty). The output is formatted with 2-space indentation for readability. Only works within allowed directories.",2,none,12.0
fs:corp,filesystem,projects/,3,"directory scope 'projects' containing 2 file(s) [csv, sql] — one enumeration exposes all of them",move_file,4,"Move or rename files and directories. Can move files between directories and rename them in a single operation. If the destination exists, the operation will fail. Works across different directories and can be used for simple renaming within the same directory. Both source and destination must be within allowed directories.",3,none,36.0
fs:corp,filesystem,projects/,3,"directory scope 'projects' containing 2 file(s) [csv, sql] — one enumeration exposes all of them",search_files,2,"Recursively search for files and directories matching a pattern. The patterns should be glob-style patterns that match paths relative to the working directory. Use pattern like '*.ext' to match files in current directory, and '**/*.ext' to match files in all subdirectories. Returns full paths to all matching items. Great for finding files when you don't know their exact location. Only searches within allowed directories.",2,none,12.0
fs:corp,filesystem,projects/,3,"directory scope 'projects' containing 2 file(s) [csv, sql] — one enumeration exposes all of them",get_file_info,2,"Retrieve detailed metadata about a file or directory. Returns comprehensive information including size, creation time, last modified time, permissions, and type. This tool is perfect for understanding file characteristics without reading the actual content. Only works within allowed directories.",2,none,12.0
fs:corp,filesystem,projects/,3,"directory scope 'projects' containing 2 file(s) [csv, sql] — one enumeration exposes all of them",list_allowed_directories,2,Returns the list of directories that this server is allowed to access. Subdirectories within these allowed directories are also accessible. Use this to understand which directories and their nested paths are available before trying to access files.,2,none,12.0
fs:corp,filesystem,sensitive/security/,5,"directory scope 'sensitive/security' containing 2 file(s) [pem, txt] — one enumeration exposes all of them",read_file,3,Read the complete contents of a file as text. DEPRECATED: Use read_text_file instead.,5,b,75.0
fs:corp,filesystem,sensitive/security/,5,"directory scope 'sensitive/security' containing 2 file(s) [pem, txt] — one enumeration exposes all of them",read_text_file,3,"Read the complete contents of a file from the file system as text. Handles various text encodings and provides detailed error messages if the file cannot be read. Use this tool when you need to examine the contents of a single file. Use the 'head' parameter to read only the first N lines of a file, or the 'tail' parameter to read only the last N lines of a file. Operates on the file as text regardless of extension. Only works within allowed directories.",5,b,75.0
fs:corp,filesystem,sensitive/security/,5,"directory scope 'sensitive/security' containing 2 file(s) [pem, txt] — one enumeration exposes all of them",read_media_file,3,Read an image or audio file. Returns the base64 encoded data and MIME type. Only works within allowed directories.,,none,
fs:corp,filesystem,sensitive/security/,5,"directory scope 'sensitive/security' containing 2 file(s) [pem, txt] — one enumeration exposes all of them",read_multiple_files,3,Read the contents of multiple files simultaneously. This is more efficient than reading files one by one when you need to analyze or compare multiple files. Each file's content is returned with its path as a reference. Failed reads for individual files won't stop the entire operation. Only works within allowed directories.,5,b,75.0
fs:corp,filesystem,sensitive/security/,5,"directory scope 'sensitive/security' containing 2 file(s) [pem, txt] — one enumeration exposes all of them",write_file,5,Create a new file or completely overwrite an existing file with new content. Use with caution as it will overwrite existing files without warning. Handles text content with proper encoding. Only works within allowed directories.,5,b,125.0
fs:corp,filesystem,sensitive/security/,5,"directory scope 'sensitive/security' containing 2 file(s) [pem, txt] — one enumeration exposes all of them",edit_file,4,Make line-based edits to a text file. Each edit replaces exact line sequences with new content. Returns a git-style diff showing the changes made. Only works within allowed directories.,5,b,100.0
fs:corp,filesystem,sensitive/security/,5,"directory scope 'sensitive/security' containing 2 file(s) [pem, txt] — one enumeration exposes all of them",create_directory,4,"Create a new directory or ensure a directory exists. Can create multiple nested directories in one operation. If the directory already exists, this operation will succeed silently. Perfect for setting up directory structures for projects or ensuring required paths exist. Only works within allowed directories.",,none,
fs:corp,filesystem,sensitive/security/,5,"directory scope 'sensitive/security' containing 2 file(s) [pem, txt] — one enumeration exposes all of them",list_directory,2,Get a detailed listing of all files and directories in a specified path. Results clearly distinguish between files and directories with [FILE] and [DIR] prefixes. This tool is essential for understanding directory structure and finding specific files within a directory. Only works within allowed directories.,5,b,50.0
fs:corp,filesystem,sensitive/security/,5,"directory scope 'sensitive/security' containing 2 file(s) [pem, txt] — one enumeration exposes all of them",list_directory_with_sizes,2,"Get a detailed listing of all files and directories in a specified path, including sizes. Results clearly distinguish between files and directories with [FILE] and [DIR] prefixes. This tool is useful for understanding directory structure and finding specific files within a directory. Only works within allowed directories.",2,none,20.0
fs:corp,filesystem,sensitive/security/,5,"directory scope 'sensitive/security' containing 2 file(s) [pem, txt] — one enumeration exposes all of them",directory_tree,2,"Get a recursive tree view of files and directories as a JSON structure. Each entry includes 'name', 'type' (file/directory), and 'children' for directories. Files have no children array, while directories always have a children array (which may be empty). The output is formatted with 2-space indentation for readability. Only works within allowed directories.",2,none,20.0
fs:corp,filesystem,sensitive/security/,5,"directory scope 'sensitive/security' containing 2 file(s) [pem, txt] — one enumeration exposes all of them",move_file,4,"Move or rename files and directories. Can move files between directories and rename them in a single operation. If the destination exists, the operation will fail. Works across different directories and can be used for simple renaming within the same directory. Both source and destination must be within allowed directories.",2,none,40.0
fs:corp,filesystem,sensitive/security/,5,"directory scope 'sensitive/security' containing 2 file(s) [pem, txt] — one enumeration exposes all of them",search_files,2,"Recursively search for files and directories matching a pattern. The patterns should be glob-style patterns that match paths relative to the working directory. Use pattern like '*.ext' to match files in current directory, and '**/*.ext' to match files in all subdirectories. Returns full paths to all matching items. Great for finding files when you don't know their exact location. Only searches within allowed directories.",2,none,20.0
fs:corp,filesystem,sensitive/security/,5,"directory scope 'sensitive/security' containing 2 file(s) [pem, txt] — one enumeration exposes all of them",get_file_info,2,"Retrieve detailed metadata about a file or directory. Returns comprehensive information including size, creation time, last modified time, permissions, and type. This tool is perfect for understanding file characteristics without reading the actual content. Only works within allowed directories.",2,none,20.0
fs:corp,filesystem,sensitive/security/,5,"directory scope 'sensitive/security' containing 2 file(s) [pem, txt] — one enumeration exposes all of them",list_allowed_directories,2,Returns the list of directories that this server is allowed to access. Subdirectories within these allowed directories are also accessible. Use this to understand which directories and their nested paths are available before trying to access files.,2,none,20.0
fs:corp,filesystem,onboarding/,2,directory scope 'onboarding' containing 1 file(s) [png] — one enumeration exposes all of them,read_file,3,Read the complete contents of a file as text. DEPRECATED: Use read_text_file instead.,,none,
fs:corp,filesystem,onboarding/,2,directory scope 'onboarding' containing 1 file(s) [png] — one enumeration exposes all of them,read_text_file,3,"Read the complete contents of a file from the file system as text. Handles various text encodings and provides detailed error messages if the file cannot be read. Use this tool when you need to examine the contents of a single file. Use the 'head' parameter to read only the first N lines of a file, or the 'tail' parameter to read only the last N lines of a file. Operates on the file as text regardless of extension. Only works within allowed directories.",,none,
fs:corp,filesystem,onboarding/,2,directory scope 'onboarding' containing 1 file(s) [png] — one enumeration exposes all of them,read_media_file,3,Read an image or audio file. Returns the base64 encoded data and MIME type. Only works within allowed directories.,1,none,6.0
fs:corp,filesystem,onboarding/,2,directory scope 'onboarding' containing 1 file(s) [png] — one enumeration exposes all of them,read_multiple_files,3,Read the contents of multiple files simultaneously. This is more efficient than reading files one by one when you need to analyze or compare multiple files. Each file's content is returned with its path as a reference. Failed reads for individual files won't stop the entire operation. Only works within allowed directories.,1,none,6.0
fs:corp,filesystem,onboarding/,2,directory scope 'onboarding' containing 1 file(s) [png] — one enumeration exposes all of them,write_file,5,Create a new file or completely overwrite an existing file with new content. Use with caution as it will overwrite existing files without warning. Handles text content with proper encoding. Only works within allowed directories.,1,none,10.0
fs:corp,filesystem,onboarding/,2,directory scope 'onboarding' containing 1 file(s) [png] — one enumeration exposes all of them,edit_file,4,Make line-based edits to a text file. Each edit replaces exact line sequences with new content. Returns a git-style diff showing the changes made. Only works within allowed directories.,,none,
fs:corp,filesystem,onboarding/,2,directory scope 'onboarding' containing 1 file(s) [png] — one enumeration exposes all of them,create_directory,4,"Create a new directory or ensure a directory exists. Can create multiple nested directories in one operation. If the directory already exists, this operation will succeed silently. Perfect for setting up directory structures for projects or ensuring required paths exist. Only works within allowed directories.",1,none,8.0
fs:corp,filesystem,onboarding/,2,directory scope 'onboarding' containing 1 file(s) [png] — one enumeration exposes all of them,list_directory,2,Get a detailed listing of all files and directories in a specified path. Results clearly distinguish between files and directories with [FILE] and [DIR] prefixes. This tool is essential for understanding directory structure and finding specific files within a directory. Only works within allowed directories.,4,none,16.0
fs:corp,filesystem,onboarding/,2,directory scope 'onboarding' containing 1 file(s) [png] — one enumeration exposes all of them,list_directory_with_sizes,2,"Get a detailed listing of all files and directories in a specified path, including sizes. Results clearly distinguish between files and directories with [FILE] and [DIR] prefixes. This tool is useful for understanding directory structure and finding specific files within a directory. Only works within allowed directories.",1,none,4.0
fs:corp,filesystem,onboarding/,2,directory scope 'onboarding' containing 1 file(s) [png] — one enumeration exposes all of them,directory_tree,2,"Get a recursive tree view of files and directories as a JSON structure. Each entry includes 'name', 'type' (file/directory), and 'children' for directories. Files have no children array, while directories always have a children array (which may be empty). The output is formatted with 2-space indentation for readability. Only works within allowed directories.",1,none,4.0
fs:corp,filesystem,onboarding/,2,directory scope 'onboarding' containing 1 file(s) [png] — one enumeration exposes all of them,move_file,4,"Move or rename files and directories. Can move files between directories and rename them in a single operation. If the destination exists, the operation will fail. Works across different directories and can be used for simple renaming within the same directory. Both source and destination must be within allowed directories.",1,none,8.0
fs:corp,filesystem,onboarding/,2,directory scope 'onboarding' containing 1 file(s) [png] — one enumeration exposes all of them,search_files,2,"Recursively search for files and directories matching a pattern. The patterns should be glob-style patterns that match paths relative to the working directory. Use pattern like '*.ext' to match files in current directory, and '**/*.ext' to match files in all subdirectories. Returns full paths to all matching items. Great for finding files when you don't know their exact location. Only searches within allowed directories.",1,none,4.0
fs:corp,filesystem,onboarding/,2,directory scope 'onboarding' containing 1 file(s) [png] — one enumeration exposes all of them,get_file_info,2,"Retrieve detailed metadata about a file or directory. Returns comprehensive information including size, creation time, last modified time, permissions, and type. This tool is perfect for understanding file characteristics without reading the actual content. Only works within allowed directories.",1,none,4.0
fs:corp,filesystem,onboarding/,2,directory scope 'onboarding' containing 1 file(s) [png] — one enumeration exposes all of them,list_allowed_directories,2,Returns the list of directories that this server is allowed to access. Subdirectories within these allowed directories are also accessible. Use this to understand which directories and their nested paths are available before trying to access files.,1,none,4.0
fs:corp,filesystem,sensitive/financials/,4,directory scope 'sensitive/financials' containing 1 file(s) [csv] — one enumeration exposes all of them,read_file,3,Read the complete contents of a file as text. DEPRECATED: Use read_text_file instead.,1,none,12.0
fs:corp,filesystem,sensitive/financials/,4,directory scope 'sensitive/financials' containing 1 file(s) [csv] — one enumeration exposes all of them,read_text_file,3,"Read the complete contents of a file from the file system as text. Handles various text encodings and provides detailed error messages if the file cannot be read. Use this tool when you need to examine the contents of a single file. Use the 'head' parameter to read only the first N lines of a file, or the 'tail' parameter to read only the last N lines of a file. Operates on the file as text regardless of extension. Only works within allowed directories.",5,c,60.0
fs:corp,filesystem,sensitive/financials/,4,directory scope 'sensitive/financials' containing 1 file(s) [csv] — one enumeration exposes all of them,read_media_file,3,Read an image or audio file. Returns the base64 encoded data and MIME type. Only works within allowed directories.,,none,
fs:corp,filesystem,sensitive/financials/,4,directory scope 'sensitive/financials' containing 1 file(s) [csv] — one enumeration exposes all of them,read_multiple_files,3,Read the contents of multiple files simultaneously. This is more efficient than reading files one by one when you need to analyze or compare multiple files. Each file's content is returned with its path as a reference. Failed reads for individual files won't stop the entire operation. Only works within allowed directories.,4,none,48.0
fs:corp,filesystem,sensitive/financials/,4,directory scope 'sensitive/financials' containing 1 file(s) [csv] — one enumeration exposes all of them,write_file,5,Create a new file or completely overwrite an existing file with new content. Use with caution as it will overwrite existing files without warning. Handles text content with proper encoding. Only works within allowed directories.,4,none,80.0
fs:corp,filesystem,sensitive/financials/,4,directory scope 'sensitive/financials' containing 1 file(s) [csv] — one enumeration exposes all of them,edit_file,4,Make line-based edits to a text file. Each edit replaces exact line sequences with new content. Returns a git-style diff showing the changes made. Only works within allowed directories.,4,none,64.0
fs:corp,filesystem,sensitive/financials/,4,directory scope 'sensitive/financials' containing 1 file(s) [csv] — one enumeration exposes all of them,create_directory,4,"Create a new directory or ensure a directory exists. Can create multiple nested directories in one operation. If the directory already exists, this operation will succeed silently. Perfect for setting up directory structures for projects or ensuring required paths exist. Only works within allowed directories.",,none,
fs:corp,filesystem,sensitive/financials/,4,directory scope 'sensitive/financials' containing 1 file(s) [csv] — one enumeration exposes all of them,list_directory,2,Get a detailed listing of all files and directories in a specified path. Results clearly distinguish between files and directories with [FILE] and [DIR] prefixes. This tool is essential for understanding directory structure and finding specific files within a directory. Only works within allowed directories.,1,none,8.0
fs:corp,filesystem,sensitive/financials/,4,directory scope 'sensitive/financials' containing 1 file(s) [csv] — one enumeration exposes all of them,list_directory_with_sizes,2,"Get a detailed listing of all files and directories in a specified path, including sizes. Results clearly distinguish between files and directories with [FILE] and [DIR] prefixes. This tool is useful for understanding directory structure and finding specific files within a directory. Only works within allowed directories.",1,none,8.0
fs:corp,filesystem,sensitive/financials/,4,directory scope 'sensitive/financials' containing 1 file(s) [csv] — one enumeration exposes all of them,directory_tree,2,"Get a recursive tree view of files and directories as a JSON structure. Each entry includes 'name', 'type' (file/directory), and 'children' for directories. Files have no children array, while directories always have a children array (which may be empty). The output is formatted with 2-space indentation for readability. Only works within allowed directories.",2,none,16.0
fs:corp,filesystem,sensitive/financials/,4,directory scope 'sensitive/financials' containing 1 file(s) [csv] — one enumeration exposes all of them,move_file,4,"Move or rename files and directories. Can move files between directories and rename them in a single operation. If the destination exists, the operation will fail. Works across different directories and can be used for simple renaming within the same directory. Both source and destination must be within allowed directories.",3,none,48.0
fs:corp,filesystem,sensitive/financials/,4,directory scope 'sensitive/financials' containing 1 file(s) [csv] — one enumeration exposes all of them,search_files,2,"Recursively search for files and directories matching a pattern. The patterns should be glob-style patterns that match paths relative to the working directory. Use pattern like '*.ext' to match files in current directory, and '**/*.ext' to match files in all subdirectories. Returns full paths to all matching items. Great for finding files when you don't know their exact location. Only searches within allowed directories.",1,none,8.0
fs:corp,filesystem,sensitive/financials/,4,directory scope 'sensitive/financials' containing 1 file(s) [csv] — one enumeration exposes all of them,get_file_info,2,"Retrieve detailed metadata about a file or directory. Returns comprehensive information including size, creation time, last modified time, permissions, and type. This tool is perfect for understanding file characteristics without reading the actual content. Only works within allowed directories.",4,none,32.0
fs:corp,filesystem,sensitive/financials/,4,directory scope 'sensitive/financials' containing 1 file(s) [csv] — one enumeration exposes all of them,list_allowed_directories,2,Returns the list of directories that this server is allowed to access. Subdirectories within these allowed directories are also accessible. Use this to understand which directories and their nested paths are available before trying to access files.,2,none,16.0
fs:corp,filesystem,source_code/,4,directory scope 'source_code' containing 1 file(s) [c] — one enumeration exposes all of them,read_file,3,Read the complete contents of a file as text. DEPRECATED: Use read_text_file instead.,,none,
fs:corp,filesystem,source_code/,4,directory scope 'source_code' containing 1 file(s) [c] — one enumeration exposes all of them,read_text_file,3,"Read the complete contents of a file from the file system as text. Handles various text encodings and provides detailed error messages if the file cannot be read. Use this tool when you need to examine the contents of a single file. Use the 'head' parameter to read only the first N lines of a file, or the 'tail' parameter to read only the last N lines of a file. Operates on the file as text regardless of extension. Only works within allowed directories.",4,none,48.0
fs:corp,filesystem,source_code/,4,directory scope 'source_code' containing 1 file(s) [c] — one enumeration exposes all of them,read_media_file,3,Read an image or audio file. Returns the base64 encoded data and MIME type. Only works within allowed directories.,,none,
fs:corp,filesystem,source_code/,4,directory scope 'source_code' containing 1 file(s) [c] — one enumeration exposes all of them,read_multiple_files,3,Read the contents of multiple files simultaneously. This is more efficient than reading files one by one when you need to analyze or compare multiple files. Each file's content is returned with its path as a reference. Failed reads for individual files won't stop the entire operation. Only works within allowed directories.,5,b,60.0
fs:corp,filesystem,source_code/,4,directory scope 'source_code' containing 1 file(s) [c] — one enumeration exposes all of them,write_file,5,Create a new file or completely overwrite an existing file with new content. Use with caution as it will overwrite existing files without warning. Handles text content with proper encoding. Only works within allowed directories.,4,none,80.0
fs:corp,filesystem,source_code/,4,directory scope 'source_code' containing 1 file(s) [c] — one enumeration exposes all of them,edit_file,4,Make line-based edits to a text file. Each edit replaces exact line sequences with new content. Returns a git-style diff showing the changes made. Only works within allowed directories.,4,none,64.0
fs:corp,filesystem,source_code/,4,directory scope 'source_code' containing 1 file(s) [c] — one enumeration exposes all of them,create_directory,4,"Create a new directory or ensure a directory exists. Can create multiple nested directories in one operation. If the directory already exists, this operation will succeed silently. Perfect for setting up directory structures for projects or ensuring required paths exist. Only works within allowed directories.",,none,
fs:corp,filesystem,source_code/,4,directory scope 'source_code' containing 1 file(s) [c] — one enumeration exposes all of them,list_directory,2,Get a detailed listing of all files and directories in a specified path. Results clearly distinguish between files and directories with [FILE] and [DIR] prefixes. This tool is essential for understanding directory structure and finding specific files within a directory. Only works within allowed directories.,1,none,8.0
fs:corp,filesystem,source_code/,4,directory scope 'source_code' containing 1 file(s) [c] — one enumeration exposes all of them,list_directory_with_sizes,2,"Get a detailed listing of all files and directories in a specified path, including sizes. Results clearly distinguish between files and directories with [FILE] and [DIR] prefixes. This tool is useful for understanding directory structure and finding specific files within a directory. Only works within allowed directories.",1,none,8.0
fs:corp,filesystem,source_code/,4,directory scope 'source_code' containing 1 file(s) [c] — one enumeration exposes all of them,directory_tree,2,"Get a recursive tree view of files and directories as a JSON structure. Each entry includes 'name', 'type' (file/directory), and 'children' for directories. Files have no children array, while directories always have a children array (which may be empty). The output is formatted with 2-space indentation for readability. Only works within allowed directories.",4,none,32.0
fs:corp,filesystem,source_code/,4,directory scope 'source_code' containing 1 file(s) [c] — one enumeration exposes all of them,move_file,4,"Move or rename files and directories. Can move files between directories and rename them in a single operation. If the destination exists, the operation will fail. Works across different directories and can be used for simple renaming within the same directory. Both source and destination must be within allowed directories.",1,none,16.0
fs:corp,filesystem,source_code/,4,directory scope 'source_code' containing 1 file(s) [c] — one enumeration exposes all of them,search_files,2,"Recursively search for files and directories matching a pattern. The patterns should be glob-style patterns that match paths relative to the working directory. Use pattern like '*.ext' to match files in current directory, and '**/*.ext' to match files in all subdirectories. Returns full paths to all matching items. Great for finding files when you don't know their exact location. Only searches within allowed directories.",1,none,8.0
fs:corp,filesystem,source_code/,4,directory scope 'source_code' containing 1 file(s) [c] — one enumeration exposes all of them,get_file_info,2,"Retrieve detailed metadata about a file or directory. Returns comprehensive information including size, creation time, last modified time, permissions, and type. This tool is perfect for understanding file characteristics without reading the actual content. Only works within allowed directories.",4,none,32.0
fs:corp,filesystem,source_code/,4,directory scope 'source_code' containing 1 file(s) [c] — one enumeration exposes all of them,list_allowed_directories,2,Returns the list of directories that this server is allowed to access. Subdirectories within these allowed directories are also accessible. Use this to understand which directories and their nested paths are available before trying to access files.,1,none,8.0
fs:corp,filesystem,file-contents,5,(auto-generated asset to home an uncovered tool; description not persisted),read_file,3,Read the complete contents of a file as text. DEPRECATED: Use read_text_file instead.,5,b,75.0
fs:corp,filesystem,file-contents,5,(auto-generated asset to home an uncovered tool; description not persisted),read_text_file,3,"Read the complete contents of a file from the file system as text. Handles various text encodings and provides detailed error messages if the file cannot be read. Use this tool when you need to examine the contents of a single file. Use the 'head' parameter to read only the first N lines of a file, or the 'tail' parameter to read only the last N lines of a file. Operates on the file as text regardless of extension. Only works within allowed directories.",5,b,75.0
fs:corp,filesystem,file-contents,5,(auto-generated asset to home an uncovered tool; description not persisted),read_media_file,3,Read an image or audio file. Returns the base64 encoded data and MIME type. Only works within allowed directories.,1,none,15.0
fs:corp,filesystem,file-contents,5,(auto-generated asset to home an uncovered tool; description not persisted),read_multiple_files,3,Read the contents of multiple files simultaneously. This is more efficient than reading files one by one when you need to analyze or compare multiple files. Each file's content is returned with its path as a reference. Failed reads for individual files won't stop the entire operation. Only works within allowed directories.,5,b,75.0
fs:corp,filesystem,file-contents,5,(auto-generated asset to home an uncovered tool; description not persisted),write_file,5,Create a new file or completely overwrite an existing file with new content. Use with caution as it will overwrite existing files without warning. Handles text content with proper encoding. Only works within allowed directories.,,none,
fs:corp,filesystem,file-contents,5,(auto-generated asset to home an uncovered tool; description not persisted),edit_file,4,Make line-based edits to a text file. Each edit replaces exact line sequences with new content. Returns a git-style diff showing the changes made. Only works within allowed directories.,1,none,20.0
fs:corp,filesystem,file-contents,5,(auto-generated asset to home an uncovered tool; description not persisted),create_directory,4,"Create a new directory or ensure a directory exists. Can create multiple nested directories in one operation. If the directory already exists, this operation will succeed silently. Perfect for setting up directory structures for projects or ensuring required paths exist. Only works within allowed directories.",,none,
fs:corp,filesystem,file-contents,5,(auto-generated asset to home an uncovered tool; description not persisted),list_directory,2,Get a detailed listing of all files and directories in a specified path. Results clearly distinguish between files and directories with [FILE] and [DIR] prefixes. This tool is essential for understanding directory structure and finding specific files within a directory. Only works within allowed directories.,,none,
fs:corp,filesystem,file-contents,5,(auto-generated asset to home an uncovered tool; description not persisted),list_directory_with_sizes,2,"Get a detailed listing of all files and directories in a specified path, including sizes. Results clearly distinguish between files and directories with [FILE] and [DIR] prefixes. This tool is useful for understanding directory structure and finding specific files within a directory. Only works within allowed directories.",,none,
fs:corp,filesystem,file-contents,5,(auto-generated asset to home an uncovered tool; description not persisted),directory_tree,2,"Get a recursive tree view of files and directories as a JSON structure. Each entry includes 'name', 'type' (file/directory), and 'children' for directories. Files have no children array, while directories always have a children array (which may be empty). The output is formatted with 2-space indentation for readability. Only works within allowed directories.",,none,
fs:corp,filesystem,file-contents,5,(auto-generated asset to home an uncovered tool; description not persisted),move_file,4,"Move or rename files and directories. Can move files between directories and rename them in a single operation. If the destination exists, the operation will fail. Works across different directories and can be used for simple renaming within the same directory. Both source and destination must be within allowed directories.",,none,
fs:corp,filesystem,file-contents,5,(auto-generated asset to home an uncovered tool; description not persisted),search_files,2,"Recursively search for files and directories matching a pattern. The patterns should be glob-style patterns that match paths relative to the working directory. Use pattern like '*.ext' to match files in current directory, and '**/*.ext' to match files in all subdirectories. Returns full paths to all matching items. Great for finding files when you don't know their exact location. Only searches within allowed directories.",,none,
fs:corp,filesystem,file-contents,5,(auto-generated asset to home an uncovered tool; description not persisted),get_file_info,2,"Retrieve detailed metadata about a file or directory. Returns comprehensive information including size, creation time, last modified time, permissions, and type. This tool is perfect for understanding file characteristics without reading the actual content. Only works within allowed directories.",,none,
fs:corp,filesystem,file-contents,5,(auto-generated asset to home an uncovered tool; description not persisted),list_allowed_directories,2,Returns the list of directories that this server is allowed to access. Subdirectories within these allowed directories are also accessible. Use this to understand which directories and their nested paths are available before trying to access files.,,none,
fs:corp,filesystem,media-records,2,(auto-generated asset to home an uncovered tool; description not persisted),read_file,3,Read the complete contents of a file as text. DEPRECATED: Use read_text_file instead.,,none,
fs:corp,filesystem,media-records,2,(auto-generated asset to home an uncovered tool; description not persisted),read_text_file,3,"Read the complete contents of a file from the file system as text. Handles various text encodings and provides detailed error messages if the file cannot be read. Use this tool when you need to examine the contents of a single file. Use the 'head' parameter to read only the first N lines of a file, or the 'tail' parameter to read only the last N lines of a file. Operates on the file as text regardless of extension. Only works within allowed directories.",,none,
fs:corp,filesystem,media-records,2,(auto-generated asset to home an uncovered tool; description not persisted),read_media_file,3,Read an image or audio file. Returns the base64 encoded data and MIME type. Only works within allowed directories.,1,none,6.0
fs:corp,filesystem,media-records,2,(auto-generated asset to home an uncovered tool; description not persisted),read_multiple_files,3,Read the contents of multiple files simultaneously. This is more efficient than reading files one by one when you need to analyze or compare multiple files. Each file's content is returned with its path as a reference. Failed reads for individual files won't stop the entire operation. Only works within allowed directories.,4,none,24.0
fs:corp,filesystem,media-records,2,(auto-generated asset to home an uncovered tool; description not persisted),write_file,5,Create a new file or completely overwrite an existing file with new content. Use with caution as it will overwrite existing files without warning. Handles text content with proper encoding. Only works within allowed directories.,,none,
fs:corp,filesystem,media-records,2,(auto-generated asset to home an uncovered tool; description not persisted),edit_file,4,Make line-based edits to a text file. Each edit replaces exact line sequences with new content. Returns a git-style diff showing the changes made. Only works within allowed directories.,,none,
fs:corp,filesystem,media-records,2,(auto-generated asset to home an uncovered tool; description not persisted),create_directory,4,"Create a new directory or ensure a directory exists. Can create multiple nested directories in one operation. If the directory already exists, this operation will succeed silently. Perfect for setting up directory structures for projects or ensuring required paths exist. Only works within allowed directories.",,none,
fs:corp,filesystem,media-records,2,(auto-generated asset to home an uncovered tool; description not persisted),list_directory,2,Get a detailed listing of all files and directories in a specified path. Results clearly distinguish between files and directories with [FILE] and [DIR] prefixes. This tool is essential for understanding directory structure and finding specific files within a directory. Only works within allowed directories.,,none,
fs:corp,filesystem,media-records,2,(auto-generated asset to home an uncovered tool; description not persisted),list_directory_with_sizes,2,"Get a detailed listing of all files and directories in a specified path, including sizes. Results clearly distinguish between files and directories with [FILE] and [DIR] prefixes. This tool is useful for understanding directory structure and finding specific files within a directory. Only works within allowed directories.",,none,
fs:corp,filesystem,media-records,2,(auto-generated asset to home an uncovered tool; description not persisted),directory_tree,2,"Get a recursive tree view of files and directories as a JSON structure. Each entry includes 'name', 'type' (file/directory), and 'children' for directories. Files have no children array, while directories always have a children array (which may be empty). The output is formatted with 2-space indentation for readability. Only works within allowed directories.",,none,
fs:corp,filesystem,media-records,2,(auto-generated asset to home an uncovered tool; description not persisted),move_file,4,"Move or rename files and directories. Can move files between directories and rename them in a single operation. If the destination exists, the operation will fail. Works across different directories and can be used for simple renaming within the same directory. Both source and destination must be within allowed directories.",,none,
fs:corp,filesystem,media-records,2,(auto-generated asset to home an uncovered tool; description not persisted),search_files,2,"Recursively search for files and directories matching a pattern. The patterns should be glob-style patterns that match paths relative to the working directory. Use pattern like '*.ext' to match files in current directory, and '**/*.ext' to match files in all subdirectories. Returns full paths to all matching items. Great for finding files when you don't know their exact location. Only searches within allowed directories.",2,none,8.0
fs:corp,filesystem,media-records,2,(auto-generated asset to home an uncovered tool; description not persisted),get_file_info,2,"Retrieve detailed metadata about a file or directory. Returns comprehensive information including size, creation time, last modified time, permissions, and type. This tool is perfect for understanding file characteristics without reading the actual content. Only works within allowed directories.",,none,
fs:corp,filesystem,media-records,2,(auto-generated asset to home an uncovered tool; description not persisted),list_allowed_directories,2,Returns the list of directories that this server is allowed to access. Subdirectories within these allowed directories are also accessible. Use this to understand which directories and their nested paths are available before trying to access files.,,none,
fs:corp,filesystem,file-records,3,(auto-generated asset to home an uncovered tool; description not persisted),read_file,3,Read the complete contents of a file as text. DEPRECATED: Use read_text_file instead.,1,none,9.0
fs:corp,filesystem,file-records,3,(auto-generated asset to home an uncovered tool; description not persisted),read_text_file,3,"Read the complete contents of a file from the file system as text. Handles various text encodings and provides detailed error messages if the file cannot be read. Use this tool when you need to examine the contents of a single file. Use the 'head' parameter to read only the first N lines of a file, or the 'tail' parameter to read only the last N lines of a file. Operates on the file as text regardless of extension. Only works within allowed directories.",1,none,9.0
fs:corp,filesystem,file-records,3,(auto-generated asset to home an uncovered tool; description not persisted),read_media_file,3,Read an image or audio file. Returns the base64 encoded data and MIME type. Only works within allowed directories.,,none,
fs:corp,filesystem,file-records,3,(auto-generated asset to home an uncovered tool; description not persisted),read_multiple_files,3,Read the contents of multiple files simultaneously. This is more efficient than reading files one by one when you need to analyze or compare multiple files. Each file's content is returned with its path as a reference. Failed reads for individual files won't stop the entire operation. Only works within allowed directories.,3,none,27.0
fs:corp,filesystem,file-records,3,(auto-generated asset to home an uncovered tool; description not persisted),write_file,5,Create a new file or completely overwrite an existing file with new content. Use with caution as it will overwrite existing files without warning. Handles text content with proper encoding. Only works within allowed directories.,1,none,15.0
fs:corp,filesystem,file-records,3,(auto-generated asset to home an uncovered tool; description not persisted),edit_file,4,Make line-based edits to a text file. Each edit replaces exact line sequences with new content. Returns a git-style diff showing the changes made. Only works within allowed directories.,3,none,36.0
fs:corp,filesystem,file-records,3,(auto-generated asset to home an uncovered tool; description not persisted),create_directory,4,"Create a new directory or ensure a directory exists. Can create multiple nested directories in one operation. If the directory already exists, this operation will succeed silently. Perfect for setting up directory structures for projects or ensuring required paths exist. Only works within allowed directories.",,none,
fs:corp,filesystem,file-records,3,(auto-generated asset to home an uncovered tool; description not persisted),list_directory,2,Get a detailed listing of all files and directories in a specified path. Results clearly distinguish between files and directories with [FILE] and [DIR] prefixes. This tool is essential for understanding directory structure and finding specific files within a directory. Only works within allowed directories.,,none,
fs:corp,filesystem,file-records,3,(auto-generated asset to home an uncovered tool; description not persisted),list_directory_with_sizes,2,"Get a detailed listing of all files and directories in a specified path, including sizes. Results clearly distinguish between files and directories with [FILE] and [DIR] prefixes. This tool is useful for understanding directory structure and finding specific files within a directory. Only works within allowed directories.",,none,
fs:corp,filesystem,file-records,3,(auto-generated asset to home an uncovered tool; description not persisted),directory_tree,2,"Get a recursive tree view of files and directories as a JSON structure. Each entry includes 'name', 'type' (file/directory), and 'children' for directories. Files have no children array, while directories always have a children array (which may be empty). The output is formatted with 2-space indentation for readability. Only works within allowed directories.",,none,
fs:corp,filesystem,file-records,3,(auto-generated asset to home an uncovered tool; description not persisted),move_file,4,"Move or rename files and directories. Can move files between directories and rename them in a single operation. If the destination exists, the operation will fail. Works across different directories and can be used for simple renaming within the same directory. Both source and destination must be within allowed directories.",2,none,24.0
fs:corp,filesystem,file-records,3,(auto-generated asset to home an uncovered tool; description not persisted),search_files,2,"Recursively search for files and directories matching a pattern. The patterns should be glob-style patterns that match paths relative to the working directory. Use pattern like '*.ext' to match files in current directory, and '**/*.ext' to match files in all subdirectories. Returns full paths to all matching items. Great for finding files when you don't know their exact location. Only searches within allowed directories.",,none,
fs:corp,filesystem,file-records,3,(auto-generated asset to home an uncovered tool; description not persisted),get_file_info,2,"Retrieve detailed metadata about a file or directory. Returns comprehensive information including size, creation time, last modified time, permissions, and type. This tool is perfect for understanding file characteristics without reading the actual content. Only works within allowed directories.",,none,
fs:corp,filesystem,file-records,3,(auto-generated asset to home an uncovered tool; description not persisted),list_allowed_directories,2,Returns the list of directories that this server is allowed to access. Subdirectories within these allowed directories are also accessible. Use this to understand which directories and their nested paths are available before trying to access files.,,none,
fs:corp,filesystem,directory-structure,1,(auto-generated asset to home an uncovered tool; description not persisted),read_file,3,Read the complete contents of a file as text. DEPRECATED: Use read_text_file instead.,,none,
fs:corp,filesystem,directory-structure,1,(auto-generated asset to home an uncovered tool; description not persisted),read_text_file,3,"Read the complete contents of a file from the file system as text. Handles various text encodings and provides detailed error messages if the file cannot be read. Use this tool when you need to examine the contents of a single file. Use the 'head' parameter to read only the first N lines of a file, or the 'tail' parameter to read only the last N lines of a file. Operates on the file as text regardless of extension. Only works within allowed directories.",,none,
fs:corp,filesystem,directory-structure,1,(auto-generated asset to home an uncovered tool; description not persisted),read_media_file,3,Read an image or audio file. Returns the base64 encoded data and MIME type. Only works within allowed directories.,,none,
fs:corp,filesystem,directory-structure,1,(auto-generated asset to home an uncovered tool; description not persisted),read_multiple_files,3,Read the contents of multiple files simultaneously. This is more efficient than reading files one by one when you need to analyze or compare multiple files. Each file's content is returned with its path as a reference. Failed reads for individual files won't stop the entire operation. Only works within allowed directories.,,none,
fs:corp,filesystem,directory-structure,1,(auto-generated asset to home an uncovered tool; description not persisted),write_file,5,Create a new file or completely overwrite an existing file with new content. Use with caution as it will overwrite existing files without warning. Handles text content with proper encoding. Only works within allowed directories.,,none,
fs:corp,filesystem,directory-structure,1,(auto-generated asset to home an uncovered tool; description not persisted),edit_file,4,Make line-based edits to a text file. Each edit replaces exact line sequences with new content. Returns a git-style diff showing the changes made. Only works within allowed directories.,,none,
fs:corp,filesystem,directory-structure,1,(auto-generated asset to home an uncovered tool; description not persisted),create_directory,4,"Create a new directory or ensure a directory exists. Can create multiple nested directories in one operation. If the directory already exists, this operation will succeed silently. Perfect for setting up directory structures for projects or ensuring required paths exist. Only works within allowed directories.",3,none,12.0
fs:corp,filesystem,directory-structure,1,(auto-generated asset to home an uncovered tool; description not persisted),list_directory,2,Get a detailed listing of all files and directories in a specified path. Results clearly distinguish between files and directories with [FILE] and [DIR] prefixes. This tool is essential for understanding directory structure and finding specific files within a directory. Only works within allowed directories.,4,none,8.0
fs:corp,filesystem,directory-structure,1,(auto-generated asset to home an uncovered tool; description not persisted),list_directory_with_sizes,2,"Get a detailed listing of all files and directories in a specified path, including sizes. Results clearly distinguish between files and directories with [FILE] and [DIR] prefixes. This tool is useful for understanding directory structure and finding specific files within a directory. Only works within allowed directories.",4,none,8.0
fs:corp,filesystem,directory-structure,1,(auto-generated asset to home an uncovered tool; description not persisted),directory_tree,2,"Get a recursive tree view of files and directories as a JSON structure. Each entry includes 'name', 'type' (file/directory), and 'children' for directories. Files have no children array, while directories always have a children array (which may be empty). The output is formatted with 2-space indentation for readability. Only works within allowed directories.",4,none,8.0
fs:corp,filesystem,directory-structure,1,(auto-generated asset to home an uncovered tool; description not persisted),move_file,4,"Move or rename files and directories. Can move files between directories and rename them in a single operation. If the destination exists, the operation will fail. Works across different directories and can be used for simple renaming within the same directory. Both source and destination must be within allowed directories.",3,none,12.0
fs:corp,filesystem,directory-structure,1,(auto-generated asset to home an uncovered tool; description not persisted),search_files,2,"Recursively search for files and directories matching a pattern. The patterns should be glob-style patterns that match paths relative to the working directory. Use pattern like '*.ext' to match files in current directory, and '**/*.ext' to match files in all subdirectories. Returns full paths to all matching items. Great for finding files when you don't know their exact location. Only searches within allowed directories.",4,none,8.0
fs:corp,filesystem,directory-structure,1,(auto-generated asset to home an uncovered tool; description not persisted),get_file_info,2,"Retrieve detailed metadata about a file or directory. Returns comprehensive information including size, creation time, last modified time, permissions, and type. This tool is perfect for understanding file characteristics without reading the actual content. Only works within allowed directories.",,none,
fs:corp,filesystem,directory-structure,1,(auto-generated asset to home an uncovered tool; description not persisted),list_allowed_directories,2,Returns the list of directories that this server is allowed to access. Subdirectories within these allowed directories are also accessible. Use this to understand which directories and their nested paths are available before trying to access files.,4,none,8.0
fs:corp,filesystem,directory-contents,2,(auto-generated asset to home an uncovered tool; description not persisted),read_file,3,Read the complete contents of a file as text. DEPRECATED: Use read_text_file instead.,,none,
fs:corp,filesystem,directory-contents,2,(auto-generated asset to home an uncovered tool; description not persisted),read_text_file,3,"Read the complete contents of a file from the file system as text. Handles various text encodings and provides detailed error messages if the file cannot be read. Use this tool when you need to examine the contents of a single file. Use the 'head' parameter to read only the first N lines of a file, or the 'tail' parameter to read only the last N lines of a file. Operates on the file as text regardless of extension. Only works within allowed directories.",,none,
fs:corp,filesystem,directory-contents,2,(auto-generated asset to home an uncovered tool; description not persisted),read_media_file,3,Read an image or audio file. Returns the base64 encoded data and MIME type. Only works within allowed directories.,,none,
fs:corp,filesystem,directory-contents,2,(auto-generated asset to home an uncovered tool; description not persisted),read_multiple_files,3,Read the contents of multiple files simultaneously. This is more efficient than reading files one by one when you need to analyze or compare multiple files. Each file's content is returned with its path as a reference. Failed reads for individual files won't stop the entire operation. Only works within allowed directories.,4,none,24.0
fs:corp,filesystem,directory-contents,2,(auto-generated asset to home an uncovered tool; description not persisted),write_file,5,Create a new file or completely overwrite an existing file with new content. Use with caution as it will overwrite existing files without warning. Handles text content with proper encoding. Only works within allowed directories.,,none,
fs:corp,filesystem,directory-contents,2,(auto-generated asset to home an uncovered tool; description not persisted),edit_file,4,Make line-based edits to a text file. Each edit replaces exact line sequences with new content. Returns a git-style diff showing the changes made. Only works within allowed directories.,,none,
fs:corp,filesystem,directory-contents,2,(auto-generated asset to home an uncovered tool; description not persisted),create_directory,4,"Create a new directory or ensure a directory exists. Can create multiple nested directories in one operation. If the directory already exists, this operation will succeed silently. Perfect for setting up directory structures for projects or ensuring required paths exist. Only works within allowed directories.",,none,
fs:corp,filesystem,directory-contents,2,(auto-generated asset to home an uncovered tool; description not persisted),list_directory,2,Get a detailed listing of all files and directories in a specified path. Results clearly distinguish between files and directories with [FILE] and [DIR] prefixes. This tool is essential for understanding directory structure and finding specific files within a directory. Only works within allowed directories.,4,none,16.0
fs:corp,filesystem,directory-contents,2,(auto-generated asset to home an uncovered tool; description not persisted),list_directory_with_sizes,2,"Get a detailed listing of all files and directories in a specified path, including sizes. Results clearly distinguish between files and directories with [FILE] and [DIR] prefixes. This tool is useful for understanding directory structure and finding specific files within a directory. Only works within allowed directories.",4,none,16.0
fs:corp,filesystem,directory-contents,2,(auto-generated asset to home an uncovered tool; description not persisted),directory_tree,2,"Get a recursive tree view of files and directories as a JSON structure. Each entry includes 'name', 'type' (file/directory), and 'children' for directories. Files have no children array, while directories always have a children array (which may be empty). The output is formatted with 2-space indentation for readability. Only works within allowed directories.",4,none,16.0
fs:corp,filesystem,directory-contents,2,(auto-generated asset to home an uncovered tool; description not persisted),move_file,4,"Move or rename files and directories. Can move files between directories and rename them in a single operation. If the destination exists, the operation will fail. Works across different directories and can be used for simple renaming within the same directory. Both source and destination must be within allowed directories.",,none,
fs:corp,filesystem,directory-contents,2,(auto-generated asset to home an uncovered tool; description not persisted),search_files,2,"Recursively search for files and directories matching a pattern. The patterns should be glob-style patterns that match paths relative to the working directory. Use pattern like '*.ext' to match files in current directory, and '**/*.ext' to match files in all subdirectories. Returns full paths to all matching items. Great for finding files when you don't know their exact location. Only searches within allowed directories.",4,none,16.0
fs:corp,filesystem,directory-contents,2,(auto-generated asset to home an uncovered tool; description not persisted),get_file_info,2,"Retrieve detailed metadata about a file or directory. Returns comprehensive information including size, creation time, last modified time, permissions, and type. This tool is perfect for understanding file characteristics without reading the actual content. Only works within allowed directories.",3,none,12.0
fs:corp,filesystem,directory-contents,2,(auto-generated asset to home an uncovered tool; description not persisted),list_allowed_directories,2,Returns the list of directories that this server is allowed to access. Subdirectories within these allowed directories are also accessible. Use this to understand which directories and their nested paths are available before trying to access files.,2,none,8.0
fs:corp,filesystem,file-directory,4,(auto-generated asset to home an uncovered tool; description not persisted),read_file,3,Read the complete contents of a file as text. DEPRECATED: Use read_text_file instead.,,none,
fs:corp,filesystem,file-directory,4,(auto-generated asset to home an uncovered tool; description not persisted),read_text_file,3,"Read the complete contents of a file from the file system as text. Handles various text encodings and provides detailed error messages if the file cannot be read. Use this tool when you need to examine the contents of a single file. Use the 'head' parameter to read only the first N lines of a file, or the 'tail' parameter to read only the last N lines of a file. Operates on the file as text regardless of extension. Only works within allowed directories.",,none,
fs:corp,filesystem,file-directory,4,(auto-generated asset to home an uncovered tool; description not persisted),read_media_file,3,Read an image or audio file. Returns the base64 encoded data and MIME type. Only works within allowed directories.,,none,
fs:corp,filesystem,file-directory,4,(auto-generated asset to home an uncovered tool; description not persisted),read_multiple_files,3,Read the contents of multiple files simultaneously. This is more efficient than reading files one by one when you need to analyze or compare multiple files. Each file's content is returned with its path as a reference. Failed reads for individual files won't stop the entire operation. Only works within allowed directories.,,none,
fs:corp,filesystem,file-directory,4,(auto-generated asset to home an uncovered tool; description not persisted),write_file,5,Create a new file or completely overwrite an existing file with new content. Use with caution as it will overwrite existing files without warning. Handles text content with proper encoding. Only works within allowed directories.,3,none,60.0
fs:corp,filesystem,file-directory,4,(auto-generated asset to home an uncovered tool; description not persisted),edit_file,4,Make line-based edits to a text file. Each edit replaces exact line sequences with new content. Returns a git-style diff showing the changes made. Only works within allowed directories.,3,none,48.0
fs:corp,filesystem,file-directory,4,(auto-generated asset to home an uncovered tool; description not persisted),create_directory,4,"Create a new directory or ensure a directory exists. Can create multiple nested directories in one operation. If the directory already exists, this operation will succeed silently. Perfect for setting up directory structures for projects or ensuring required paths exist. Only works within allowed directories.",3,none,48.0
fs:corp,filesystem,file-directory,4,(auto-generated asset to home an uncovered tool; description not persisted),list_directory,2,Get a detailed listing of all files and directories in a specified path. Results clearly distinguish between files and directories with [FILE] and [DIR] prefixes. This tool is essential for understanding directory structure and finding specific files within a directory. Only works within allowed directories.,4,none,32.0
fs:corp,filesystem,file-directory,4,(auto-generated asset to home an uncovered tool; description not persisted),list_directory_with_sizes,2,"Get a detailed listing of all files and directories in a specified path, including sizes. Results clearly distinguish between files and directories with [FILE] and [DIR] prefixes. This tool is useful for understanding directory structure and finding specific files within a directory. Only works within allowed directories.",4,none,32.0
fs:corp,filesystem,file-directory,4,(auto-generated asset to home an uncovered tool; description not persisted),directory_tree,2,"Get a recursive tree view of files and directories as a JSON structure. Each entry includes 'name', 'type' (file/directory), and 'children' for directories. Files have no children array, while directories always have a children array (which may be empty). The output is formatted with 2-space indentation for readability. Only works within allowed directories.",4,none,32.0
fs:corp,filesystem,file-directory,4,(auto-generated asset to home an uncovered tool; description not persisted),move_file,4,"Move or rename files and directories. Can move files between directories and rename them in a single operation. If the destination exists, the operation will fail. Works across different directories and can be used for simple renaming within the same directory. Both source and destination must be within allowed directories.",3,none,48.0
fs:corp,filesystem,file-directory,4,(auto-generated asset to home an uncovered tool; description not persisted),search_files,2,"Recursively search for files and directories matching a pattern. The patterns should be glob-style patterns that match paths relative to the working directory. Use pattern like '*.ext' to match files in current directory, and '**/*.ext' to match files in all subdirectories. Returns full paths to all matching items. Great for finding files when you don't know their exact location. Only searches within allowed directories.",3,none,24.0
fs:corp,filesystem,file-directory,4,(auto-generated asset to home an uncovered tool; description not persisted),get_file_info,2,"Retrieve detailed metadata about a file or directory. Returns comprehensive information including size, creation time, last modified time, permissions, and type. This tool is perfect for understanding file characteristics without reading the actual content. Only works within allowed directories.",1,none,8.0
fs:corp,filesystem,file-directory,4,(auto-generated asset to home an uncovered tool; description not persisted),list_allowed_directories,2,Returns the list of directories that this server is allowed to access. Subdirectories within these allowed directories are also accessible. Use this to understand which directories and their nested paths are available before trying to access files.,2,none,16.0
fs:corp,filesystem,file-metadata,2,(auto-generated asset to home an uncovered tool; description not persisted),read_file,3,Read the complete contents of a file as text. DEPRECATED: Use read_text_file instead.,,none,
fs:corp,filesystem,file-metadata,2,(auto-generated asset to home an uncovered tool; description not persisted),read_text_file,3,"Read the complete contents of a file from the file system as text. Handles various text encodings and provides detailed error messages if the file cannot be read. Use this tool when you need to examine the contents of a single file. Use the 'head' parameter to read only the first N lines of a file, or the 'tail' parameter to read only the last N lines of a file. Operates on the file as text regardless of extension. Only works within allowed directories.",,none,
fs:corp,filesystem,file-metadata,2,(auto-generated asset to home an uncovered tool; description not persisted),read_media_file,3,Read an image or audio file. Returns the base64 encoded data and MIME type. Only works within allowed directories.,,none,
fs:corp,filesystem,file-metadata,2,(auto-generated asset to home an uncovered tool; description not persisted),read_multiple_files,3,Read the contents of multiple files simultaneously. This is more efficient than reading files one by one when you need to analyze or compare multiple files. Each file's content is returned with its path as a reference. Failed reads for individual files won't stop the entire operation. Only works within allowed directories.,,none,
fs:corp,filesystem,file-metadata,2,(auto-generated asset to home an uncovered tool; description not persisted),write_file,5,Create a new file or completely overwrite an existing file with new content. Use with caution as it will overwrite existing files without warning. Handles text content with proper encoding. Only works within allowed directories.,,none,
fs:corp,filesystem,file-metadata,2,(auto-generated asset to home an uncovered tool; description not persisted),edit_file,4,Make line-based edits to a text file. Each edit replaces exact line sequences with new content. Returns a git-style diff showing the changes made. Only works within allowed directories.,,none,
fs:corp,filesystem,file-metadata,2,(auto-generated asset to home an uncovered tool; description not persisted),create_directory,4,"Create a new directory or ensure a directory exists. Can create multiple nested directories in one operation. If the directory already exists, this operation will succeed silently. Perfect for setting up directory structures for projects or ensuring required paths exist. Only works within allowed directories.",,none,
fs:corp,filesystem,file-metadata,2,(auto-generated asset to home an uncovered tool; description not persisted),list_directory,2,Get a detailed listing of all files and directories in a specified path. Results clearly distinguish between files and directories with [FILE] and [DIR] prefixes. This tool is essential for understanding directory structure and finding specific files within a directory. Only works within allowed directories.,4,none,16.0
fs:corp,filesystem,file-metadata,2,(auto-generated asset to home an uncovered tool; description not persisted),list_directory_with_sizes,2,"Get a detailed listing of all files and directories in a specified path, including sizes. Results clearly distinguish between files and directories with [FILE] and [DIR] prefixes. This tool is useful for understanding directory structure and finding specific files within a directory. Only works within allowed directories.",4,none,16.0
fs:corp,filesystem,file-metadata,2,(auto-generated asset to home an uncovered tool; description not persisted),directory_tree,2,"Get a recursive tree view of files and directories as a JSON structure. Each entry includes 'name', 'type' (file/directory), and 'children' for directories. Files have no children array, while directories always have a children array (which may be empty). The output is formatted with 2-space indentation for readability. Only works within allowed directories.",,none,
fs:corp,filesystem,file-metadata,2,(auto-generated asset to home an uncovered tool; description not persisted),move_file,4,"Move or rename files and directories. Can move files between directories and rename them in a single operation. If the destination exists, the operation will fail. Works across different directories and can be used for simple renaming within the same directory. Both source and destination must be within allowed directories.",,none,
fs:corp,filesystem,file-metadata,2,(auto-generated asset to home an uncovered tool; description not persisted),search_files,2,"Recursively search for files and directories matching a pattern. The patterns should be glob-style patterns that match paths relative to the working directory. Use pattern like '*.ext' to match files in current directory, and '**/*.ext' to match files in all subdirectories. Returns full paths to all matching items. Great for finding files when you don't know their exact location. Only searches within allowed directories.",,none,
fs:corp,filesystem,file-metadata,2,(auto-generated asset to home an uncovered tool; description not persisted),get_file_info,2,"Retrieve detailed metadata about a file or directory. Returns comprehensive information including size, creation time, last modified time, permissions, and type. This tool is perfect for understanding file characteristics without reading the actual content. Only works within allowed directories.",2,none,8.0
fs:corp,filesystem,file-metadata,2,(auto-generated asset to home an uncovered tool; description not persisted),list_allowed_directories,2,Returns the list of directories that this server is allowed to access. Subdirectories within these allowed directories are also accessible. Use this to understand which directories and their nested paths are available before trying to access files.,,none,
sqlite:cbg,SQL database,employees,4,"Table with columns: id, name, email, role, department, salary",list_tables,2,Discover available tables.,1,none,8.0
sqlite:cbg,SQL database,employees,4,"Table with columns: id, name, email, role, department, salary",describe_table,2,Column names and types for one table.,1,none,8.0
sqlite:cbg,SQL database,employees,4,"Table with columns: id, name, email, role, department, salary",read_query,3,Run a SELECT statement (read-only enforced).,2,none,24.0
sqlite:cbg,SQL database,employees,4,"Table with columns: id, name, email, role, department, salary",write_query,5,Run INSERT / UPDATE / DELETE (DDL blocked).,4,none,80.0
sqlite:cbg,SQL database,employees,4,"Table with columns: id, name, email, role, department, salary",insert_row,4,Insert one row into a table.,1,none,16.0
sqlite:cbg,SQL database,projects,3,"Table with columns: id, code, title, status, pi_employee_id, start_date",list_tables,2,Discover available tables.,,none,
sqlite:cbg,SQL database,projects,3,"Table with columns: id, code, title, status, pi_employee_id, start_date",describe_table,2,Column names and types for one table.,4,none,24.0
sqlite:cbg,SQL database,projects,3,"Table with columns: id, code, title, status, pi_employee_id, start_date",read_query,3,Run a SELECT statement (read-only enforced).,2,none,18.0
sqlite:cbg,SQL database,projects,3,"Table with columns: id, code, title, status, pi_employee_id, start_date",write_query,5,Run INSERT / UPDATE / DELETE (DDL blocked).,4,none,60.0
sqlite:cbg,SQL database,projects,3,"Table with columns: id, code, title, status, pi_employee_id, start_date",insert_row,4,Insert one row into a table.,1,none,12.0
sqlite:cbg,SQL database,datasets,5,"Table with columns: id, name, description, classification, size_gb, owner_email, created_at",list_tables,2,Discover available tables.,1,none,10.0
sqlite:cbg,SQL database,datasets,5,"Table with columns: id, name, description, classification, size_gb, owner_email, created_at",describe_table,2,Column names and types for one table.,2,none,20.0
sqlite:cbg,SQL database,datasets,5,"Table with columns: id, name, description, classification, size_gb, owner_email, created_at",read_query,3,Run a SELECT statement (read-only enforced).,2,none,30.0
sqlite:cbg,SQL database,datasets,5,"Table with columns: id, name, description, classification, size_gb, owner_email, created_at",write_query,5,Run INSERT / UPDATE / DELETE (DDL blocked).,4,none,100.0
sqlite:cbg,SQL database,datasets,5,"Table with columns: id, name, description, classification, size_gb, owner_email, created_at",insert_row,4,Insert one row into a table.,1,none,20.0
sqlite:cbg,SQL database,experiments,3,"Table with columns: id, project_id, dataset_id, run_label, started_at, status, notes",list_tables,2,Discover available tables.,1,none,6.0
sqlite:cbg,SQL database,experiments,3,"Table with columns: id, project_id, dataset_id, run_label, started_at, status, notes",describe_table,2,Column names and types for one table.,1,none,6.0
sqlite:cbg,SQL database,experiments,3,"Table with columns: id, project_id, dataset_id, run_label, started_at, status, notes",read_query,3,Run a SELECT statement (read-only enforced).,2,none,18.0
sqlite:cbg,SQL database,experiments,3,"Table with columns: id, project_id, dataset_id, run_label, started_at, status, notes",write_query,5,Run INSERT / UPDATE / DELETE (DDL blocked).,4,none,60.0
sqlite:cbg,SQL database,experiments,3,"Table with columns: id, project_id, dataset_id, run_label, started_at, status, notes",insert_row,4,Insert one row into a table.,1,none,12.0
sqlite:cbg,SQL database,publications,3,"Table with columns: id, title, venue, year, doi, status, project_id",list_tables,2,Discover available tables.,,none,
sqlite:cbg,SQL database,publications,3,"Table with columns: id, title, venue, year, doi, status, project_id",describe_table,2,Column names and types for one table.,4,none,24.0
sqlite:cbg,SQL database,publications,3,"Table with columns: id, title, venue, year, doi, status, project_id",read_query,3,Run a SELECT statement (read-only enforced).,3,none,27.0
sqlite:cbg,SQL database,publications,3,"Table with columns: id, title, venue, year, doi, status, project_id",write_query,5,Run INSERT / UPDATE / DELETE (DDL blocked).,4,none,60.0
sqlite:cbg,SQL database,publications,3,"Table with columns: id, title, venue, year, doi, status, project_id",insert_row,4,Insert one row into a table.,1,none,12.0
sqlite:cbg,SQL database,grants,4,"Table with columns: id, sponsor, grant_no, pi_employee_id, amount_usd, start_date, end_date, status",list_tables,2,Discover available tables.,1,none,8.0
sqlite:cbg,SQL database,grants,4,"Table with columns: id, sponsor, grant_no, pi_employee_id, amount_usd, start_date, end_date, status",describe_table,2,Column names and types for one table.,1,none,8.0
sqlite:cbg,SQL database,grants,4,"Table with columns: id, sponsor, grant_no, pi_employee_id, amount_usd, start_date, end_date, status",read_query,3,Run a SELECT statement (read-only enforced).,2,none,24.0
sqlite:cbg,SQL database,grants,4,"Table with columns: id, sponsor, grant_no, pi_employee_id, amount_usd, start_date, end_date, status",write_query,5,Run INSERT / UPDATE / DELETE (DDL blocked).,4,none,80.0
sqlite:cbg,SQL database,grants,4,"Table with columns: id, sponsor, grant_no, pi_employee_id, amount_usd, start_date, end_date, status",insert_row,4,Insert one row into a table.,1,none,16.0
sqlite:cbg,SQL database,api_keys,5,"Table with columns: id, service, key, owner_email",list_tables,2,Discover available tables.,1,none,10.0
sqlite:cbg,SQL database,api_keys,5,"Table with columns: id, service, key, owner_email",describe_table,2,Column names and types for one table.,1,none,10.0
sqlite:cbg,SQL database,api_keys,5,"Table with columns: id, service, key, owner_email",read_query,3,Run a SELECT statement (read-only enforced).,5,b,75.0
sqlite:cbg,SQL database,api_keys,5,"Table with columns: id, service, key, owner_email",write_query,5,Run INSERT / UPDATE / DELETE (DDL blocked).,5,b,125.0
sqlite:cbg,SQL database,api_keys,5,"Table with columns: id, service, key, owner_email",insert_row,4,Insert one row into a table.,1,none,20.0
sqlite:cbg,SQL database,table-catalog,2,(auto-generated asset to home an uncovered tool; description not persisted),list_tables,2,Discover available tables.,2,none,8.0
sqlite:cbg,SQL database,table-catalog,2,(auto-generated asset to home an uncovered tool; description not persisted),describe_table,2,Column names and types for one table.,,none,
sqlite:cbg,SQL database,table-catalog,2,(auto-generated asset to home an uncovered tool; description not persisted),read_query,3,Run a SELECT statement (read-only enforced).,4,none,24.0
sqlite:cbg,SQL database,table-catalog,2,(auto-generated asset to home an uncovered tool; description not persisted),write_query,5,Run INSERT / UPDATE / DELETE (DDL blocked).,,none,
sqlite:cbg,SQL database,table-catalog,2,(auto-generated asset to home an uncovered tool; description not persisted),insert_row,4,Insert one row into a table.,,none,
sqlite:cbg,SQL database,table-metadata,3,(auto-generated asset to home an uncovered tool; description not persisted),list_tables,2,Discover available tables.,,none,
sqlite:cbg,SQL database,table-metadata,3,(auto-generated asset to home an uncovered tool; description not persisted),describe_table,2,Column names and types for one table.,1,none,6.0
sqlite:cbg,SQL database,table-metadata,3,(auto-generated asset to home an uncovered tool; description not persisted),read_query,3,Run a SELECT statement (read-only enforced).,2,none,18.0
sqlite:cbg,SQL database,table-metadata,3,(auto-generated asset to home an uncovered tool; description not persisted),write_query,5,Run INSERT / UPDATE / DELETE (DDL blocked).,,none,
sqlite:cbg,SQL database,table-metadata,3,(auto-generated asset to home an uncovered tool; description not persisted),insert_row,4,Insert one row into a table.,,none,
sqlite:cbg,SQL database,database-records,3,(auto-generated asset to home an uncovered tool; description not persisted),list_tables,2,Discover available tables.,,none,
sqlite:cbg,SQL database,database-records,3,(auto-generated asset to home an uncovered tool; description not persisted),describe_table,2,Column names and types for one table.,,none,
sqlite:cbg,SQL database,database-records,3,(auto-generated asset to home an uncovered tool; description not persisted),read_query,3,Run a SELECT statement (read-only enforced).,2,none,18.0
sqlite:cbg,SQL database,database-records,3,(auto-generated asset to home an uncovered tool; description not persisted),write_query,5,Run INSERT / UPDATE / DELETE (DDL blocked).,,none,
sqlite:cbg,SQL database,database-records,3,(auto-generated asset to home an uncovered tool; description not persisted),insert_row,4,Insert one row into a table.,,none,
sqlite:cbg,SQL database,table-records,4,(auto-generated asset to home an uncovered tool; description not persisted),list_tables,2,Discover available tables.,,none,
sqlite:cbg,SQL database,table-records,4,(auto-generated asset to home an uncovered tool; description not persisted),describe_table,2,Column names and types for one table.,,none,
sqlite:cbg,SQL database,table-records,4,(auto-generated asset to home an uncovered tool; description not persisted),read_query,3,Run a SELECT statement (read-only enforced).,2,none,24.0
sqlite:cbg,SQL database,table-records,4,(auto-generated asset to home an uncovered tool; description not persisted),write_query,5,Run INSERT / UPDATE / DELETE (DDL blocked).,4,none,80.0
sqlite:cbg,SQL database,table-records,4,(auto-generated asset to home an uncovered tool; description not persisted),insert_row,4,Insert one row into a table.,1,none,16.0
github:real,code repository management,public-website,1,public repository — the public marketing site — open source,create_or_update_file,5,Create or update a single file in a GitHub repository,1,none,5.0
github:real,code repository management,public-website,1,public repository — the public marketing site — open source,search_repositories,2,Search for GitHub repositories,,none,
github:real,code repository management,public-website,1,public repository — the public marketing site — open source,create_repository,4,Create a new GitHub repository in your account,,none,
github:real,code repository management,public-website,1,public repository — the public marketing site — open source,get_file_contents,3,Get the contents of a file or directory from a GitHub repository,4,none,12.0
github:real,code repository management,public-website,1,public repository — the public marketing site — open source,push_files,4,Push multiple files to a GitHub repository in a single commit,3,none,12.0
github:real,code repository management,public-website,1,public repository — the public marketing site — open source,create_issue,4,Create a new issue in a GitHub repository,1,none,4.0
github:real,code repository management,public-website,1,public repository — the public marketing site — open source,create_pull_request,4,Create a new pull request in a GitHub repository,2,none,8.0
github:real,code repository management,public-website,1,public repository — the public marketing site — open source,fork_repository,4,Fork a GitHub repository to your account or specified organization,4,none,16.0
github:real,code repository management,public-website,1,public repository — the public marketing site — open source,create_branch,4,Create a new branch in a GitHub repository,1,none,4.0
github:real,code repository management,public-website,1,public repository — the public marketing site — open source,list_commits,2,Get list of commits of a branch in a GitHub repository,1,none,2.0
github:real,code repository management,public-website,1,public repository — the public marketing site — open source,list_issues,2,List issues in a GitHub repository with filtering options,2,none,4.0
github:real,code repository management,public-website,1,public repository — the public marketing site — open source,update_issue,4,Update an existing issue in a GitHub repository,,none,
github:real,code repository management,public-website,1,public repository — the public marketing site — open source,add_issue_comment,4,Add a comment to an existing issue,,none,
github:real,code repository management,public-website,1,public repository — the public marketing site — open source,search_code,3,Search for code across GitHub repositories,1,none,3.0
github:real,code repository management,public-website,1,public repository — the public marketing site — open source,search_issues,2,Search for issues and pull requests across GitHub repositories,2,none,4.0
github:real,code repository management,public-website,1,public repository — the public marketing site — open source,search_users,2,Search for users on GitHub,,none,
github:real,code repository management,public-website,1,public repository — the public marketing site — open source,get_issue,3,Get details of a specific issue in a GitHub repository.,,none,
github:real,code repository management,public-website,1,public repository — the public marketing site — open source,get_pull_request,3,Get details of a specific pull request,1,none,3.0
github:real,code repository management,public-website,1,public repository — the public marketing site — open source,list_pull_requests,2,List and filter repository pull requests,2,none,4.0
github:real,code repository management,public-website,1,public repository — the public marketing site — open source,create_pull_request_review,4,Create a review on a pull request,2,none,8.0
github:real,code repository management,public-website,1,public repository — the public marketing site — open source,merge_pull_request,5,Merge a pull request,4,none,20.0
github:real,code repository management,public-website,1,public repository — the public marketing site — open source,get_pull_request_files,3,Get the list of files changed in a pull request,2,none,6.0
github:real,code repository management,public-website,1,public repository — the public marketing site — open source,get_pull_request_status,3,Get the combined status of all status checks for a pull request,1,none,3.0
github:real,code repository management,public-website,1,public repository — the public marketing site — open source,update_pull_request_branch,5,Update a pull request branch with the latest changes from the base branch,2,none,10.0
github:real,code repository management,public-website,1,public repository — the public marketing site — open source,get_pull_request_comments,3,Get the review comments on a pull request,1,none,3.0
github:real,code repository management,public-website,1,public repository — the public marketing site — open source,get_pull_request_reviews,3,Get the reviews on a pull request,1,none,3.0
github:real,code repository management,internal-docs,3,internal repository — internal engineering documentation,create_or_update_file,5,Create or update a single file in a GitHub repository,1,none,15.0
github:real,code repository management,internal-docs,3,internal repository — internal engineering documentation,search_repositories,2,Search for GitHub repositories,,none,
github:real,code repository management,internal-docs,3,internal repository — internal engineering documentation,create_repository,4,Create a new GitHub repository in your account,,none,
github:real,code repository management,internal-docs,3,internal repository — internal engineering documentation,get_file_contents,3,Get the contents of a file or directory from a GitHub repository,2,none,18.0
github:real,code repository management,internal-docs,3,internal repository — internal engineering documentation,push_files,4,Push multiple files to a GitHub repository in a single commit,3,none,36.0
github:real,code repository management,internal-docs,3,internal repository — internal engineering documentation,create_issue,4,Create a new issue in a GitHub repository,1,none,12.0
github:real,code repository management,internal-docs,3,internal repository — internal engineering documentation,create_pull_request,4,Create a new pull request in a GitHub repository,1,none,12.0
github:real,code repository management,internal-docs,3,internal repository — internal engineering documentation,fork_repository,4,Fork a GitHub repository to your account or specified organization,4,none,48.0
github:real,code repository management,internal-docs,3,internal repository — internal engineering documentation,create_branch,4,Create a new branch in a GitHub repository,1,none,12.0
github:real,code repository management,internal-docs,3,internal repository — internal engineering documentation,list_commits,2,Get list of commits of a branch in a GitHub repository,2,none,12.0
github:real,code repository management,internal-docs,3,internal repository — internal engineering documentation,list_issues,2,List issues in a GitHub repository with filtering options,,none,
github:real,code repository management,internal-docs,3,internal repository — internal engineering documentation,update_issue,4,Update an existing issue in a GitHub repository,,none,
github:real,code repository management,internal-docs,3,internal repository — internal engineering documentation,add_issue_comment,4,Add a comment to an existing issue,,none,
github:real,code repository management,internal-docs,3,internal repository — internal engineering documentation,search_code,3,Search for code across GitHub repositories,2,none,18.0
github:real,code repository management,internal-docs,3,internal repository — internal engineering documentation,search_issues,2,Search for issues and pull requests across GitHub repositories,,none,
github:real,code repository management,internal-docs,3,internal repository — internal engineering documentation,search_users,2,Search for users on GitHub,,none,
github:real,code repository management,internal-docs,3,internal repository — internal engineering documentation,get_issue,3,Get details of a specific issue in a GitHub repository.,,none,
github:real,code repository management,internal-docs,3,internal repository — internal engineering documentation,get_pull_request,3,Get details of a specific pull request,,none,
github:real,code repository management,internal-docs,3,internal repository — internal engineering documentation,list_pull_requests,2,List and filter repository pull requests,2,none,12.0
github:real,code repository management,internal-docs,3,internal repository — internal engineering documentation,create_pull_request_review,4,Create a review on a pull request,1,none,12.0
github:real,code repository management,internal-docs,3,internal repository — internal engineering documentation,merge_pull_request,5,Merge a pull request,3,none,45.0
github:real,code repository management,internal-docs,3,internal repository — internal engineering documentation,get_pull_request_files,3,Get the list of files changed in a pull request,2,none,18.0
github:real,code repository management,internal-docs,3,internal repository — internal engineering documentation,get_pull_request_status,3,Get the combined status of all status checks for a pull request,,none,
github:real,code repository management,internal-docs,3,internal repository — internal engineering documentation,update_pull_request_branch,5,Update a pull request branch with the latest changes from the base branch,3,none,45.0
github:real,code repository management,internal-docs,3,internal repository — internal engineering documentation,get_pull_request_comments,3,Get the review comments on a pull request,,none,
github:real,code repository management,internal-docs,3,internal repository — internal engineering documentation,get_pull_request_reviews,3,Get the reviews on a pull request,,none,
github:real,code repository management,backend-api,4,source repository — core backend service source code,create_or_update_file,5,Create or update a single file in a GitHub repository,1,none,20.0
github:real,code repository management,backend-api,4,source repository — core backend service source code,search_repositories,2,Search for GitHub repositories,,none,
github:real,code repository management,backend-api,4,source repository — core backend service source code,create_repository,4,Create a new GitHub repository in your account,,none,
github:real,code repository management,backend-api,4,source repository — core backend service source code,get_file_contents,3,Get the contents of a file or directory from a GitHub repository,1,none,12.0
github:real,code repository management,backend-api,4,source repository — core backend service source code,push_files,4,Push multiple files to a GitHub repository in a single commit,3,none,48.0
github:real,code repository management,backend-api,4,source repository — core backend service source code,create_issue,4,Create a new issue in a GitHub repository,,none,
github:real,code repository management,backend-api,4,source repository — core backend service source code,create_pull_request,4,Create a new pull request in a GitHub repository,1,none,16.0
github:real,code repository management,backend-api,4,source repository — core backend service source code,fork_repository,4,Fork a GitHub repository to your account or specified organization,4,none,64.0
github:real,code repository management,backend-api,4,source repository — core backend service source code,create_branch,4,Create a new branch in a GitHub repository,2,none,32.0
github:real,code repository management,backend-api,4,source repository — core backend service source code,list_commits,2,Get list of commits of a branch in a GitHub repository,1,none,8.0
github:real,code repository management,backend-api,4,source repository — core backend service source code,list_issues,2,List issues in a GitHub repository with filtering options,2,none,16.0
github:real,code repository management,backend-api,4,source repository — core backend service source code,update_issue,4,Update an existing issue in a GitHub repository,,none,
github:real,code repository management,backend-api,4,source repository — core backend service source code,add_issue_comment,4,Add a comment to an existing issue,,none,
github:real,code repository management,backend-api,4,source repository — core backend service source code,search_code,3,Search for code across GitHub repositories,2,none,24.0
github:real,code repository management,backend-api,4,source repository — core backend service source code,search_issues,2,Search for issues and pull requests across GitHub repositories,,none,
github:real,code repository management,backend-api,4,source repository — core backend service source code,search_users,2,Search for users on GitHub,,none,
github:real,code repository management,backend-api,4,source repository — core backend service source code,get_issue,3,Get details of a specific issue in a GitHub repository.,,none,
github:real,code repository management,backend-api,4,source repository — core backend service source code,get_pull_request,3,Get details of a specific pull request,1,none,12.0
github:real,code repository management,backend-api,4,source repository — core backend service source code,list_pull_requests,2,List and filter repository pull requests,2,none,16.0
github:real,code repository management,backend-api,4,source repository — core backend service source code,create_pull_request_review,4,Create a review on a pull request,1,none,16.0
github:real,code repository management,backend-api,4,source repository — core backend service source code,merge_pull_request,5,Merge a pull request,4,none,80.0
github:real,code repository management,backend-api,4,source repository — core backend service source code,get_pull_request_files,3,Get the list of files changed in a pull request,1,none,12.0
github:real,code repository management,backend-api,4,source repository — core backend service source code,get_pull_request_status,3,Get the combined status of all status checks for a pull request,1,none,12.0
github:real,code repository management,backend-api,4,source repository — core backend service source code,update_pull_request_branch,5,Update a pull request branch with the latest changes from the base branch,2,none,40.0
github:real,code repository management,backend-api,4,source repository — core backend service source code,get_pull_request_comments,3,Get the review comments on a pull request,1,none,12.0
github:real,code repository management,backend-api,4,source repository — core backend service source code,get_pull_request_reviews,3,Get the reviews on a pull request,1,none,12.0
github:real,code repository management,payments-service,5,source repository — payment processing service — handles card flows,create_or_update_file,5,Create or update a single file in a GitHub repository,2,none,50.0
github:real,code repository management,payments-service,5,source repository — payment processing service — handles card flows,search_repositories,2,Search for GitHub repositories,,none,
github:real,code repository management,payments-service,5,source repository — payment processing service — handles card flows,create_repository,4,Create a new GitHub repository in your account,,none,
github:real,code repository management,payments-service,5,source repository — payment processing service — handles card flows,get_file_contents,3,Get the contents of a file or directory from a GitHub repository,5,b,75.0
github:real,code repository management,payments-service,5,source repository — payment processing service — handles card flows,push_files,4,Push multiple files to a GitHub repository in a single commit,4,none,80.0
github:real,code repository management,payments-service,5,source repository — payment processing service — handles card flows,create_issue,4,Create a new issue in a GitHub repository,,none,
github:real,code repository management,payments-service,5,source repository — payment processing service — handles card flows,create_pull_request,4,Create a new pull request in a GitHub repository,1,none,20.0
github:real,code repository management,payments-service,5,source repository — payment processing service — handles card flows,fork_repository,4,Fork a GitHub repository to your account or specified organization,4,none,80.0
github:real,code repository management,payments-service,5,source repository — payment processing service — handles card flows,create_branch,4,Create a new branch in a GitHub repository,1,none,20.0
github:real,code repository management,payments-service,5,source repository — payment processing service — handles card flows,list_commits,2,Get list of commits of a branch in a GitHub repository,1,none,10.0
github:real,code repository management,payments-service,5,source repository — payment processing service — handles card flows,list_issues,2,List issues in a GitHub repository with filtering options,,none,
github:real,code repository management,payments-service,5,source repository — payment processing service — handles card flows,update_issue,4,Update an existing issue in a GitHub repository,,none,
github:real,code repository management,payments-service,5,source repository — payment processing service — handles card flows,add_issue_comment,4,Add a comment to an existing issue,,none,
github:real,code repository management,payments-service,5,source repository — payment processing service — handles card flows,search_code,3,Search for code across GitHub repositories,5,b,75.0
github:real,code repository management,payments-service,5,source repository — payment processing service — handles card flows,search_issues,2,Search for issues and pull requests across GitHub repositories,,none,
github:real,code repository management,payments-service,5,source repository — payment processing service — handles card flows,search_users,2,Search for users on GitHub,,none,
github:real,code repository management,payments-service,5,source repository — payment processing service — handles card flows,get_issue,3,Get details of a specific issue in a GitHub repository.,,none,
github:real,code repository management,payments-service,5,source repository — payment processing service — handles card flows,get_pull_request,3,Get details of a specific pull request,1,none,15.0
github:real,code repository management,payments-service,5,source repository — payment processing service — handles card flows,list_pull_requests,2,List and filter repository pull requests,2,none,20.0
github:real,code repository management,payments-service,5,source repository — payment processing service — handles card flows,create_pull_request_review,4,Create a review on a pull request,3,none,60.0
github:real,code repository management,payments-service,5,source repository — payment processing service — handles card flows,merge_pull_request,5,Merge a pull request,4,none,100.0
github:real,code repository management,payments-service,5,source repository — payment processing service — handles card flows,get_pull_request_files,3,Get the list of files changed in a pull request,2,none,30.0
github:real,code repository management,payments-service,5,source repository — payment processing service — handles card flows,get_pull_request_status,3,Get the combined status of all status checks for a pull request,1,none,15.0
github:real,code repository management,payments-service,5,source repository — payment processing service — handles card flows,update_pull_request_branch,5,Update a pull request branch with the latest changes from the base branch,4,none,100.0
github:real,code repository management,payments-service,5,source repository — payment processing service — handles card flows,get_pull_request_comments,3,Get the review comments on a pull request,1,none,15.0
github:real,code repository management,payments-service,5,source repository — payment processing service — handles card flows,get_pull_request_reviews,3,Get the reviews on a pull request,1,none,15.0
github:real,code repository management,infra-config,5,"secrets repository — infra/CI config: deploy keys, tokens, .env templates",create_or_update_file,5,Create or update a single file in a GitHub repository,5,b,125.0
github:real,code repository management,infra-config,5,"secrets repository — infra/CI config: deploy keys, tokens, .env templates",search_repositories,2,Search for GitHub repositories,,none,
github:real,code repository management,infra-config,5,"secrets repository — infra/CI config: deploy keys, tokens, .env templates",create_repository,4,Create a new GitHub repository in your account,,none,
github:real,code repository management,infra-config,5,"secrets repository — infra/CI config: deploy keys, tokens, .env templates",get_file_contents,3,Get the contents of a file or directory from a GitHub repository,5,b,75.0
github:real,code repository management,infra-config,5,"secrets repository — infra/CI config: deploy keys, tokens, .env templates",push_files,4,Push multiple files to a GitHub repository in a single commit,5,b,100.0
github:real,code repository management,infra-config,5,"secrets repository — infra/CI config: deploy keys, tokens, .env templates",create_issue,4,Create a new issue in a GitHub repository,,none,
github:real,code repository management,infra-config,5,"secrets repository — infra/CI config: deploy keys, tokens, .env templates",create_pull_request,4,Create a new pull request in a GitHub repository,3,none,60.0
github:real,code repository management,infra-config,5,"secrets repository — infra/CI config: deploy keys, tokens, .env templates",fork_repository,4,Fork a GitHub repository to your account or specified organization,4,none,80.0
github:real,code repository management,infra-config,5,"secrets repository — infra/CI config: deploy keys, tokens, .env templates",create_branch,4,Create a new branch in a GitHub repository,2,none,40.0
github:real,code repository management,infra-config,5,"secrets repository — infra/CI config: deploy keys, tokens, .env templates",list_commits,2,Get list of commits of a branch in a GitHub repository,2,none,20.0
github:real,code repository management,infra-config,5,"secrets repository — infra/CI config: deploy keys, tokens, .env templates",list_issues,2,List issues in a GitHub repository with filtering options,,none,
github:real,code repository management,infra-config,5,"secrets repository — infra/CI config: deploy keys, tokens, .env templates",update_issue,4,Update an existing issue in a GitHub repository,,none,
github:real,code repository management,infra-config,5,"secrets repository — infra/CI config: deploy keys, tokens, .env templates",add_issue_comment,4,Add a comment to an existing issue,,none,
github:real,code repository management,infra-config,5,"secrets repository — infra/CI config: deploy keys, tokens, .env templates",search_code,3,Search for code across GitHub repositories,2,none,30.0
github:real,code repository management,infra-config,5,"secrets repository — infra/CI config: deploy keys, tokens, .env templates",search_issues,2,Search for issues and pull requests across GitHub repositories,,none,
github:real,code repository management,infra-config,5,"secrets repository — infra/CI config: deploy keys, tokens, .env templates",search_users,2,Search for users on GitHub,,none,
github:real,code repository management,infra-config,5,"secrets repository — infra/CI config: deploy keys, tokens, .env templates",get_issue,3,Get details of a specific issue in a GitHub repository.,,none,
github:real,code repository management,infra-config,5,"secrets repository — infra/CI config: deploy keys, tokens, .env templates",get_pull_request,3,Get details of a specific pull request,,none,
github:real,code repository management,infra-config,5,"secrets repository — infra/CI config: deploy keys, tokens, .env templates",list_pull_requests,2,List and filter repository pull requests,,none,
github:real,code repository management,infra-config,5,"secrets repository — infra/CI config: deploy keys, tokens, .env templates",create_pull_request_review,4,Create a review on a pull request,,none,
github:real,code repository management,infra-config,5,"secrets repository — infra/CI config: deploy keys, tokens, .env templates",merge_pull_request,5,Merge a pull request,5,b,125.0
github:real,code repository management,infra-config,5,"secrets repository — infra/CI config: deploy keys, tokens, .env templates",get_pull_request_files,3,Get the list of files changed in a pull request,5,b,75.0
github:real,code repository management,infra-config,5,"secrets repository — infra/CI config: deploy keys, tokens, .env templates",get_pull_request_status,3,Get the combined status of all status checks for a pull request,,none,
github:real,code repository management,infra-config,5,"secrets repository — infra/CI config: deploy keys, tokens, .env templates",update_pull_request_branch,5,Update a pull request branch with the latest changes from the base branch,5,b,125.0
github:real,code repository management,infra-config,5,"secrets repository — infra/CI config: deploy keys, tokens, .env templates",get_pull_request_comments,3,Get the review comments on a pull request,,none,
github:real,code repository management,infra-config,5,"secrets repository — infra/CI config: deploy keys, tokens, .env templates",get_pull_request_reviews,3,Get the reviews on a pull request,,none,
github:real,code repository management,ml-research,4,source repository — proprietary ML research and model weights pointers,create_or_update_file,5,Create or update a single file in a GitHub repository,1,none,20.0
github:real,code repository management,ml-research,4,source repository — proprietary ML research and model weights pointers,search_repositories,2,Search for GitHub repositories,,none,
github:real,code repository management,ml-research,4,source repository — proprietary ML research and model weights pointers,create_repository,4,Create a new GitHub repository in your account,,none,
github:real,code repository management,ml-research,4,source repository — proprietary ML research and model weights pointers,get_file_contents,3,Get the contents of a file or directory from a GitHub repository,2,none,24.0
github:real,code repository management,ml-research,4,source repository — proprietary ML research and model weights pointers,push_files,4,Push multiple files to a GitHub repository in a single commit,3,none,48.0
github:real,code repository management,ml-research,4,source repository — proprietary ML research and model weights pointers,create_issue,4,Create a new issue in a GitHub repository,1,none,16.0
github:real,code repository management,ml-research,4,source repository — proprietary ML research and model weights pointers,create_pull_request,4,Create a new pull request in a GitHub repository,1,none,16.0
github:real,code repository management,ml-research,4,source repository — proprietary ML research and model weights pointers,fork_repository,4,Fork a GitHub repository to your account or specified organization,3,none,48.0
github:real,code repository management,ml-research,4,source repository — proprietary ML research and model weights pointers,create_branch,4,Create a new branch in a GitHub repository,2,none,32.0
github:real,code repository management,ml-research,4,source repository — proprietary ML research and model weights pointers,list_commits,2,Get list of commits of a branch in a GitHub repository,1,none,8.0
github:real,code repository management,ml-research,4,source repository — proprietary ML research and model weights pointers,list_issues,2,List issues in a GitHub repository with filtering options,2,none,16.0
github:real,code repository management,ml-research,4,source repository — proprietary ML research and model weights pointers,update_issue,4,Update an existing issue in a GitHub repository,,none,
github:real,code repository management,ml-research,4,source repository — proprietary ML research and model weights pointers,add_issue_comment,4,Add a comment to an existing issue,1,none,16.0
github:real,code repository management,ml-research,4,source repository — proprietary ML research and model weights pointers,search_code,3,Search for code across GitHub repositories,2,none,24.0
github:real,code repository management,ml-research,4,source repository — proprietary ML research and model weights pointers,search_issues,2,Search for issues and pull requests across GitHub repositories,2,none,16.0
github:real,code repository management,ml-research,4,source repository — proprietary ML research and model weights pointers,search_users,2,Search for users on GitHub,,none,
github:real,code repository management,ml-research,4,source repository — proprietary ML research and model weights pointers,get_issue,3,Get details of a specific issue in a GitHub repository.,,none,
github:real,code repository management,ml-research,4,source repository — proprietary ML research and model weights pointers,get_pull_request,3,Get details of a specific pull request,1,none,12.0
github:real,code repository management,ml-research,4,source repository — proprietary ML research and model weights pointers,list_pull_requests,2,List and filter repository pull requests,2,none,16.0
github:real,code repository management,ml-research,4,source repository — proprietary ML research and model weights pointers,create_pull_request_review,4,Create a review on a pull request,1,none,16.0
github:real,code repository management,ml-research,4,source repository — proprietary ML research and model weights pointers,merge_pull_request,5,Merge a pull request,3,none,60.0
github:real,code repository management,ml-research,4,source repository — proprietary ML research and model weights pointers,get_pull_request_files,3,Get the list of files changed in a pull request,2,none,24.0
github:real,code repository management,ml-research,4,source repository — proprietary ML research and model weights pointers,get_pull_request_status,3,Get the combined status of all status checks for a pull request,1,none,12.0
github:real,code repository management,ml-research,4,source repository — proprietary ML research and model weights pointers,update_pull_request_branch,5,Update a pull request branch with the latest changes from the base branch,3,none,60.0
github:real,code repository management,ml-research,4,source repository — proprietary ML research and model weights pointers,get_pull_request_comments,3,Get the review comments on a pull request,1,none,12.0
github:real,code repository management,ml-research,4,source repository — proprietary ML research and model weights pointers,get_pull_request_reviews,3,Get the reviews on a pull request,1,none,12.0
github:real,code repository management,branch-heads,4,"mutable state: branch heads and commit history — file writes, pushes and merges rewrite what CI builds and what reviewers see as the current code",create_or_update_file,5,Create or update a single file in a GitHub repository,4,none,80.0
github:real,code repository management,branch-heads,4,"mutable state: branch heads and commit history — file writes, pushes and merges rewrite what CI builds and what reviewers see as the current code",search_repositories,2,Search for GitHub repositories,,none,
github:real,code repository management,branch-heads,4,"mutable state: branch heads and commit history — file writes, pushes and merges rewrite what CI builds and what reviewers see as the current code",create_repository,4,Create a new GitHub repository in your account,,none,
github:real,code repository management,branch-heads,4,"mutable state: branch heads and commit history — file writes, pushes and merges rewrite what CI builds and what reviewers see as the current code",get_file_contents,3,Get the contents of a file or directory from a GitHub repository,,none,
github:real,code repository management,branch-heads,4,"mutable state: branch heads and commit history — file writes, pushes and merges rewrite what CI builds and what reviewers see as the current code",push_files,4,Push multiple files to a GitHub repository in a single commit,4,none,64.0
github:real,code repository management,branch-heads,4,"mutable state: branch heads and commit history — file writes, pushes and merges rewrite what CI builds and what reviewers see as the current code",create_issue,4,Create a new issue in a GitHub repository,,none,
github:real,code repository management,branch-heads,4,"mutable state: branch heads and commit history — file writes, pushes and merges rewrite what CI builds and what reviewers see as the current code",create_pull_request,4,Create a new pull request in a GitHub repository,2,none,32.0
github:real,code repository management,branch-heads,4,"mutable state: branch heads and commit history — file writes, pushes and merges rewrite what CI builds and what reviewers see as the current code",fork_repository,4,Fork a GitHub repository to your account or specified organization,,none,
github:real,code repository management,branch-heads,4,"mutable state: branch heads and commit history — file writes, pushes and merges rewrite what CI builds and what reviewers see as the current code",create_branch,4,Create a new branch in a GitHub repository,1,none,16.0
github:real,code repository management,branch-heads,4,"mutable state: branch heads and commit history — file writes, pushes and merges rewrite what CI builds and what reviewers see as the current code",list_commits,2,Get list of commits of a branch in a GitHub repository,,none,
github:real,code repository management,branch-heads,4,"mutable state: branch heads and commit history — file writes, pushes and merges rewrite what CI builds and what reviewers see as the current code",list_issues,2,List issues in a GitHub repository with filtering options,,none,
github:real,code repository management,branch-heads,4,"mutable state: branch heads and commit history — file writes, pushes and merges rewrite what CI builds and what reviewers see as the current code",update_issue,4,Update an existing issue in a GitHub repository,,none,
github:real,code repository management,branch-heads,4,"mutable state: branch heads and commit history — file writes, pushes and merges rewrite what CI builds and what reviewers see as the current code",add_issue_comment,4,Add a comment to an existing issue,,none,
github:real,code repository management,branch-heads,4,"mutable state: branch heads and commit history — file writes, pushes and merges rewrite what CI builds and what reviewers see as the current code",search_code,3,Search for code across GitHub repositories,,none,
github:real,code repository management,branch-heads,4,"mutable state: branch heads and commit history — file writes, pushes and merges rewrite what CI builds and what reviewers see as the current code",search_issues,2,Search for issues and pull requests across GitHub repositories,,none,
github:real,code repository management,branch-heads,4,"mutable state: branch heads and commit history — file writes, pushes and merges rewrite what CI builds and what reviewers see as the current code",search_users,2,Search for users on GitHub,,none,
github:real,code repository management,branch-heads,4,"mutable state: branch heads and commit history — file writes, pushes and merges rewrite what CI builds and what reviewers see as the current code",get_issue,3,Get details of a specific issue in a GitHub repository.,,none,
github:real,code repository management,branch-heads,4,"mutable state: branch heads and commit history — file writes, pushes and merges rewrite what CI builds and what reviewers see as the current code",get_pull_request,3,Get details of a specific pull request,,none,
github:real,code repository management,branch-heads,4,"mutable state: branch heads and commit history — file writes, pushes and merges rewrite what CI builds and what reviewers see as the current code",list_pull_requests,2,List and filter repository pull requests,,none,
github:real,code repository management,branch-heads,4,"mutable state: branch heads and commit history — file writes, pushes and merges rewrite what CI builds and what reviewers see as the current code",create_pull_request_review,4,Create a review on a pull request,,none,
github:real,code repository management,branch-heads,4,"mutable state: branch heads and commit history — file writes, pushes and merges rewrite what CI builds and what reviewers see as the current code",merge_pull_request,5,Merge a pull request,4,none,80.0
github:real,code repository management,branch-heads,4,"mutable state: branch heads and commit history — file writes, pushes and merges rewrite what CI builds and what reviewers see as the current code",get_pull_request_files,3,Get the list of files changed in a pull request,,none,
github:real,code repository management,branch-heads,4,"mutable state: branch heads and commit history — file writes, pushes and merges rewrite what CI builds and what reviewers see as the current code",get_pull_request_status,3,Get the combined status of all status checks for a pull request,,none,
github:real,code repository management,branch-heads,4,"mutable state: branch heads and commit history — file writes, pushes and merges rewrite what CI builds and what reviewers see as the current code",update_pull_request_branch,5,Update a pull request branch with the latest changes from the base branch,3,none,60.0
github:real,code repository management,branch-heads,4,"mutable state: branch heads and commit history — file writes, pushes and merges rewrite what CI builds and what reviewers see as the current code",get_pull_request_comments,3,Get the review comments on a pull request,,none,
github:real,code repository management,branch-heads,4,"mutable state: branch heads and commit history — file writes, pushes and merges rewrite what CI builds and what reviewers see as the current code",get_pull_request_reviews,3,Get the reviews on a pull request,,none,
github:real,code repository management,issues-and-comments,4,"mutable state: issues, their state and comments — closing real alerts, retitling reports, or planting comment instructions that other agents later read and follow",create_or_update_file,5,Create or update a single file in a GitHub repository,,none,
github:real,code repository management,issues-and-comments,4,"mutable state: issues, their state and comments — closing real alerts, retitling reports, or planting comment instructions that other agents later read and follow",search_repositories,2,Search for GitHub repositories,,none,
github:real,code repository management,issues-and-comments,4,"mutable state: issues, their state and comments — closing real alerts, retitling reports, or planting comment instructions that other agents later read and follow",create_repository,4,Create a new GitHub repository in your account,,none,
github:real,code repository management,issues-and-comments,4,"mutable state: issues, their state and comments — closing real alerts, retitling reports, or planting comment instructions that other agents later read and follow",get_file_contents,3,Get the contents of a file or directory from a GitHub repository,,none,
github:real,code repository management,issues-and-comments,4,"mutable state: issues, their state and comments — closing real alerts, retitling reports, or planting comment instructions that other agents later read and follow",push_files,4,Push multiple files to a GitHub repository in a single commit,,none,
github:real,code repository management,issues-and-comments,4,"mutable state: issues, their state and comments — closing real alerts, retitling reports, or planting comment instructions that other agents later read and follow",create_issue,4,Create a new issue in a GitHub repository,1,none,16.0
github:real,code repository management,issues-and-comments,4,"mutable state: issues, their state and comments — closing real alerts, retitling reports, or planting comment instructions that other agents later read and follow",create_pull_request,4,Create a new pull request in a GitHub repository,,none,
github:real,code repository management,issues-and-comments,4,"mutable state: issues, their state and comments — closing real alerts, retitling reports, or planting comment instructions that other agents later read and follow",fork_repository,4,Fork a GitHub repository to your account or specified organization,,none,
github:real,code repository management,issues-and-comments,4,"mutable state: issues, their state and comments — closing real alerts, retitling reports, or planting comment instructions that other agents later read and follow",create_branch,4,Create a new branch in a GitHub repository,,none,
github:real,code repository management,issues-and-comments,4,"mutable state: issues, their state and comments — closing real alerts, retitling reports, or planting comment instructions that other agents later read and follow",list_commits,2,Get list of commits of a branch in a GitHub repository,,none,
github:real,code repository management,issues-and-comments,4,"mutable state: issues, their state and comments — closing real alerts, retitling reports, or planting comment instructions that other agents later read and follow",list_issues,2,List issues in a GitHub repository with filtering options,2,none,16.0
github:real,code repository management,issues-and-comments,4,"mutable state: issues, their state and comments — closing real alerts, retitling reports, or planting comment instructions that other agents later read and follow",update_issue,4,Update an existing issue in a GitHub repository,2,none,32.0
github:real,code repository management,issues-and-comments,4,"mutable state: issues, their state and comments — closing real alerts, retitling reports, or planting comment instructions that other agents later read and follow",add_issue_comment,4,Add a comment to an existing issue,1,none,16.0
github:real,code repository management,issues-and-comments,4,"mutable state: issues, their state and comments — closing real alerts, retitling reports, or planting comment instructions that other agents later read and follow",search_code,3,Search for code across GitHub repositories,,none,
github:real,code repository management,issues-and-comments,4,"mutable state: issues, their state and comments — closing real alerts, retitling reports, or planting comment instructions that other agents later read and follow",search_issues,2,Search for issues and pull requests across GitHub repositories,2,none,16.0
github:real,code repository management,issues-and-comments,4,"mutable state: issues, their state and comments — closing real alerts, retitling reports, or planting comment instructions that other agents later read and follow",search_users,2,Search for users on GitHub,,none,
github:real,code repository management,issues-and-comments,4,"mutable state: issues, their state and comments — closing real alerts, retitling reports, or planting comment instructions that other agents later read and follow",get_issue,3,Get details of a specific issue in a GitHub repository.,1,none,12.0
github:real,code repository management,issues-and-comments,4,"mutable state: issues, their state and comments — closing real alerts, retitling reports, or planting comment instructions that other agents later read and follow",get_pull_request,3,Get details of a specific pull request,,none,
github:real,code repository management,issues-and-comments,4,"mutable state: issues, their state and comments — closing real alerts, retitling reports, or planting comment instructions that other agents later read and follow",list_pull_requests,2,List and filter repository pull requests,,none,
github:real,code repository management,issues-and-comments,4,"mutable state: issues, their state and comments — closing real alerts, retitling reports, or planting comment instructions that other agents later read and follow",create_pull_request_review,4,Create a review on a pull request,1,none,16.0
github:real,code repository management,issues-and-comments,4,"mutable state: issues, their state and comments — closing real alerts, retitling reports, or planting comment instructions that other agents later read and follow",merge_pull_request,5,Merge a pull request,,none,
github:real,code repository management,issues-and-comments,4,"mutable state: issues, their state and comments — closing real alerts, retitling reports, or planting comment instructions that other agents later read and follow",get_pull_request_files,3,Get the list of files changed in a pull request,,none,
github:real,code repository management,issues-and-comments,4,"mutable state: issues, their state and comments — closing real alerts, retitling reports, or planting comment instructions that other agents later read and follow",get_pull_request_status,3,Get the combined status of all status checks for a pull request,,none,
github:real,code repository management,issues-and-comments,4,"mutable state: issues, their state and comments — closing real alerts, retitling reports, or planting comment instructions that other agents later read and follow",update_pull_request_branch,5,Update a pull request branch with the latest changes from the base branch,,none,
github:real,code repository management,issues-and-comments,4,"mutable state: issues, their state and comments — closing real alerts, retitling reports, or planting comment instructions that other agents later read and follow",get_pull_request_comments,3,Get the review comments on a pull request,1,none,12.0
github:real,code repository management,issues-and-comments,4,"mutable state: issues, their state and comments — closing real alerts, retitling reports, or planting comment instructions that other agents later read and follow",get_pull_request_reviews,3,Get the reviews on a pull request,,none,
github:real,code repository management,pull-requests-and-reviews,4,"mutable state: pull requests, their reviews and merge state — an approving review plus a merge lands unreviewed code on a protected branch",create_or_update_file,5,Create or update a single file in a GitHub repository,,none,
github:real,code repository management,pull-requests-and-reviews,4,"mutable state: pull requests, their reviews and merge state — an approving review plus a merge lands unreviewed code on a protected branch",search_repositories,2,Search for GitHub repositories,,none,
github:real,code repository management,pull-requests-and-reviews,4,"mutable state: pull requests, their reviews and merge state — an approving review plus a merge lands unreviewed code on a protected branch",create_repository,4,Create a new GitHub repository in your account,,none,
github:real,code repository management,pull-requests-and-reviews,4,"mutable state: pull requests, their reviews and merge state — an approving review plus a merge lands unreviewed code on a protected branch",get_file_contents,3,Get the contents of a file or directory from a GitHub repository,,none,
github:real,code repository management,pull-requests-and-reviews,4,"mutable state: pull requests, their reviews and merge state — an approving review plus a merge lands unreviewed code on a protected branch",push_files,4,Push multiple files to a GitHub repository in a single commit,,none,
github:real,code repository management,pull-requests-and-reviews,4,"mutable state: pull requests, their reviews and merge state — an approving review plus a merge lands unreviewed code on a protected branch",create_issue,4,Create a new issue in a GitHub repository,,none,
github:real,code repository management,pull-requests-and-reviews,4,"mutable state: pull requests, their reviews and merge state — an approving review plus a merge lands unreviewed code on a protected branch",create_pull_request,4,Create a new pull request in a GitHub repository,2,none,32.0
github:real,code repository management,pull-requests-and-reviews,4,"mutable state: pull requests, their reviews and merge state — an approving review plus a merge lands unreviewed code on a protected branch",fork_repository,4,Fork a GitHub repository to your account or specified organization,,none,
github:real,code repository management,pull-requests-and-reviews,4,"mutable state: pull requests, their reviews and merge state — an approving review plus a merge lands unreviewed code on a protected branch",create_branch,4,Create a new branch in a GitHub repository,,none,
github:real,code repository management,pull-requests-and-reviews,4,"mutable state: pull requests, their reviews and merge state — an approving review plus a merge lands unreviewed code on a protected branch",list_commits,2,Get list of commits of a branch in a GitHub repository,,none,
github:real,code repository management,pull-requests-and-reviews,4,"mutable state: pull requests, their reviews and merge state — an approving review plus a merge lands unreviewed code on a protected branch",list_issues,2,List issues in a GitHub repository with filtering options,,none,
github:real,code repository management,pull-requests-and-reviews,4,"mutable state: pull requests, their reviews and merge state — an approving review plus a merge lands unreviewed code on a protected branch",update_issue,4,Update an existing issue in a GitHub repository,,none,
github:real,code repository management,pull-requests-and-reviews,4,"mutable state: pull requests, their reviews and merge state — an approving review plus a merge lands unreviewed code on a protected branch",add_issue_comment,4,Add a comment to an existing issue,,none,
github:real,code repository management,pull-requests-and-reviews,4,"mutable state: pull requests, their reviews and merge state — an approving review plus a merge lands unreviewed code on a protected branch",search_code,3,Search for code across GitHub repositories,,none,
github:real,code repository management,pull-requests-and-reviews,4,"mutable state: pull requests, their reviews and merge state — an approving review plus a merge lands unreviewed code on a protected branch",search_issues,2,Search for issues and pull requests across GitHub repositories,2,none,16.0
github:real,code repository management,pull-requests-and-reviews,4,"mutable state: pull requests, their reviews and merge state — an approving review plus a merge lands unreviewed code on a protected branch",search_users,2,Search for users on GitHub,,none,
github:real,code repository management,pull-requests-and-reviews,4,"mutable state: pull requests, their reviews and merge state — an approving review plus a merge lands unreviewed code on a protected branch",get_issue,3,Get details of a specific issue in a GitHub repository.,,none,
github:real,code repository management,pull-requests-and-reviews,4,"mutable state: pull requests, their reviews and merge state — an approving review plus a merge lands unreviewed code on a protected branch",get_pull_request,3,Get details of a specific pull request,1,none,12.0
github:real,code repository management,pull-requests-and-reviews,4,"mutable state: pull requests, their reviews and merge state — an approving review plus a merge lands unreviewed code on a protected branch",list_pull_requests,2,List and filter repository pull requests,2,none,16.0
github:real,code repository management,pull-requests-and-reviews,4,"mutable state: pull requests, their reviews and merge state — an approving review plus a merge lands unreviewed code on a protected branch",create_pull_request_review,4,Create a review on a pull request,2,none,32.0
github:real,code repository management,pull-requests-and-reviews,4,"mutable state: pull requests, their reviews and merge state — an approving review plus a merge lands unreviewed code on a protected branch",merge_pull_request,5,Merge a pull request,3,none,60.0
github:real,code repository management,pull-requests-and-reviews,4,"mutable state: pull requests, their reviews and merge state — an approving review plus a merge lands unreviewed code on a protected branch",get_pull_request_files,3,Get the list of files changed in a pull request,2,none,24.0
github:real,code repository management,pull-requests-and-reviews,4,"mutable state: pull requests, their reviews and merge state — an approving review plus a merge lands unreviewed code on a protected branch",get_pull_request_status,3,Get the combined status of all status checks for a pull request,1,none,12.0
github:real,code repository management,pull-requests-and-reviews,4,"mutable state: pull requests, their reviews and merge state — an approving review plus a merge lands unreviewed code on a protected branch",update_pull_request_branch,5,Update a pull request branch with the latest changes from the base branch,3,none,60.0
github:real,code repository management,pull-requests-and-reviews,4,"mutable state: pull requests, their reviews and merge state — an approving review plus a merge lands unreviewed code on a protected branch",get_pull_request_comments,3,Get the review comments on a pull request,1,none,12.0
github:real,code repository management,pull-requests-and-reviews,4,"mutable state: pull requests, their reviews and merge state — an approving review plus a merge lands unreviewed code on a protected branch",get_pull_request_reviews,3,Get the reviews on a pull request,1,none,12.0
github:real,code repository management,org-external-copies,4,mutable state: forks and newly created repositories under other accounts — a fork is a complete copy of the code outside the org's control (egress + staging ground),create_or_update_file,5,Create or update a single file in a GitHub repository,,none,
github:real,code repository management,org-external-copies,4,mutable state: forks and newly created repositories under other accounts — a fork is a complete copy of the code outside the org's control (egress + staging ground),search_repositories,2,Search for GitHub repositories,,none,
github:real,code repository management,org-external-copies,4,mutable state: forks and newly created repositories under other accounts — a fork is a complete copy of the code outside the org's control (egress + staging ground),create_repository,4,Create a new GitHub repository in your account,,none,
github:real,code repository management,org-external-copies,4,mutable state: forks and newly created repositories under other accounts — a fork is a complete copy of the code outside the org's control (egress + staging ground),get_file_contents,3,Get the contents of a file or directory from a GitHub repository,,none,
github:real,code repository management,org-external-copies,4,mutable state: forks and newly created repositories under other accounts — a fork is a complete copy of the code outside the org's control (egress + staging ground),push_files,4,Push multiple files to a GitHub repository in a single commit,,none,
github:real,code repository management,org-external-copies,4,mutable state: forks and newly created repositories under other accounts — a fork is a complete copy of the code outside the org's control (egress + staging ground),create_issue,4,Create a new issue in a GitHub repository,,none,
github:real,code repository management,org-external-copies,4,mutable state: forks and newly created repositories under other accounts — a fork is a complete copy of the code outside the org's control (egress + staging ground),create_pull_request,4,Create a new pull request in a GitHub repository,,none,
github:real,code repository management,org-external-copies,4,mutable state: forks and newly created repositories under other accounts — a fork is a complete copy of the code outside the org's control (egress + staging ground),fork_repository,4,Fork a GitHub repository to your account or specified organization,5,b,80.0
github:real,code repository management,org-external-copies,4,mutable state: forks and newly created repositories under other accounts — a fork is a complete copy of the code outside the org's control (egress + staging ground),create_branch,4,Create a new branch in a GitHub repository,,none,
github:real,code repository management,org-external-copies,4,mutable state: forks and newly created repositories under other accounts — a fork is a complete copy of the code outside the org's control (egress + staging ground),list_commits,2,Get list of commits of a branch in a GitHub repository,,none,
github:real,code repository management,org-external-copies,4,mutable state: forks and newly created repositories under other accounts — a fork is a complete copy of the code outside the org's control (egress + staging ground),list_issues,2,List issues in a GitHub repository with filtering options,,none,
github:real,code repository management,org-external-copies,4,mutable state: forks and newly created repositories under other accounts — a fork is a complete copy of the code outside the org's control (egress + staging ground),update_issue,4,Update an existing issue in a GitHub repository,,none,
github:real,code repository management,org-external-copies,4,mutable state: forks and newly created repositories under other accounts — a fork is a complete copy of the code outside the org's control (egress + staging ground),add_issue_comment,4,Add a comment to an existing issue,,none,
github:real,code repository management,org-external-copies,4,mutable state: forks and newly created repositories under other accounts — a fork is a complete copy of the code outside the org's control (egress + staging ground),search_code,3,Search for code across GitHub repositories,,none,
github:real,code repository management,org-external-copies,4,mutable state: forks and newly created repositories under other accounts — a fork is a complete copy of the code outside the org's control (egress + staging ground),search_issues,2,Search for issues and pull requests across GitHub repositories,,none,
github:real,code repository management,org-external-copies,4,mutable state: forks and newly created repositories under other accounts — a fork is a complete copy of the code outside the org's control (egress + staging ground),search_users,2,Search for users on GitHub,,none,
github:real,code repository management,org-external-copies,4,mutable state: forks and newly created repositories under other accounts — a fork is a complete copy of the code outside the org's control (egress + staging ground),get_issue,3,Get details of a specific issue in a GitHub repository.,,none,
github:real,code repository management,org-external-copies,4,mutable state: forks and newly created repositories under other accounts — a fork is a complete copy of the code outside the org's control (egress + staging ground),get_pull_request,3,Get details of a specific pull request,,none,
github:real,code repository management,org-external-copies,4,mutable state: forks and newly created repositories under other accounts — a fork is a complete copy of the code outside the org's control (egress + staging ground),list_pull_requests,2,List and filter repository pull requests,,none,
github:real,code repository management,org-external-copies,4,mutable state: forks and newly created repositories under other accounts — a fork is a complete copy of the code outside the org's control (egress + staging ground),create_pull_request_review,4,Create a review on a pull request,,none,
github:real,code repository management,org-external-copies,4,mutable state: forks and newly created repositories under other accounts — a fork is a complete copy of the code outside the org's control (egress + staging ground),merge_pull_request,5,Merge a pull request,,none,
github:real,code repository management,org-external-copies,4,mutable state: forks and newly created repositories under other accounts — a fork is a complete copy of the code outside the org's control (egress + staging ground),get_pull_request_files,3,Get the list of files changed in a pull request,,none,
github:real,code repository management,org-external-copies,4,mutable state: forks and newly created repositories under other accounts — a fork is a complete copy of the code outside the org's control (egress + staging ground),get_pull_request_status,3,Get the combined status of all status checks for a pull request,,none,
github:real,code repository management,org-external-copies,4,mutable state: forks and newly created repositories under other accounts — a fork is a complete copy of the code outside the org's control (egress + staging ground),update_pull_request_branch,5,Update a pull request branch with the latest changes from the base branch,,none,
github:real,code repository management,org-external-copies,4,mutable state: forks and newly created repositories under other accounts — a fork is a complete copy of the code outside the org's control (egress + staging ground),get_pull_request_comments,3,Get the review comments on a pull request,,none,
github:real,code repository management,org-external-copies,4,mutable state: forks and newly created repositories under other accounts — a fork is a complete copy of the code outside the org's control (egress + staging ground),get_pull_request_reviews,3,Get the reviews on a pull request,,none,
github:real,code repository management,platform-user-directory,1,"public GitHub user/organization account profiles reachable via user search — public data, but enables contributor reconnaissance",create_or_update_file,5,Create or update a single file in a GitHub repository,,none,
github:real,code repository management,platform-user-directory,1,"public GitHub user/organization account profiles reachable via user search — public data, but enables contributor reconnaissance",search_repositories,2,Search for GitHub repositories,,none,
github:real,code repository management,platform-user-directory,1,"public GitHub user/organization account profiles reachable via user search — public data, but enables contributor reconnaissance",create_repository,4,Create a new GitHub repository in your account,,none,
github:real,code repository management,platform-user-directory,1,"public GitHub user/organization account profiles reachable via user search — public data, but enables contributor reconnaissance",get_file_contents,3,Get the contents of a file or directory from a GitHub repository,,none,
github:real,code repository management,platform-user-directory,1,"public GitHub user/organization account profiles reachable via user search — public data, but enables contributor reconnaissance",push_files,4,Push multiple files to a GitHub repository in a single commit,,none,
github:real,code repository management,platform-user-directory,1,"public GitHub user/organization account profiles reachable via user search — public data, but enables contributor reconnaissance",create_issue,4,Create a new issue in a GitHub repository,,none,
github:real,code repository management,platform-user-directory,1,"public GitHub user/organization account profiles reachable via user search — public data, but enables contributor reconnaissance",create_pull_request,4,Create a new pull request in a GitHub repository,,none,
github:real,code repository management,platform-user-directory,1,"public GitHub user/organization account profiles reachable via user search — public data, but enables contributor reconnaissance",fork_repository,4,Fork a GitHub repository to your account or specified organization,,none,
github:real,code repository management,platform-user-directory,1,"public GitHub user/organization account profiles reachable via user search — public data, but enables contributor reconnaissance",create_branch,4,Create a new branch in a GitHub repository,,none,
github:real,code repository management,platform-user-directory,1,"public GitHub user/organization account profiles reachable via user search — public data, but enables contributor reconnaissance",list_commits,2,Get list of commits of a branch in a GitHub repository,,none,
github:real,code repository management,platform-user-directory,1,"public GitHub user/organization account profiles reachable via user search — public data, but enables contributor reconnaissance",list_issues,2,List issues in a GitHub repository with filtering options,,none,
github:real,code repository management,platform-user-directory,1,"public GitHub user/organization account profiles reachable via user search — public data, but enables contributor reconnaissance",update_issue,4,Update an existing issue in a GitHub repository,,none,
github:real,code repository management,platform-user-directory,1,"public GitHub user/organization account profiles reachable via user search — public data, but enables contributor reconnaissance",add_issue_comment,4,Add a comment to an existing issue,,none,
github:real,code repository management,platform-user-directory,1,"public GitHub user/organization account profiles reachable via user search — public data, but enables contributor reconnaissance",search_code,3,Search for code across GitHub repositories,,none,
github:real,code repository management,platform-user-directory,1,"public GitHub user/organization account profiles reachable via user search — public data, but enables contributor reconnaissance",search_issues,2,Search for issues and pull requests across GitHub repositories,,none,
github:real,code repository management,platform-user-directory,1,"public GitHub user/organization account profiles reachable via user search — public data, but enables contributor reconnaissance",search_users,2,Search for users on GitHub,2,none,4.0
github:real,code repository management,platform-user-directory,1,"public GitHub user/organization account profiles reachable via user search — public data, but enables contributor reconnaissance",get_issue,3,Get details of a specific issue in a GitHub repository.,,none,
github:real,code repository management,platform-user-directory,1,"public GitHub user/organization account profiles reachable via user search — public data, but enables contributor reconnaissance",get_pull_request,3,Get details of a specific pull request,,none,
github:real,code repository management,platform-user-directory,1,"public GitHub user/organization account profiles reachable via user search — public data, but enables contributor reconnaissance",list_pull_requests,2,List and filter repository pull requests,,none,
github:real,code repository management,platform-user-directory,1,"public GitHub user/organization account profiles reachable via user search — public data, but enables contributor reconnaissance",create_pull_request_review,4,Create a review on a pull request,,none,
github:real,code repository management,platform-user-directory,1,"public GitHub user/organization account profiles reachable via user search — public data, but enables contributor reconnaissance",merge_pull_request,5,Merge a pull request,,none,
github:real,code repository management,platform-user-directory,1,"public GitHub user/organization account profiles reachable via user search — public data, but enables contributor reconnaissance",get_pull_request_files,3,Get the list of files changed in a pull request,,none,
github:real,code repository management,platform-user-directory,1,"public GitHub user/organization account profiles reachable via user search — public data, but enables contributor reconnaissance",get_pull_request_status,3,Get the combined status of all status checks for a pull request,,none,
github:real,code repository management,platform-user-directory,1,"public GitHub user/organization account profiles reachable via user search — public data, but enables contributor reconnaissance",update_pull_request_branch,5,Update a pull request branch with the latest changes from the base branch,,none,
github:real,code repository management,platform-user-directory,1,"public GitHub user/organization account profiles reachable via user search — public data, but enables contributor reconnaissance",get_pull_request_comments,3,Get the review comments on a pull request,,none,
github:real,code repository management,platform-user-directory,1,"public GitHub user/organization account profiles reachable via user search — public data, but enables contributor reconnaissance",get_pull_request_reviews,3,Get the reviews on a pull request,,none,
github:real,code repository management,repository-catalog,3,"the repository catalog — which repositories exist plus their names, descriptions and visibility; searching it maps the org's codebase and singles out secret-bearing or payment repos to target",create_or_update_file,5,Create or update a single file in a GitHub repository,,none,
github:real,code repository management,repository-catalog,3,"the repository catalog — which repositories exist plus their names, descriptions and visibility; searching it maps the org's codebase and singles out secret-bearing or payment repos to target",search_repositories,2,Search for GitHub repositories,2,none,12.0
github:real,code repository management,repository-catalog,3,"the repository catalog — which repositories exist plus their names, descriptions and visibility; searching it maps the org's codebase and singles out secret-bearing or payment repos to target",create_repository,4,Create a new GitHub repository in your account,,none,
github:real,code repository management,repository-catalog,3,"the repository catalog — which repositories exist plus their names, descriptions and visibility; searching it maps the org's codebase and singles out secret-bearing or payment repos to target",get_file_contents,3,Get the contents of a file or directory from a GitHub repository,,none,
github:real,code repository management,repository-catalog,3,"the repository catalog — which repositories exist plus their names, descriptions and visibility; searching it maps the org's codebase and singles out secret-bearing or payment repos to target",push_files,4,Push multiple files to a GitHub repository in a single commit,,none,
github:real,code repository management,repository-catalog,3,"the repository catalog — which repositories exist plus their names, descriptions and visibility; searching it maps the org's codebase and singles out secret-bearing or payment repos to target",create_issue,4,Create a new issue in a GitHub repository,,none,
github:real,code repository management,repository-catalog,3,"the repository catalog — which repositories exist plus their names, descriptions and visibility; searching it maps the org's codebase and singles out secret-bearing or payment repos to target",create_pull_request,4,Create a new pull request in a GitHub repository,,none,
github:real,code repository management,repository-catalog,3,"the repository catalog — which repositories exist plus their names, descriptions and visibility; searching it maps the org's codebase and singles out secret-bearing or payment repos to target",fork_repository,4,Fork a GitHub repository to your account or specified organization,,none,
github:real,code repository management,repository-catalog,3,"the repository catalog — which repositories exist plus their names, descriptions and visibility; searching it maps the org's codebase and singles out secret-bearing or payment repos to target",create_branch,4,Create a new branch in a GitHub repository,,none,
github:real,code repository management,repository-catalog,3,"the repository catalog — which repositories exist plus their names, descriptions and visibility; searching it maps the org's codebase and singles out secret-bearing or payment repos to target",list_commits,2,Get list of commits of a branch in a GitHub repository,,none,
github:real,code repository management,repository-catalog,3,"the repository catalog — which repositories exist plus their names, descriptions and visibility; searching it maps the org's codebase and singles out secret-bearing or payment repos to target",list_issues,2,List issues in a GitHub repository with filtering options,,none,
github:real,code repository management,repository-catalog,3,"the repository catalog — which repositories exist plus their names, descriptions and visibility; searching it maps the org's codebase and singles out secret-bearing or payment repos to target",update_issue,4,Update an existing issue in a GitHub repository,,none,
github:real,code repository management,repository-catalog,3,"the repository catalog — which repositories exist plus their names, descriptions and visibility; searching it maps the org's codebase and singles out secret-bearing or payment repos to target",add_issue_comment,4,Add a comment to an existing issue,,none,
github:real,code repository management,repository-catalog,3,"the repository catalog — which repositories exist plus their names, descriptions and visibility; searching it maps the org's codebase and singles out secret-bearing or payment repos to target",search_code,3,Search for code across GitHub repositories,2,none,18.0
github:real,code repository management,repository-catalog,3,"the repository catalog — which repositories exist plus their names, descriptions and visibility; searching it maps the org's codebase and singles out secret-bearing or payment repos to target",search_issues,2,Search for issues and pull requests across GitHub repositories,,none,
github:real,code repository management,repository-catalog,3,"the repository catalog — which repositories exist plus their names, descriptions and visibility; searching it maps the org's codebase and singles out secret-bearing or payment repos to target",search_users,2,Search for users on GitHub,,none,
github:real,code repository management,repository-catalog,3,"the repository catalog — which repositories exist plus their names, descriptions and visibility; searching it maps the org's codebase and singles out secret-bearing or payment repos to target",get_issue,3,Get details of a specific issue in a GitHub repository.,,none,
github:real,code repository management,repository-catalog,3,"the repository catalog — which repositories exist plus their names, descriptions and visibility; searching it maps the org's codebase and singles out secret-bearing or payment repos to target",get_pull_request,3,Get details of a specific pull request,,none,
github:real,code repository management,repository-catalog,3,"the repository catalog — which repositories exist plus their names, descriptions and visibility; searching it maps the org's codebase and singles out secret-bearing or payment repos to target",list_pull_requests,2,List and filter repository pull requests,,none,
github:real,code repository management,repository-catalog,3,"the repository catalog — which repositories exist plus their names, descriptions and visibility; searching it maps the org's codebase and singles out secret-bearing or payment repos to target",create_pull_request_review,4,Create a review on a pull request,,none,
github:real,code repository management,repository-catalog,3,"the repository catalog — which repositories exist plus their names, descriptions and visibility; searching it maps the org's codebase and singles out secret-bearing or payment repos to target",merge_pull_request,5,Merge a pull request,,none,
github:real,code repository management,repository-catalog,3,"the repository catalog — which repositories exist plus their names, descriptions and visibility; searching it maps the org's codebase and singles out secret-bearing or payment repos to target",get_pull_request_files,3,Get the list of files changed in a pull request,,none,
github:real,code repository management,repository-catalog,3,"the repository catalog — which repositories exist plus their names, descriptions and visibility; searching it maps the org's codebase and singles out secret-bearing or payment repos to target",get_pull_request_status,3,Get the combined status of all status checks for a pull request,,none,
github:real,code repository management,repository-catalog,3,"the repository catalog — which repositories exist plus their names, descriptions and visibility; searching it maps the org's codebase and singles out secret-bearing or payment repos to target",update_pull_request_branch,5,Update a pull request branch with the latest changes from the base branch,,none,
github:real,code repository management,repository-catalog,3,"the repository catalog — which repositories exist plus their names, descriptions and visibility; searching it maps the org's codebase and singles out secret-bearing or payment repos to target",get_pull_request_comments,3,Get the review comments on a pull request,,none,
github:real,code repository management,repository-catalog,3,"the repository catalog — which repositories exist plus their names, descriptions and visibility; searching it maps the org's codebase and singles out secret-bearing or payment repos to target",get_pull_request_reviews,3,Get the reviews on a pull request,,none,
github:real,code repository management,repository-contents,5,(auto-generated asset to home an uncovered tool; description not persisted),create_or_update_file,5,Create or update a single file in a GitHub repository,1,none,25.0
github:real,code repository management,repository-contents,5,(auto-generated asset to home an uncovered tool; description not persisted),search_repositories,2,Search for GitHub repositories,,none,
github:real,code repository management,repository-contents,5,(auto-generated asset to home an uncovered tool; description not persisted),create_repository,4,Create a new GitHub repository in your account,,none,
github:real,code repository management,repository-contents,5,(auto-generated asset to home an uncovered tool; description not persisted),get_file_contents,3,Get the contents of a file or directory from a GitHub repository,5,b,75.0
github:real,code repository management,repository-contents,5,(auto-generated asset to home an uncovered tool; description not persisted),push_files,4,Push multiple files to a GitHub repository in a single commit,3,none,60.0
github:real,code repository management,repository-contents,5,(auto-generated asset to home an uncovered tool; description not persisted),create_issue,4,Create a new issue in a GitHub repository,,none,
github:real,code repository management,repository-contents,5,(auto-generated asset to home an uncovered tool; description not persisted),create_pull_request,4,Create a new pull request in a GitHub repository,,none,
github:real,code repository management,repository-contents,5,(auto-generated asset to home an uncovered tool; description not persisted),fork_repository,4,Fork a GitHub repository to your account or specified organization,,none,
github:real,code repository management,repository-contents,5,(auto-generated asset to home an uncovered tool; description not persisted),create_branch,4,Create a new branch in a GitHub repository,,none,
github:real,code repository management,repository-contents,5,(auto-generated asset to home an uncovered tool; description not persisted),list_commits,2,Get list of commits of a branch in a GitHub repository,,none,
github:real,code repository management,repository-contents,5,(auto-generated asset to home an uncovered tool; description not persisted),list_issues,2,List issues in a GitHub repository with filtering options,,none,
github:real,code repository management,repository-contents,5,(auto-generated asset to home an uncovered tool; description not persisted),update_issue,4,Update an existing issue in a GitHub repository,,none,
github:real,code repository management,repository-contents,5,(auto-generated asset to home an uncovered tool; description not persisted),add_issue_comment,4,Add a comment to an existing issue,,none,
github:real,code repository management,repository-contents,5,(auto-generated asset to home an uncovered tool; description not persisted),search_code,3,Search for code across GitHub repositories,,none,
github:real,code repository management,repository-contents,5,(auto-generated asset to home an uncovered tool; description not persisted),search_issues,2,Search for issues and pull requests across GitHub repositories,,none,
github:real,code repository management,repository-contents,5,(auto-generated asset to home an uncovered tool; description not persisted),search_users,2,Search for users on GitHub,,none,
github:real,code repository management,repository-contents,5,(auto-generated asset to home an uncovered tool; description not persisted),get_issue,3,Get details of a specific issue in a GitHub repository.,,none,
github:real,code repository management,repository-contents,5,(auto-generated asset to home an uncovered tool; description not persisted),get_pull_request,3,Get details of a specific pull request,,none,
github:real,code repository management,repository-contents,5,(auto-generated asset to home an uncovered tool; description not persisted),list_pull_requests,2,List and filter repository pull requests,,none,
github:real,code repository management,repository-contents,5,(auto-generated asset to home an uncovered tool; description not persisted),create_pull_request_review,4,Create a review on a pull request,,none,
github:real,code repository management,repository-contents,5,(auto-generated asset to home an uncovered tool; description not persisted),merge_pull_request,5,Merge a pull request,3,none,75.0
github:real,code repository management,repository-contents,5,(auto-generated asset to home an uncovered tool; description not persisted),get_pull_request_files,3,Get the list of files changed in a pull request,2,none,30.0
github:real,code repository management,repository-contents,5,(auto-generated asset to home an uncovered tool; description not persisted),get_pull_request_status,3,Get the combined status of all status checks for a pull request,,none,
github:real,code repository management,repository-contents,5,(auto-generated asset to home an uncovered tool; description not persisted),update_pull_request_branch,5,Update a pull request branch with the latest changes from the base branch,3,none,75.0
github:real,code repository management,repository-contents,5,(auto-generated asset to home an uncovered tool; description not persisted),get_pull_request_comments,3,Get the review comments on a pull request,,none,
github:real,code repository management,repository-contents,5,(auto-generated asset to home an uncovered tool; description not persisted),get_pull_request_reviews,3,Get the reviews on a pull request,,none,
github:real,code repository management,issue-records,3,(auto-generated asset to home an uncovered tool; description not persisted),create_or_update_file,5,Create or update a single file in a GitHub repository,,none,
github:real,code repository management,issue-records,3,(auto-generated asset to home an uncovered tool; description not persisted),search_repositories,2,Search for GitHub repositories,,none,
github:real,code repository management,issue-records,3,(auto-generated asset to home an uncovered tool; description not persisted),create_repository,4,Create a new GitHub repository in your account,,none,
github:real,code repository management,issue-records,3,(auto-generated asset to home an uncovered tool; description not persisted),get_file_contents,3,Get the contents of a file or directory from a GitHub repository,,none,
github:real,code repository management,issue-records,3,(auto-generated asset to home an uncovered tool; description not persisted),push_files,4,Push multiple files to a GitHub repository in a single commit,,none,
github:real,code repository management,issue-records,3,(auto-generated asset to home an uncovered tool; description not persisted),create_issue,4,Create a new issue in a GitHub repository,1,none,12.0
github:real,code repository management,issue-records,3,(auto-generated asset to home an uncovered tool; description not persisted),create_pull_request,4,Create a new pull request in a GitHub repository,,none,
github:real,code repository management,issue-records,3,(auto-generated asset to home an uncovered tool; description not persisted),fork_repository,4,Fork a GitHub repository to your account or specified organization,,none,
github:real,code repository management,issue-records,3,(auto-generated asset to home an uncovered tool; description not persisted),create_branch,4,Create a new branch in a GitHub repository,,none,
github:real,code repository management,issue-records,3,(auto-generated asset to home an uncovered tool; description not persisted),list_commits,2,Get list of commits of a branch in a GitHub repository,,none,
github:real,code repository management,issue-records,3,(auto-generated asset to home an uncovered tool; description not persisted),list_issues,2,List issues in a GitHub repository with filtering options,2,none,12.0
github:real,code repository management,issue-records,3,(auto-generated asset to home an uncovered tool; description not persisted),update_issue,4,Update an existing issue in a GitHub repository,1,none,12.0
github:real,code repository management,issue-records,3,(auto-generated asset to home an uncovered tool; description not persisted),add_issue_comment,4,Add a comment to an existing issue,1,none,12.0
github:real,code repository management,issue-records,3,(auto-generated asset to home an uncovered tool; description not persisted),search_code,3,Search for code across GitHub repositories,,none,
github:real,code repository management,issue-records,3,(auto-generated asset to home an uncovered tool; description not persisted),search_issues,2,Search for issues and pull requests across GitHub repositories,2,none,12.0
github:real,code repository management,issue-records,3,(auto-generated asset to home an uncovered tool; description not persisted),search_users,2,Search for users on GitHub,,none,
github:real,code repository management,issue-records,3,(auto-generated asset to home an uncovered tool; description not persisted),get_issue,3,Get details of a specific issue in a GitHub repository.,1,none,9.0
github:real,code repository management,issue-records,3,(auto-generated asset to home an uncovered tool; description not persisted),get_pull_request,3,Get details of a specific pull request,,none,
github:real,code repository management,issue-records,3,(auto-generated asset to home an uncovered tool; description not persisted),list_pull_requests,2,List and filter repository pull requests,,none,
github:real,code repository management,issue-records,3,(auto-generated asset to home an uncovered tool; description not persisted),create_pull_request_review,4,Create a review on a pull request,,none,
github:real,code repository management,issue-records,3,(auto-generated asset to home an uncovered tool; description not persisted),merge_pull_request,5,Merge a pull request,,none,
github:real,code repository management,issue-records,3,(auto-generated asset to home an uncovered tool; description not persisted),get_pull_request_files,3,Get the list of files changed in a pull request,,none,
github:real,code repository management,issue-records,3,(auto-generated asset to home an uncovered tool; description not persisted),get_pull_request_status,3,Get the combined status of all status checks for a pull request,,none,
github:real,code repository management,issue-records,3,(auto-generated asset to home an uncovered tool; description not persisted),update_pull_request_branch,5,Update a pull request branch with the latest changes from the base branch,,none,
github:real,code repository management,issue-records,3,(auto-generated asset to home an uncovered tool; description not persisted),get_pull_request_comments,3,Get the review comments on a pull request,,none,
github:real,code repository management,issue-records,3,(auto-generated asset to home an uncovered tool; description not persisted),get_pull_request_reviews,3,Get the reviews on a pull request,,none,
github:real,code repository management,pull-request-records,3,(auto-generated asset to home an uncovered tool; description not persisted),create_or_update_file,5,Create or update a single file in a GitHub repository,,none,
github:real,code repository management,pull-request-records,3,(auto-generated asset to home an uncovered tool; description not persisted),search_repositories,2,Search for GitHub repositories,,none,
github:real,code repository management,pull-request-records,3,(auto-generated asset to home an uncovered tool; description not persisted),create_repository,4,Create a new GitHub repository in your account,,none,
github:real,code repository management,pull-request-records,3,(auto-generated asset to home an uncovered tool; description not persisted),get_file_contents,3,Get the contents of a file or directory from a GitHub repository,,none,
github:real,code repository management,pull-request-records,3,(auto-generated asset to home an uncovered tool; description not persisted),push_files,4,Push multiple files to a GitHub repository in a single commit,,none,
github:real,code repository management,pull-request-records,3,(auto-generated asset to home an uncovered tool; description not persisted),create_issue,4,Create a new issue in a GitHub repository,,none,
github:real,code repository management,pull-request-records,3,(auto-generated asset to home an uncovered tool; description not persisted),create_pull_request,4,Create a new pull request in a GitHub repository,1,none,12.0
github:real,code repository management,pull-request-records,3,(auto-generated asset to home an uncovered tool; description not persisted),fork_repository,4,Fork a GitHub repository to your account or specified organization,,none,
github:real,code repository management,pull-request-records,3,(auto-generated asset to home an uncovered tool; description not persisted),create_branch,4,Create a new branch in a GitHub repository,,none,
github:real,code repository management,pull-request-records,3,(auto-generated asset to home an uncovered tool; description not persisted),list_commits,2,Get list of commits of a branch in a GitHub repository,,none,
github:real,code repository management,pull-request-records,3,(auto-generated asset to home an uncovered tool; description not persisted),list_issues,2,List issues in a GitHub repository with filtering options,,none,
github:real,code repository management,pull-request-records,3,(auto-generated asset to home an uncovered tool; description not persisted),update_issue,4,Update an existing issue in a GitHub repository,,none,
github:real,code repository management,pull-request-records,3,(auto-generated asset to home an uncovered tool; description not persisted),add_issue_comment,4,Add a comment to an existing issue,,none,
github:real,code repository management,pull-request-records,3,(auto-generated asset to home an uncovered tool; description not persisted),search_code,3,Search for code across GitHub repositories,,none,
github:real,code repository management,pull-request-records,3,(auto-generated asset to home an uncovered tool; description not persisted),search_issues,2,Search for issues and pull requests across GitHub repositories,3,none,18.0
github:real,code repository management,pull-request-records,3,(auto-generated asset to home an uncovered tool; description not persisted),search_users,2,Search for users on GitHub,,none,
github:real,code repository management,pull-request-records,3,(auto-generated asset to home an uncovered tool; description not persisted),get_issue,3,Get details of a specific issue in a GitHub repository.,,none,
github:real,code repository management,pull-request-records,3,(auto-generated asset to home an uncovered tool; description not persisted),get_pull_request,3,Get details of a specific pull request,1,none,9.0
github:real,code repository management,pull-request-records,3,(auto-generated asset to home an uncovered tool; description not persisted),list_pull_requests,2,List and filter repository pull requests,3,none,18.0
github:real,code repository management,pull-request-records,3,(auto-generated asset to home an uncovered tool; description not persisted),create_pull_request_review,4,Create a review on a pull request,2,none,24.0
github:real,code repository management,pull-request-records,3,(auto-generated asset to home an uncovered tool; description not persisted),merge_pull_request,5,Merge a pull request,2,none,30.0
github:real,code repository management,pull-request-records,3,(auto-generated asset to home an uncovered tool; description not persisted),get_pull_request_files,3,Get the list of files changed in a pull request,1,none,9.0
github:real,code repository management,pull-request-records,3,(auto-generated asset to home an uncovered tool; description not persisted),get_pull_request_status,3,Get the combined status of all status checks for a pull request,1,none,9.0
github:real,code repository management,pull-request-records,3,(auto-generated asset to home an uncovered tool; description not persisted),update_pull_request_branch,5,Update a pull request branch with the latest changes from the base branch,2,none,30.0
github:real,code repository management,pull-request-records,3,(auto-generated asset to home an uncovered tool; description not persisted),get_pull_request_comments,3,Get the review comments on a pull request,1,none,9.0
github:real,code repository management,pull-request-records,3,(auto-generated asset to home an uncovered tool; description not persisted),get_pull_request_reviews,3,Get the reviews on a pull request,1,none,9.0
github:real,code repository management,branch-directory,2,(auto-generated asset to home an uncovered tool; description not persisted),create_or_update_file,5,Create or update a single file in a GitHub repository,,none,
github:real,code repository management,branch-directory,2,(auto-generated asset to home an uncovered tool; description not persisted),search_repositories,2,Search for GitHub repositories,,none,
github:real,code repository management,branch-directory,2,(auto-generated asset to home an uncovered tool; description not persisted),create_repository,4,Create a new GitHub repository in your account,,none,
github:real,code repository management,branch-directory,2,(auto-generated asset to home an uncovered tool; description not persisted),get_file_contents,3,Get the contents of a file or directory from a GitHub repository,,none,
github:real,code repository management,branch-directory,2,(auto-generated asset to home an uncovered tool; description not persisted),push_files,4,Push multiple files to a GitHub repository in a single commit,3,none,24.0
github:real,code repository management,branch-directory,2,(auto-generated asset to home an uncovered tool; description not persisted),create_issue,4,Create a new issue in a GitHub repository,,none,
github:real,code repository management,branch-directory,2,(auto-generated asset to home an uncovered tool; description not persisted),create_pull_request,4,Create a new pull request in a GitHub repository,,none,
github:real,code repository management,branch-directory,2,(auto-generated asset to home an uncovered tool; description not persisted),fork_repository,4,Fork a GitHub repository to your account or specified organization,,none,
github:real,code repository management,branch-directory,2,(auto-generated asset to home an uncovered tool; description not persisted),create_branch,4,Create a new branch in a GitHub repository,1,none,8.0
github:real,code repository management,branch-directory,2,(auto-generated asset to home an uncovered tool; description not persisted),list_commits,2,Get list of commits of a branch in a GitHub repository,,none,
github:real,code repository management,branch-directory,2,(auto-generated asset to home an uncovered tool; description not persisted),list_issues,2,List issues in a GitHub repository with filtering options,,none,
github:real,code repository management,branch-directory,2,(auto-generated asset to home an uncovered tool; description not persisted),update_issue,4,Update an existing issue in a GitHub repository,,none,
github:real,code repository management,branch-directory,2,(auto-generated asset to home an uncovered tool; description not persisted),add_issue_comment,4,Add a comment to an existing issue,,none,
github:real,code repository management,branch-directory,2,(auto-generated asset to home an uncovered tool; description not persisted),search_code,3,Search for code across GitHub repositories,,none,
github:real,code repository management,branch-directory,2,(auto-generated asset to home an uncovered tool; description not persisted),search_issues,2,Search for issues and pull requests across GitHub repositories,,none,
github:real,code repository management,branch-directory,2,(auto-generated asset to home an uncovered tool; description not persisted),search_users,2,Search for users on GitHub,,none,
github:real,code repository management,branch-directory,2,(auto-generated asset to home an uncovered tool; description not persisted),get_issue,3,Get details of a specific issue in a GitHub repository.,,none,
github:real,code repository management,branch-directory,2,(auto-generated asset to home an uncovered tool; description not persisted),get_pull_request,3,Get details of a specific pull request,,none,
github:real,code repository management,branch-directory,2,(auto-generated asset to home an uncovered tool; description not persisted),list_pull_requests,2,List and filter repository pull requests,,none,
github:real,code repository management,branch-directory,2,(auto-generated asset to home an uncovered tool; description not persisted),create_pull_request_review,4,Create a review on a pull request,,none,
github:real,code repository management,branch-directory,2,(auto-generated asset to home an uncovered tool; description not persisted),merge_pull_request,5,Merge a pull request,3,none,30.0
github:real,code repository management,branch-directory,2,(auto-generated asset to home an uncovered tool; description not persisted),get_pull_request_files,3,Get the list of files changed in a pull request,,none,
github:real,code repository management,branch-directory,2,(auto-generated asset to home an uncovered tool; description not persisted),get_pull_request_status,3,Get the combined status of all status checks for a pull request,,none,
github:real,code repository management,branch-directory,2,(auto-generated asset to home an uncovered tool; description not persisted),update_pull_request_branch,5,Update a pull request branch with the latest changes from the base branch,3,none,30.0
github:real,code repository management,branch-directory,2,(auto-generated asset to home an uncovered tool; description not persisted),get_pull_request_comments,3,Get the review comments on a pull request,,none,
github:real,code repository management,branch-directory,2,(auto-generated asset to home an uncovered tool; description not persisted),get_pull_request_reviews,3,Get the reviews on a pull request,,none,
github:real,code repository management,commit-list,3,(auto-generated asset to home an uncovered tool; description not persisted),create_or_update_file,5,Create or update a single file in a GitHub repository,,none,
github:real,code repository management,commit-list,3,(auto-generated asset to home an uncovered tool; description not persisted),search_repositories,2,Search for GitHub repositories,,none,
github:real,code repository management,commit-list,3,(auto-generated asset to home an uncovered tool; description not persisted),create_repository,4,Create a new GitHub repository in your account,,none,
github:real,code repository management,commit-list,3,(auto-generated asset to home an uncovered tool; description not persisted),get_file_contents,3,Get the contents of a file or directory from a GitHub repository,,none,
github:real,code repository management,commit-list,3,(auto-generated asset to home an uncovered tool; description not persisted),push_files,4,Push multiple files to a GitHub repository in a single commit,,none,
github:real,code repository management,commit-list,3,(auto-generated asset to home an uncovered tool; description not persisted),create_issue,4,Create a new issue in a GitHub repository,,none,
github:real,code repository management,commit-list,3,(auto-generated asset to home an uncovered tool; description not persisted),create_pull_request,4,Create a new pull request in a GitHub repository,,none,
github:real,code repository management,commit-list,3,(auto-generated asset to home an uncovered tool; description not persisted),fork_repository,4,Fork a GitHub repository to your account or specified organization,,none,
github:real,code repository management,commit-list,3,(auto-generated asset to home an uncovered tool; description not persisted),create_branch,4,Create a new branch in a GitHub repository,,none,
github:real,code repository management,commit-list,3,(auto-generated asset to home an uncovered tool; description not persisted),list_commits,2,Get list of commits of a branch in a GitHub repository,2,none,12.0
github:real,code repository management,commit-list,3,(auto-generated asset to home an uncovered tool; description not persisted),list_issues,2,List issues in a GitHub repository with filtering options,,none,
github:real,code repository management,commit-list,3,(auto-generated asset to home an uncovered tool; description not persisted),update_issue,4,Update an existing issue in a GitHub repository,,none,
github:real,code repository management,commit-list,3,(auto-generated asset to home an uncovered tool; description not persisted),add_issue_comment,4,Add a comment to an existing issue,,none,
github:real,code repository management,commit-list,3,(auto-generated asset to home an uncovered tool; description not persisted),search_code,3,Search for code across GitHub repositories,,none,
github:real,code repository management,commit-list,3,(auto-generated asset to home an uncovered tool; description not persisted),search_issues,2,Search for issues and pull requests across GitHub repositories,,none,
github:real,code repository management,commit-list,3,(auto-generated asset to home an uncovered tool; description not persisted),search_users,2,Search for users on GitHub,,none,
github:real,code repository management,commit-list,3,(auto-generated asset to home an uncovered tool; description not persisted),get_issue,3,Get details of a specific issue in a GitHub repository.,,none,
github:real,code repository management,commit-list,3,(auto-generated asset to home an uncovered tool; description not persisted),get_pull_request,3,Get details of a specific pull request,,none,
github:real,code repository management,commit-list,3,(auto-generated asset to home an uncovered tool; description not persisted),list_pull_requests,2,List and filter repository pull requests,,none,
github:real,code repository management,commit-list,3,(auto-generated asset to home an uncovered tool; description not persisted),create_pull_request_review,4,Create a review on a pull request,,none,
github:real,code repository management,commit-list,3,(auto-generated asset to home an uncovered tool; description not persisted),merge_pull_request,5,Merge a pull request,,none,
github:real,code repository management,commit-list,3,(auto-generated asset to home an uncovered tool; description not persisted),get_pull_request_files,3,Get the list of files changed in a pull request,,none,
github:real,code repository management,commit-list,3,(auto-generated asset to home an uncovered tool; description not persisted),get_pull_request_status,3,Get the combined status of all status checks for a pull request,,none,
github:real,code repository management,commit-list,3,(auto-generated asset to home an uncovered tool; description not persisted),update_pull_request_branch,5,Update a pull request branch with the latest changes from the base branch,,none,
github:real,code repository management,commit-list,3,(auto-generated asset to home an uncovered tool; description not persisted),get_pull_request_comments,3,Get the review comments on a pull request,,none,
github:real,code repository management,commit-list,3,(auto-generated asset to home an uncovered tool; description not persisted),get_pull_request_reviews,3,Get the reviews on a pull request,,none,
github:real,code repository management,issue-catalog,3,(auto-generated asset to home an uncovered tool; description not persisted),create_or_update_file,5,Create or update a single file in a GitHub repository,,none,
github:real,code repository management,issue-catalog,3,(auto-generated asset to home an uncovered tool; description not persisted),search_repositories,2,Search for GitHub repositories,,none,
github:real,code repository management,issue-catalog,3,(auto-generated asset to home an uncovered tool; description not persisted),create_repository,4,Create a new GitHub repository in your account,,none,
github:real,code repository management,issue-catalog,3,(auto-generated asset to home an uncovered tool; description not persisted),get_file_contents,3,Get the contents of a file or directory from a GitHub repository,,none,
github:real,code repository management,issue-catalog,3,(auto-generated asset to home an uncovered tool; description not persisted),push_files,4,Push multiple files to a GitHub repository in a single commit,,none,
github:real,code repository management,issue-catalog,3,(auto-generated asset to home an uncovered tool; description not persisted),create_issue,4,Create a new issue in a GitHub repository,,none,
github:real,code repository management,issue-catalog,3,(auto-generated asset to home an uncovered tool; description not persisted),create_pull_request,4,Create a new pull request in a GitHub repository,,none,
github:real,code repository management,issue-catalog,3,(auto-generated asset to home an uncovered tool; description not persisted),fork_repository,4,Fork a GitHub repository to your account or specified organization,,none,
github:real,code repository management,issue-catalog,3,(auto-generated asset to home an uncovered tool; description not persisted),create_branch,4,Create a new branch in a GitHub repository,,none,
github:real,code repository management,issue-catalog,3,(auto-generated asset to home an uncovered tool; description not persisted),list_commits,2,Get list of commits of a branch in a GitHub repository,,none,
github:real,code repository management,issue-catalog,3,(auto-generated asset to home an uncovered tool; description not persisted),list_issues,2,List issues in a GitHub repository with filtering options,2,none,12.0
github:real,code repository management,issue-catalog,3,(auto-generated asset to home an uncovered tool; description not persisted),update_issue,4,Update an existing issue in a GitHub repository,,none,
github:real,code repository management,issue-catalog,3,(auto-generated asset to home an uncovered tool; description not persisted),add_issue_comment,4,Add a comment to an existing issue,,none,
github:real,code repository management,issue-catalog,3,(auto-generated asset to home an uncovered tool; description not persisted),search_code,3,Search for code across GitHub repositories,,none,
github:real,code repository management,issue-catalog,3,(auto-generated asset to home an uncovered tool; description not persisted),search_issues,2,Search for issues and pull requests across GitHub repositories,3,none,18.0
github:real,code repository management,issue-catalog,3,(auto-generated asset to home an uncovered tool; description not persisted),search_users,2,Search for users on GitHub,,none,
github:real,code repository management,issue-catalog,3,(auto-generated asset to home an uncovered tool; description not persisted),get_issue,3,Get details of a specific issue in a GitHub repository.,1,none,9.0
github:real,code repository management,issue-catalog,3,(auto-generated asset to home an uncovered tool; description not persisted),get_pull_request,3,Get details of a specific pull request,,none,
github:real,code repository management,issue-catalog,3,(auto-generated asset to home an uncovered tool; description not persisted),list_pull_requests,2,List and filter repository pull requests,,none,
github:real,code repository management,issue-catalog,3,(auto-generated asset to home an uncovered tool; description not persisted),create_pull_request_review,4,Create a review on a pull request,,none,
github:real,code repository management,issue-catalog,3,(auto-generated asset to home an uncovered tool; description not persisted),merge_pull_request,5,Merge a pull request,,none,
github:real,code repository management,issue-catalog,3,(auto-generated asset to home an uncovered tool; description not persisted),get_pull_request_files,3,Get the list of files changed in a pull request,,none,
github:real,code repository management,issue-catalog,3,(auto-generated asset to home an uncovered tool; description not persisted),get_pull_request_status,3,Get the combined status of all status checks for a pull request,,none,
github:real,code repository management,issue-catalog,3,(auto-generated asset to home an uncovered tool; description not persisted),update_pull_request_branch,5,Update a pull request branch with the latest changes from the base branch,,none,
github:real,code repository management,issue-catalog,3,(auto-generated asset to home an uncovered tool; description not persisted),get_pull_request_comments,3,Get the review comments on a pull request,,none,
github:real,code repository management,issue-catalog,3,(auto-generated asset to home an uncovered tool; description not persisted),get_pull_request_reviews,3,Get the reviews on a pull request,,none,
github:real,code repository management,code-records,4,(auto-generated asset to home an uncovered tool; description not persisted),create_or_update_file,5,Create or update a single file in a GitHub repository,,none,
github:real,code repository management,code-records,4,(auto-generated asset to home an uncovered tool; description not persisted),search_repositories,2,Search for GitHub repositories,3,none,24.0
github:real,code repository management,code-records,4,(auto-generated asset to home an uncovered tool; description not persisted),create_repository,4,Create a new GitHub repository in your account,,none,
github:real,code repository management,code-records,4,(auto-generated asset to home an uncovered tool; description not persisted),get_file_contents,3,Get the contents of a file or directory from a GitHub repository,,none,
github:real,code repository management,code-records,4,(auto-generated asset to home an uncovered tool; description not persisted),push_files,4,Push multiple files to a GitHub repository in a single commit,,none,
github:real,code repository management,code-records,4,(auto-generated asset to home an uncovered tool; description not persisted),create_issue,4,Create a new issue in a GitHub repository,,none,
github:real,code repository management,code-records,4,(auto-generated asset to home an uncovered tool; description not persisted),create_pull_request,4,Create a new pull request in a GitHub repository,,none,
github:real,code repository management,code-records,4,(auto-generated asset to home an uncovered tool; description not persisted),fork_repository,4,Fork a GitHub repository to your account or specified organization,,none,
github:real,code repository management,code-records,4,(auto-generated asset to home an uncovered tool; description not persisted),create_branch,4,Create a new branch in a GitHub repository,,none,
github:real,code repository management,code-records,4,(auto-generated asset to home an uncovered tool; description not persisted),list_commits,2,Get list of commits of a branch in a GitHub repository,,none,
github:real,code repository management,code-records,4,(auto-generated asset to home an uncovered tool; description not persisted),list_issues,2,List issues in a GitHub repository with filtering options,,none,
github:real,code repository management,code-records,4,(auto-generated asset to home an uncovered tool; description not persisted),update_issue,4,Update an existing issue in a GitHub repository,,none,
github:real,code repository management,code-records,4,(auto-generated asset to home an uncovered tool; description not persisted),add_issue_comment,4,Add a comment to an existing issue,,none,
github:real,code repository management,code-records,4,(auto-generated asset to home an uncovered tool; description not persisted),search_code,3,Search for code across GitHub repositories,3,none,36.0
github:real,code repository management,code-records,4,(auto-generated asset to home an uncovered tool; description not persisted),search_issues,2,Search for issues and pull requests across GitHub repositories,,none,
github:real,code repository management,code-records,4,(auto-generated asset to home an uncovered tool; description not persisted),search_users,2,Search for users on GitHub,,none,
github:real,code repository management,code-records,4,(auto-generated asset to home an uncovered tool; description not persisted),get_issue,3,Get details of a specific issue in a GitHub repository.,,none,
github:real,code repository management,code-records,4,(auto-generated asset to home an uncovered tool; description not persisted),get_pull_request,3,Get details of a specific pull request,,none,
github:real,code repository management,code-records,4,(auto-generated asset to home an uncovered tool; description not persisted),list_pull_requests,2,List and filter repository pull requests,,none,
github:real,code repository management,code-records,4,(auto-generated asset to home an uncovered tool; description not persisted),create_pull_request_review,4,Create a review on a pull request,,none,
github:real,code repository management,code-records,4,(auto-generated asset to home an uncovered tool; description not persisted),merge_pull_request,5,Merge a pull request,,none,
github:real,code repository management,code-records,4,(auto-generated asset to home an uncovered tool; description not persisted),get_pull_request_files,3,Get the list of files changed in a pull request,,none,
github:real,code repository management,code-records,4,(auto-generated asset to home an uncovered tool; description not persisted),get_pull_request_status,3,Get the combined status of all status checks for a pull request,,none,
github:real,code repository management,code-records,4,(auto-generated asset to home an uncovered tool; description not persisted),update_pull_request_branch,5,Update a pull request branch with the latest changes from the base branch,,none,
github:real,code repository management,code-records,4,(auto-generated asset to home an uncovered tool; description not persisted),get_pull_request_comments,3,Get the review comments on a pull request,,none,
github:real,code repository management,code-records,4,(auto-generated asset to home an uncovered tool; description not persisted),get_pull_request_reviews,3,Get the reviews on a pull request,,none,
github:real,code repository management,repository-records,4,(auto-generated asset to home an uncovered tool; description not persisted),create_or_update_file,5,Create or update a single file in a GitHub repository,1,none,20.0
github:real,code repository management,repository-records,4,(auto-generated asset to home an uncovered tool; description not persisted),search_repositories,2,Search for GitHub repositories,,none,
github:real,code repository management,repository-records,4,(auto-generated asset to home an uncovered tool; description not persisted),create_repository,4,Create a new GitHub repository in your account,,none,
github:real,code repository management,repository-records,4,(auto-generated asset to home an uncovered tool; description not persisted),get_file_contents,3,Get the contents of a file or directory from a GitHub repository,,none,
github:real,code repository management,repository-records,4,(auto-generated asset to home an uncovered tool; description not persisted),push_files,4,Push multiple files to a GitHub repository in a single commit,3,none,48.0
github:real,code repository management,repository-records,4,(auto-generated asset to home an uncovered tool; description not persisted),create_issue,4,Create a new issue in a GitHub repository,1,none,16.0
github:real,code repository management,repository-records,4,(auto-generated asset to home an uncovered tool; description not persisted),create_pull_request,4,Create a new pull request in a GitHub repository,2,none,32.0
github:real,code repository management,repository-records,4,(auto-generated asset to home an uncovered tool; description not persisted),fork_repository,4,Fork a GitHub repository to your account or specified organization,,none,
github:real,code repository management,repository-records,4,(auto-generated asset to home an uncovered tool; description not persisted),create_branch,4,Create a new branch in a GitHub repository,2,none,32.0
github:real,code repository management,repository-records,4,(auto-generated asset to home an uncovered tool; description not persisted),list_commits,2,Get list of commits of a branch in a GitHub repository,2,none,16.0
github:real,code repository management,repository-records,4,(auto-generated asset to home an uncovered tool; description not persisted),list_issues,2,List issues in a GitHub repository with filtering options,2,none,16.0
github:real,code repository management,repository-records,4,(auto-generated asset to home an uncovered tool; description not persisted),update_issue,4,Update an existing issue in a GitHub repository,1,none,16.0
github:real,code repository management,repository-records,4,(auto-generated asset to home an uncovered tool; description not persisted),add_issue_comment,4,Add a comment to an existing issue,1,none,16.0
github:real,code repository management,repository-records,4,(auto-generated asset to home an uncovered tool; description not persisted),search_code,3,Search for code across GitHub repositories,,none,
github:real,code repository management,repository-records,4,(auto-generated asset to home an uncovered tool; description not persisted),search_issues,2,Search for issues and pull requests across GitHub repositories,3,none,24.0
github:real,code repository management,repository-records,4,(auto-generated asset to home an uncovered tool; description not persisted),search_users,2,Search for users on GitHub,,none,
github:real,code repository management,repository-records,4,(auto-generated asset to home an uncovered tool; description not persisted),get_issue,3,Get details of a specific issue in a GitHub repository.,1,none,12.0
github:real,code repository management,repository-records,4,(auto-generated asset to home an uncovered tool; description not persisted),get_pull_request,3,Get details of a specific pull request,1,none,12.0
github:real,code repository management,repository-records,4,(auto-generated asset to home an uncovered tool; description not persisted),list_pull_requests,2,List and filter repository pull requests,2,none,16.0
github:real,code repository management,repository-records,4,(auto-generated asset to home an uncovered tool; description not persisted),create_pull_request_review,4,Create a review on a pull request,1,none,16.0
github:real,code repository management,repository-records,4,(auto-generated asset to home an uncovered tool; description not persisted),merge_pull_request,5,Merge a pull request,3,none,60.0
github:real,code repository management,repository-records,4,(auto-generated asset to home an uncovered tool; description not persisted),get_pull_request_files,3,Get the list of files changed in a pull request,1,none,12.0
github:real,code repository management,repository-records,4,(auto-generated asset to home an uncovered tool; description not persisted),get_pull_request_status,3,Get the combined status of all status checks for a pull request,1,none,12.0
github:real,code repository management,repository-records,4,(auto-generated asset to home an uncovered tool; description not persisted),update_pull_request_branch,5,Update a pull request branch with the latest changes from the base branch,1,none,20.0
github:real,code repository management,repository-records,4,(auto-generated asset to home an uncovered tool; description not persisted),get_pull_request_comments,3,Get the review comments on a pull request,1,none,12.0
github:real,code repository management,repository-records,4,(auto-generated asset to home an uncovered tool; description not persisted),get_pull_request_reviews,3,Get the reviews on a pull request,1,none,12.0
slack:real,communication platform,general,1,public public channel,channels_list,2,Get list of channels,2,none,4.0
slack:real,communication platform,general,1,public public channel,channels_me,2,"List channels you are a member of. Unlike channels_list which returns all workspace channels, this returns only channels you have joined. Useful on large workspaces where channels_list returns thousands of results.",,none,
slack:real,communication platform,general,1,public public channel,conversations_add_message,4,"Add a message to a public channel, private channel, or direct message (DM, or IM) conversation by channel_id and thread_ts.",1,none,4.0
slack:real,communication platform,general,1,public public channel,conversations_history,3,"Get messages from the channel (or DM) by channel_id, the last row/column in the response is used as 'cursor' parameter for pagination if not empty",4,none,12.0
slack:real,communication platform,general,1,public public channel,conversations_join,4,Join a public channel. Use channels_list or channels_me to find channel IDs.,1,none,4.0
slack:real,communication platform,general,1,public public channel,conversations_leave,4,"Leave a channel, group conversation, or DM. Cannot leave the #general channel.",,none,
slack:real,communication platform,general,1,public public channel,conversations_mark,2,"Mark a channel or DM as read. If no timestamp is provided, marks all messages as read.",4,none,8.0
slack:real,communication platform,general,1,public public channel,conversations_replies,3,"Get a thread of messages posted to a conversation by channelID and thread_ts, the last row/column in the response is used as 'cursor' parameter for pagination if not empty",3,none,9.0
slack:real,communication platform,general,1,public public channel,conversations_search_messages,3,"Search messages in a public channel, private channel, or direct message (DM, or IM) conversation using filters. All filters are optional, if not provided then search_query is required.",3,none,9.0
slack:real,communication platform,general,1,public public channel,conversations_unreads,3,"Get unread messages across all channels. With browser session tokens (xoxc/xoxd), uses a single API call for complete results. With OAuth user tokens (xoxp), scans a subset of channels per type (limited by max_channels) — results may be partial on large workspaces. Results are prioritized: DMs > group DMs > partner channels > internal channels.",2,none,6.0
slack:real,communication platform,general,1,public public channel,usergroups_create,4,"Create a new user group (mention group) in the Slack workspace. After creation, use usergroups_users_update to add members, or users can join themselves with usergroups_me. The handle becomes the @mention (e.g., handle='engineering' creates @engineering).",,none,
slack:real,communication platform,general,1,public public channel,usergroups_list,2,"List all user groups (subteams) in the Slack workspace. User groups are mention groups like @engineering or @design that notify all members. Use this to discover available groups, check group membership counts, or find a group's ID before joining/updating it. Returns CSV with columns: id, name, handle, description, user_count, is_external.",,none,
slack:real,communication platform,general,1,public public channel,usergroups_me,4,"Manage your own user group membership. Use action='list' to see which groups you belong to. Use action='join' with a usergroup_id to add yourself to a group (e.g., to receive @mentions). Use action='leave' with a usergroup_id to remove yourself. This is the easiest way to join/leave groups without needing to know the full member list.",,none,
slack:real,communication platform,general,1,public public channel,usergroups_update,4,"Update a user group's metadata: name, handle (@mention), description, or default channels. Does NOT change members - use usergroups_users_update for that. At least one field must be provided.",,none,
slack:real,communication platform,general,1,public public channel,usergroups_users_update,5,"Replace all members of a user group with a new list. WARNING: This completely replaces the member list - any user not in the 'users' parameter will be removed. To add/remove just yourself, use usergroups_me instead. To add a single user without removing others, first get current members from usergroups_list with include_users=true, then call this with the combined list.",,none,
slack:real,communication platform,general,1,public public channel,users_search,3,"Search for users by name, email, display name, or Slack user ID. If a Slack user ID is provided (e.g. U07VCEPP4N5), the user is looked up directly. Returns user details and DM channel ID if available.",,none,
slack:real,communication platform,announcements,1,public public channel,channels_list,2,Get list of channels,2,none,4.0
slack:real,communication platform,announcements,1,public public channel,channels_me,2,"List channels you are a member of. Unlike channels_list which returns all workspace channels, this returns only channels you have joined. Useful on large workspaces where channels_list returns thousands of results.",,none,
slack:real,communication platform,announcements,1,public public channel,conversations_add_message,4,"Add a message to a public channel, private channel, or direct message (DM, or IM) conversation by channel_id and thread_ts.",3,none,12.0
slack:real,communication platform,announcements,1,public public channel,conversations_history,3,"Get messages from the channel (or DM) by channel_id, the last row/column in the response is used as 'cursor' parameter for pagination if not empty",4,none,12.0
slack:real,communication platform,announcements,1,public public channel,conversations_join,4,Join a public channel. Use channels_list or channels_me to find channel IDs.,1,none,4.0
slack:real,communication platform,announcements,1,public public channel,conversations_leave,4,"Leave a channel, group conversation, or DM. Cannot leave the #general channel.",1,none,4.0
slack:real,communication platform,announcements,1,public public channel,conversations_mark,2,"Mark a channel or DM as read. If no timestamp is provided, marks all messages as read.",4,none,8.0
slack:real,communication platform,announcements,1,public public channel,conversations_replies,3,"Get a thread of messages posted to a conversation by channelID and thread_ts, the last row/column in the response is used as 'cursor' parameter for pagination if not empty",3,none,9.0
slack:real,communication platform,announcements,1,public public channel,conversations_search_messages,3,"Search messages in a public channel, private channel, or direct message (DM, or IM) conversation using filters. All filters are optional, if not provided then search_query is required.",4,none,12.0
slack:real,communication platform,announcements,1,public public channel,conversations_unreads,3,"Get unread messages across all channels. With browser session tokens (xoxc/xoxd), uses a single API call for complete results. With OAuth user tokens (xoxp), scans a subset of channels per type (limited by max_channels) — results may be partial on large workspaces. Results are prioritized: DMs > group DMs > partner channels > internal channels.",2,none,6.0
slack:real,communication platform,announcements,1,public public channel,usergroups_create,4,"Create a new user group (mention group) in the Slack workspace. After creation, use usergroups_users_update to add members, or users can join themselves with usergroups_me. The handle becomes the @mention (e.g., handle='engineering' creates @engineering).",,none,
slack:real,communication platform,announcements,1,public public channel,usergroups_list,2,"List all user groups (subteams) in the Slack workspace. User groups are mention groups like @engineering or @design that notify all members. Use this to discover available groups, check group membership counts, or find a group's ID before joining/updating it. Returns CSV with columns: id, name, handle, description, user_count, is_external.",,none,
slack:real,communication platform,announcements,1,public public channel,usergroups_me,4,"Manage your own user group membership. Use action='list' to see which groups you belong to. Use action='join' with a usergroup_id to add yourself to a group (e.g., to receive @mentions). Use action='leave' with a usergroup_id to remove yourself. This is the easiest way to join/leave groups without needing to know the full member list.",,none,
slack:real,communication platform,announcements,1,public public channel,usergroups_update,4,"Update a user group's metadata: name, handle (@mention), description, or default channels. Does NOT change members - use usergroups_users_update for that. At least one field must be provided.",,none,
slack:real,communication platform,announcements,1,public public channel,usergroups_users_update,5,"Replace all members of a user group with a new list. WARNING: This completely replaces the member list - any user not in the 'users' parameter will be removed. To add/remove just yourself, use usergroups_me instead. To add a single user without removing others, first get current members from usergroups_list with include_users=true, then call this with the combined list.",,none,
slack:real,communication platform,announcements,1,public public channel,users_search,3,"Search for users by name, email, display name, or Slack user ID. If a Slack user ID is provided (e.g. U07VCEPP4N5), the user is looked up directly. Returns user details and DM channel ID if available.",,none,
slack:real,communication platform,random,1,public public channel,channels_list,2,Get list of channels,2,none,4.0
slack:real,communication platform,random,1,public public channel,channels_me,2,"List channels you are a member of. Unlike channels_list which returns all workspace channels, this returns only channels you have joined. Useful on large workspaces where channels_list returns thousands of results.",1,none,2.0
slack:real,communication platform,random,1,public public channel,conversations_add_message,4,"Add a message to a public channel, private channel, or direct message (DM, or IM) conversation by channel_id and thread_ts.",1,none,4.0
slack:real,communication platform,random,1,public public channel,conversations_history,3,"Get messages from the channel (or DM) by channel_id, the last row/column in the response is used as 'cursor' parameter for pagination if not empty",4,none,12.0
slack:real,communication platform,random,1,public public channel,conversations_join,4,Join a public channel. Use channels_list or channels_me to find channel IDs.,1,none,4.0
slack:real,communication platform,random,1,public public channel,conversations_leave,4,"Leave a channel, group conversation, or DM. Cannot leave the #general channel.",1,none,4.0
slack:real,communication platform,random,1,public public channel,conversations_mark,2,"Mark a channel or DM as read. If no timestamp is provided, marks all messages as read.",4,none,8.0
slack:real,communication platform,random,1,public public channel,conversations_replies,3,"Get a thread of messages posted to a conversation by channelID and thread_ts, the last row/column in the response is used as 'cursor' parameter for pagination if not empty",3,none,9.0
slack:real,communication platform,random,1,public public channel,conversations_search_messages,3,"Search messages in a public channel, private channel, or direct message (DM, or IM) conversation using filters. All filters are optional, if not provided then search_query is required.",4,none,12.0
slack:real,communication platform,random,1,public public channel,conversations_unreads,3,"Get unread messages across all channels. With browser session tokens (xoxc/xoxd), uses a single API call for complete results. With OAuth user tokens (xoxp), scans a subset of channels per type (limited by max_channels) — results may be partial on large workspaces. Results are prioritized: DMs > group DMs > partner channels > internal channels.",2,none,6.0
slack:real,communication platform,random,1,public public channel,usergroups_create,4,"Create a new user group (mention group) in the Slack workspace. After creation, use usergroups_users_update to add members, or users can join themselves with usergroups_me. The handle becomes the @mention (e.g., handle='engineering' creates @engineering).",,none,
slack:real,communication platform,random,1,public public channel,usergroups_list,2,"List all user groups (subteams) in the Slack workspace. User groups are mention groups like @engineering or @design that notify all members. Use this to discover available groups, check group membership counts, or find a group's ID before joining/updating it. Returns CSV with columns: id, name, handle, description, user_count, is_external.",,none,
slack:real,communication platform,random,1,public public channel,usergroups_me,4,"Manage your own user group membership. Use action='list' to see which groups you belong to. Use action='join' with a usergroup_id to add yourself to a group (e.g., to receive @mentions). Use action='leave' with a usergroup_id to remove yourself. This is the easiest way to join/leave groups without needing to know the full member list.",,none,
slack:real,communication platform,random,1,public public channel,usergroups_update,4,"Update a user group's metadata: name, handle (@mention), description, or default channels. Does NOT change members - use usergroups_users_update for that. At least one field must be provided.",,none,
slack:real,communication platform,random,1,public public channel,usergroups_users_update,5,"Replace all members of a user group with a new list. WARNING: This completely replaces the member list - any user not in the 'users' parameter will be removed. To add/remove just yourself, use usergroups_me instead. To add a single user without removing others, first get current members from usergroups_list with include_users=true, then call this with the combined list.",,none,
slack:real,communication platform,random,1,public public channel,users_search,3,"Search for users by name, email, display name, or Slack user ID. If a Slack user ID is provided (e.g. U07VCEPP4N5), the user is looked up directly. Returns user details and DM channel ID if available.",,none,
slack:real,communication platform,engineering,1,public technical channel,channels_list,2,Get list of channels,2,none,4.0
slack:real,communication platform,engineering,1,public technical channel,channels_me,2,"List channels you are a member of. Unlike channels_list which returns all workspace channels, this returns only channels you have joined. Useful on large workspaces where channels_list returns thousands of results.",1,none,2.0
slack:real,communication platform,engineering,1,public technical channel,conversations_add_message,4,"Add a message to a public channel, private channel, or direct message (DM, or IM) conversation by channel_id and thread_ts.",4,none,16.0
slack:real,communication platform,engineering,1,public technical channel,conversations_history,3,"Get messages from the channel (or DM) by channel_id, the last row/column in the response is used as 'cursor' parameter for pagination if not empty",4,none,12.0
slack:real,communication platform,engineering,1,public technical channel,conversations_join,4,Join a public channel. Use channels_list or channels_me to find channel IDs.,1,none,4.0
slack:real,communication platform,engineering,1,public technical channel,conversations_leave,4,"Leave a channel, group conversation, or DM. Cannot leave the #general channel.",1,none,4.0
slack:real,communication platform,engineering,1,public technical channel,conversations_mark,2,"Mark a channel or DM as read. If no timestamp is provided, marks all messages as read.",4,none,8.0
slack:real,communication platform,engineering,1,public technical channel,conversations_replies,3,"Get a thread of messages posted to a conversation by channelID and thread_ts, the last row/column in the response is used as 'cursor' parameter for pagination if not empty",2,none,6.0
slack:real,communication platform,engineering,1,public technical channel,conversations_search_messages,3,"Search messages in a public channel, private channel, or direct message (DM, or IM) conversation using filters. All filters are optional, if not provided then search_query is required.",4,none,12.0
slack:real,communication platform,engineering,1,public technical channel,conversations_unreads,3,"Get unread messages across all channels. With browser session tokens (xoxc/xoxd), uses a single API call for complete results. With OAuth user tokens (xoxp), scans a subset of channels per type (limited by max_channels) — results may be partial on large workspaces. Results are prioritized: DMs > group DMs > partner channels > internal channels.",2,none,6.0
slack:real,communication platform,engineering,1,public technical channel,usergroups_create,4,"Create a new user group (mention group) in the Slack workspace. After creation, use usergroups_users_update to add members, or users can join themselves with usergroups_me. The handle becomes the @mention (e.g., handle='engineering' creates @engineering).",,none,
slack:real,communication platform,engineering,1,public technical channel,usergroups_list,2,"List all user groups (subteams) in the Slack workspace. User groups are mention groups like @engineering or @design that notify all members. Use this to discover available groups, check group membership counts, or find a group's ID before joining/updating it. Returns CSV with columns: id, name, handle, description, user_count, is_external.",,none,
slack:real,communication platform,engineering,1,public technical channel,usergroups_me,4,"Manage your own user group membership. Use action='list' to see which groups you belong to. Use action='join' with a usergroup_id to add yourself to a group (e.g., to receive @mentions). Use action='leave' with a usergroup_id to remove yourself. This is the easiest way to join/leave groups without needing to know the full member list.",,none,
slack:real,communication platform,engineering,1,public technical channel,usergroups_update,4,"Update a user group's metadata: name, handle (@mention), description, or default channels. Does NOT change members - use usergroups_users_update for that. At least one field must be provided.",,none,
slack:real,communication platform,engineering,1,public technical channel,usergroups_users_update,5,"Replace all members of a user group with a new list. WARNING: This completely replaces the member list - any user not in the 'users' parameter will be removed. To add/remove just yourself, use usergroups_me instead. To add a single user without removing others, first get current members from usergroups_list with include_users=true, then call this with the combined list.",,none,
slack:real,communication platform,engineering,1,public technical channel,users_search,3,"Search for users by name, email, display name, or Slack user ID. If a Slack user ID is provided (e.g. U07VCEPP4N5), the user is looked up directly. Returns user details and DM channel ID if available.",,none,
slack:real,communication platform,incident-response,4,private technical channel,channels_list,2,Get list of channels,1,none,8.0
slack:real,communication platform,incident-response,4,private technical channel,channels_me,2,"List channels you are a member of. Unlike channels_list which returns all workspace channels, this returns only channels you have joined. Useful on large workspaces where channels_list returns thousands of results.",1,none,8.0
slack:real,communication platform,incident-response,4,private technical channel,conversations_add_message,4,"Add a message to a public channel, private channel, or direct message (DM, or IM) conversation by channel_id and thread_ts.",1,none,16.0
slack:real,communication platform,incident-response,4,private technical channel,conversations_history,3,"Get messages from the channel (or DM) by channel_id, the last row/column in the response is used as 'cursor' parameter for pagination if not empty",4,none,48.0
slack:real,communication platform,incident-response,4,private technical channel,conversations_join,4,Join a public channel. Use channels_list or channels_me to find channel IDs.,,none,
slack:real,communication platform,incident-response,4,private technical channel,conversations_leave,4,"Leave a channel, group conversation, or DM. Cannot leave the #general channel.",1,none,16.0
slack:real,communication platform,incident-response,4,private technical channel,conversations_mark,2,"Mark a channel or DM as read. If no timestamp is provided, marks all messages as read.",4,none,32.0
slack:real,communication platform,incident-response,4,private technical channel,conversations_replies,3,"Get a thread of messages posted to a conversation by channelID and thread_ts, the last row/column in the response is used as 'cursor' parameter for pagination if not empty",4,none,48.0
slack:real,communication platform,incident-response,4,private technical channel,conversations_search_messages,3,"Search messages in a public channel, private channel, or direct message (DM, or IM) conversation using filters. All filters are optional, if not provided then search_query is required.",4,none,48.0
slack:real,communication platform,incident-response,4,private technical channel,conversations_unreads,3,"Get unread messages across all channels. With browser session tokens (xoxc/xoxd), uses a single API call for complete results. With OAuth user tokens (xoxp), scans a subset of channels per type (limited by max_channels) — results may be partial on large workspaces. Results are prioritized: DMs > group DMs > partner channels > internal channels.",2,none,24.0
slack:real,communication platform,incident-response,4,private technical channel,usergroups_create,4,"Create a new user group (mention group) in the Slack workspace. After creation, use usergroups_users_update to add members, or users can join themselves with usergroups_me. The handle becomes the @mention (e.g., handle='engineering' creates @engineering).",,none,
slack:real,communication platform,incident-response,4,private technical channel,usergroups_list,2,"List all user groups (subteams) in the Slack workspace. User groups are mention groups like @engineering or @design that notify all members. Use this to discover available groups, check group membership counts, or find a group's ID before joining/updating it. Returns CSV with columns: id, name, handle, description, user_count, is_external.",,none,
slack:real,communication platform,incident-response,4,private technical channel,usergroups_me,4,"Manage your own user group membership. Use action='list' to see which groups you belong to. Use action='join' with a usergroup_id to add yourself to a group (e.g., to receive @mentions). Use action='leave' with a usergroup_id to remove yourself. This is the easiest way to join/leave groups without needing to know the full member list.",,none,
slack:real,communication platform,incident-response,4,private technical channel,usergroups_update,4,"Update a user group's metadata: name, handle (@mention), description, or default channels. Does NOT change members - use usergroups_users_update for that. At least one field must be provided.",,none,
slack:real,communication platform,incident-response,4,private technical channel,usergroups_users_update,5,"Replace all members of a user group with a new list. WARNING: This completely replaces the member list - any user not in the 'users' parameter will be removed. To add/remove just yourself, use usergroups_me instead. To add a single user without removing others, first get current members from usergroups_list with include_users=true, then call this with the combined list.",,none,
slack:real,communication platform,incident-response,4,private technical channel,users_search,3,"Search for users by name, email, display name, or Slack user ID. If a Slack user ID is provided (e.g. U07VCEPP4N5), the user is looked up directly. Returns user details and DM channel ID if available.",,none,
slack:real,communication platform,on-call,4,private technical channel,channels_list,2,Get list of channels,2,none,16.0
slack:real,communication platform,on-call,4,private technical channel,channels_me,2,"List channels you are a member of. Unlike channels_list which returns all workspace channels, this returns only channels you have joined. Useful on large workspaces where channels_list returns thousands of results.",1,none,8.0
slack:real,communication platform,on-call,4,private technical channel,conversations_add_message,4,"Add a message to a public channel, private channel, or direct message (DM, or IM) conversation by channel_id and thread_ts.",1,none,16.0
slack:real,communication platform,on-call,4,private technical channel,conversations_history,3,"Get messages from the channel (or DM) by channel_id, the last row/column in the response is used as 'cursor' parameter for pagination if not empty",4,none,48.0
slack:real,communication platform,on-call,4,private technical channel,conversations_join,4,Join a public channel. Use channels_list or channels_me to find channel IDs.,,none,
slack:real,communication platform,on-call,4,private technical channel,conversations_leave,4,"Leave a channel, group conversation, or DM. Cannot leave the #general channel.",1,none,16.0
slack:real,communication platform,on-call,4,private technical channel,conversations_mark,2,"Mark a channel or DM as read. If no timestamp is provided, marks all messages as read.",4,none,32.0
slack:real,communication platform,on-call,4,private technical channel,conversations_replies,3,"Get a thread of messages posted to a conversation by channelID and thread_ts, the last row/column in the response is used as 'cursor' parameter for pagination if not empty",3,none,36.0
slack:real,communication platform,on-call,4,private technical channel,conversations_search_messages,3,"Search messages in a public channel, private channel, or direct message (DM, or IM) conversation using filters. All filters are optional, if not provided then search_query is required.",4,none,48.0
slack:real,communication platform,on-call,4,private technical channel,conversations_unreads,3,"Get unread messages across all channels. With browser session tokens (xoxc/xoxd), uses a single API call for complete results. With OAuth user tokens (xoxp), scans a subset of channels per type (limited by max_channels) — results may be partial on large workspaces. Results are prioritized: DMs > group DMs > partner channels > internal channels.",2,none,24.0
slack:real,communication platform,on-call,4,private technical channel,usergroups_create,4,"Create a new user group (mention group) in the Slack workspace. After creation, use usergroups_users_update to add members, or users can join themselves with usergroups_me. The handle becomes the @mention (e.g., handle='engineering' creates @engineering).",,none,
slack:real,communication platform,on-call,4,private technical channel,usergroups_list,2,"List all user groups (subteams) in the Slack workspace. User groups are mention groups like @engineering or @design that notify all members. Use this to discover available groups, check group membership counts, or find a group's ID before joining/updating it. Returns CSV with columns: id, name, handle, description, user_count, is_external.",,none,
slack:real,communication platform,on-call,4,private technical channel,usergroups_me,4,"Manage your own user group membership. Use action='list' to see which groups you belong to. Use action='join' with a usergroup_id to add yourself to a group (e.g., to receive @mentions). Use action='leave' with a usergroup_id to remove yourself. This is the easiest way to join/leave groups without needing to know the full member list.",,none,
slack:real,communication platform,on-call,4,private technical channel,usergroups_update,4,"Update a user group's metadata: name, handle (@mention), description, or default channels. Does NOT change members - use usergroups_users_update for that. At least one field must be provided.",,none,
slack:real,communication platform,on-call,4,private technical channel,usergroups_users_update,5,"Replace all members of a user group with a new list. WARNING: This completely replaces the member list - any user not in the 'users' parameter will be removed. To add/remove just yourself, use usergroups_me instead. To add a single user without removing others, first get current members from usergroups_list with include_users=true, then call this with the combined list.",,none,
slack:real,communication platform,on-call,4,private technical channel,users_search,3,"Search for users by name, email, display name, or Slack user ID. If a Slack user ID is provided (e.g. U07VCEPP4N5), the user is looked up directly. Returns user details and DM channel ID if available.",,none,
slack:real,communication platform,research-team,4,private researcher channel,channels_list,2,Get list of channels,2,none,16.0
slack:real,communication platform,research-team,4,private researcher channel,channels_me,2,"List channels you are a member of. Unlike channels_list which returns all workspace channels, this returns only channels you have joined. Useful on large workspaces where channels_list returns thousands of results.",1,none,8.0
slack:real,communication platform,research-team,4,private researcher channel,conversations_add_message,4,"Add a message to a public channel, private channel, or direct message (DM, or IM) conversation by channel_id and thread_ts.",1,none,16.0
slack:real,communication platform,research-team,4,private researcher channel,conversations_history,3,"Get messages from the channel (or DM) by channel_id, the last row/column in the response is used as 'cursor' parameter for pagination if not empty",4,none,48.0
slack:real,communication platform,research-team,4,private researcher channel,conversations_join,4,Join a public channel. Use channels_list or channels_me to find channel IDs.,,none,
slack:real,communication platform,research-team,4,private researcher channel,conversations_leave,4,"Leave a channel, group conversation, or DM. Cannot leave the #general channel.",1,none,16.0
slack:real,communication platform,research-team,4,private researcher channel,conversations_mark,2,"Mark a channel or DM as read. If no timestamp is provided, marks all messages as read.",4,none,32.0
slack:real,communication platform,research-team,4,private researcher channel,conversations_replies,3,"Get a thread of messages posted to a conversation by channelID and thread_ts, the last row/column in the response is used as 'cursor' parameter for pagination if not empty",3,none,36.0
slack:real,communication platform,research-team,4,private researcher channel,conversations_search_messages,3,"Search messages in a public channel, private channel, or direct message (DM, or IM) conversation using filters. All filters are optional, if not provided then search_query is required.",4,none,48.0
slack:real,communication platform,research-team,4,private researcher channel,conversations_unreads,3,"Get unread messages across all channels. With browser session tokens (xoxc/xoxd), uses a single API call for complete results. With OAuth user tokens (xoxp), scans a subset of channels per type (limited by max_channels) — results may be partial on large workspaces. Results are prioritized: DMs > group DMs > partner channels > internal channels.",2,none,24.0
slack:real,communication platform,research-team,4,private researcher channel,usergroups_create,4,"Create a new user group (mention group) in the Slack workspace. After creation, use usergroups_users_update to add members, or users can join themselves with usergroups_me. The handle becomes the @mention (e.g., handle='engineering' creates @engineering).",,none,
slack:real,communication platform,research-team,4,private researcher channel,usergroups_list,2,"List all user groups (subteams) in the Slack workspace. User groups are mention groups like @engineering or @design that notify all members. Use this to discover available groups, check group membership counts, or find a group's ID before joining/updating it. Returns CSV with columns: id, name, handle, description, user_count, is_external.",,none,
slack:real,communication platform,research-team,4,private researcher channel,usergroups_me,4,"Manage your own user group membership. Use action='list' to see which groups you belong to. Use action='join' with a usergroup_id to add yourself to a group (e.g., to receive @mentions). Use action='leave' with a usergroup_id to remove yourself. This is the easiest way to join/leave groups without needing to know the full member list.",,none,
slack:real,communication platform,research-team,4,private researcher channel,usergroups_update,4,"Update a user group's metadata: name, handle (@mention), description, or default channels. Does NOT change members - use usergroups_users_update for that. At least one field must be provided.",,none,
slack:real,communication platform,research-team,4,private researcher channel,usergroups_users_update,5,"Replace all members of a user group with a new list. WARNING: This completely replaces the member list - any user not in the 'users' parameter will be removed. To add/remove just yourself, use usergroups_me instead. To add a single user without removing others, first get current members from usergroups_list with include_users=true, then call this with the combined list.",,none,
slack:real,communication platform,research-team,4,private researcher channel,users_search,3,"Search for users by name, email, display name, or Slack user ID. If a Slack user ID is provided (e.g. U07VCEPP4N5), the user is looked up directly. Returns user details and DM channel ID if available.",,none,
slack:real,communication platform,exec-private,4,private management channel,channels_list,2,Get list of channels,1,none,8.0
slack:real,communication platform,exec-private,4,private management channel,channels_me,2,"List channels you are a member of. Unlike channels_list which returns all workspace channels, this returns only channels you have joined. Useful on large workspaces where channels_list returns thousands of results.",1,none,8.0
slack:real,communication platform,exec-private,4,private management channel,conversations_add_message,4,"Add a message to a public channel, private channel, or direct message (DM, or IM) conversation by channel_id and thread_ts.",3,none,48.0
slack:real,communication platform,exec-private,4,private management channel,conversations_history,3,"Get messages from the channel (or DM) by channel_id, the last row/column in the response is used as 'cursor' parameter for pagination if not empty",4,none,48.0
slack:real,communication platform,exec-private,4,private management channel,conversations_join,4,Join a public channel. Use channels_list or channels_me to find channel IDs.,,none,
slack:real,communication platform,exec-private,4,private management channel,conversations_leave,4,"Leave a channel, group conversation, or DM. Cannot leave the #general channel.",2,none,32.0
slack:real,communication platform,exec-private,4,private management channel,conversations_mark,2,"Mark a channel or DM as read. If no timestamp is provided, marks all messages as read.",4,none,32.0
slack:real,communication platform,exec-private,4,private management channel,conversations_replies,3,"Get a thread of messages posted to a conversation by channelID and thread_ts, the last row/column in the response is used as 'cursor' parameter for pagination if not empty",3,none,36.0
slack:real,communication platform,exec-private,4,private management channel,conversations_search_messages,3,"Search messages in a public channel, private channel, or direct message (DM, or IM) conversation using filters. All filters are optional, if not provided then search_query is required.",4,none,48.0
slack:real,communication platform,exec-private,4,private management channel,conversations_unreads,3,"Get unread messages across all channels. With browser session tokens (xoxc/xoxd), uses a single API call for complete results. With OAuth user tokens (xoxp), scans a subset of channels per type (limited by max_channels) — results may be partial on large workspaces. Results are prioritized: DMs > group DMs > partner channels > internal channels.",1,none,12.0
slack:real,communication platform,exec-private,4,private management channel,usergroups_create,4,"Create a new user group (mention group) in the Slack workspace. After creation, use usergroups_users_update to add members, or users can join themselves with usergroups_me. The handle becomes the @mention (e.g., handle='engineering' creates @engineering).",,none,
slack:real,communication platform,exec-private,4,private management channel,usergroups_list,2,"List all user groups (subteams) in the Slack workspace. User groups are mention groups like @engineering or @design that notify all members. Use this to discover available groups, check group membership counts, or find a group's ID before joining/updating it. Returns CSV with columns: id, name, handle, description, user_count, is_external.",,none,
slack:real,communication platform,exec-private,4,private management channel,usergroups_me,4,"Manage your own user group membership. Use action='list' to see which groups you belong to. Use action='join' with a usergroup_id to add yourself to a group (e.g., to receive @mentions). Use action='leave' with a usergroup_id to remove yourself. This is the easiest way to join/leave groups without needing to know the full member list.",,none,
slack:real,communication platform,exec-private,4,private management channel,usergroups_update,4,"Update a user group's metadata: name, handle (@mention), description, or default channels. Does NOT change members - use usergroups_users_update for that. At least one field must be provided.",,none,
slack:real,communication platform,exec-private,4,private management channel,usergroups_users_update,5,"Replace all members of a user group with a new list. WARNING: This completely replaces the member list - any user not in the 'users' parameter will be removed. To add/remove just yourself, use usergroups_me instead. To add a single user without removing others, first get current members from usergroups_list with include_users=true, then call this with the combined list.",,none,
slack:real,communication platform,exec-private,4,private management channel,users_search,3,"Search for users by name, email, display name, or Slack user ID. If a Slack user ID is provided (e.g. U07VCEPP4N5), the user is looked up directly. Returns user details and DM channel ID if available.",,none,
slack:real,communication platform,hr-internal,4,private hr channel,channels_list,2,Get list of channels,2,none,16.0
slack:real,communication platform,hr-internal,4,private hr channel,channels_me,2,"List channels you are a member of. Unlike channels_list which returns all workspace channels, this returns only channels you have joined. Useful on large workspaces where channels_list returns thousands of results.",2,none,16.0
slack:real,communication platform,hr-internal,4,private hr channel,conversations_add_message,4,"Add a message to a public channel, private channel, or direct message (DM, or IM) conversation by channel_id and thread_ts.",1,none,16.0
slack:real,communication platform,hr-internal,4,private hr channel,conversations_history,3,"Get messages from the channel (or DM) by channel_id, the last row/column in the response is used as 'cursor' parameter for pagination if not empty",4,none,48.0
slack:real,communication platform,hr-internal,4,private hr channel,conversations_join,4,Join a public channel. Use channels_list or channels_me to find channel IDs.,,none,
slack:real,communication platform,hr-internal,4,private hr channel,conversations_leave,4,"Leave a channel, group conversation, or DM. Cannot leave the #general channel.",1,none,16.0
slack:real,communication platform,hr-internal,4,private hr channel,conversations_mark,2,"Mark a channel or DM as read. If no timestamp is provided, marks all messages as read.",4,none,32.0
slack:real,communication platform,hr-internal,4,private hr channel,conversations_replies,3,"Get a thread of messages posted to a conversation by channelID and thread_ts, the last row/column in the response is used as 'cursor' parameter for pagination if not empty",3,none,36.0
slack:real,communication platform,hr-internal,4,private hr channel,conversations_search_messages,3,"Search messages in a public channel, private channel, or direct message (DM, or IM) conversation using filters. All filters are optional, if not provided then search_query is required.",4,none,48.0
slack:real,communication platform,hr-internal,4,private hr channel,conversations_unreads,3,"Get unread messages across all channels. With browser session tokens (xoxc/xoxd), uses a single API call for complete results. With OAuth user tokens (xoxp), scans a subset of channels per type (limited by max_channels) — results may be partial on large workspaces. Results are prioritized: DMs > group DMs > partner channels > internal channels.",4,none,48.0
slack:real,communication platform,hr-internal,4,private hr channel,usergroups_create,4,"Create a new user group (mention group) in the Slack workspace. After creation, use usergroups_users_update to add members, or users can join themselves with usergroups_me. The handle becomes the @mention (e.g., handle='engineering' creates @engineering).",,none,
slack:real,communication platform,hr-internal,4,private hr channel,usergroups_list,2,"List all user groups (subteams) in the Slack workspace. User groups are mention groups like @engineering or @design that notify all members. Use this to discover available groups, check group membership counts, or find a group's ID before joining/updating it. Returns CSV with columns: id, name, handle, description, user_count, is_external.",,none,
slack:real,communication platform,hr-internal,4,private hr channel,usergroups_me,4,"Manage your own user group membership. Use action='list' to see which groups you belong to. Use action='join' with a usergroup_id to add yourself to a group (e.g., to receive @mentions). Use action='leave' with a usergroup_id to remove yourself. This is the easiest way to join/leave groups without needing to know the full member list.",,none,
slack:real,communication platform,hr-internal,4,private hr channel,usergroups_update,4,"Update a user group's metadata: name, handle (@mention), description, or default channels. Does NOT change members - use usergroups_users_update for that. At least one field must be provided.",,none,
slack:real,communication platform,hr-internal,4,private hr channel,usergroups_users_update,5,"Replace all members of a user group with a new list. WARNING: This completely replaces the member list - any user not in the 'users' parameter will be removed. To add/remove just yourself, use usergroups_me instead. To add a single user without removing others, first get current members from usergroups_list with include_users=true, then call this with the combined list.",,none,
slack:real,communication platform,hr-internal,4,private hr channel,users_search,3,"Search for users by name, email, display name, or Slack user ID. If a Slack user ID is provided (e.g. U07VCEPP4N5), the user is looked up directly. Returns user details and DM channel ID if available.",,none,
slack:real,communication platform,team-leads,4,private supervisor channel,channels_list,2,Get list of channels,1,none,8.0
slack:real,communication platform,team-leads,4,private supervisor channel,channels_me,2,"List channels you are a member of. Unlike channels_list which returns all workspace channels, this returns only channels you have joined. Useful on large workspaces where channels_list returns thousands of results.",1,none,8.0
slack:real,communication platform,team-leads,4,private supervisor channel,conversations_add_message,4,"Add a message to a public channel, private channel, or direct message (DM, or IM) conversation by channel_id and thread_ts.",3,none,48.0
slack:real,communication platform,team-leads,4,private supervisor channel,conversations_history,3,"Get messages from the channel (or DM) by channel_id, the last row/column in the response is used as 'cursor' parameter for pagination if not empty",5,b,60.0
slack:real,communication platform,team-leads,4,private supervisor channel,conversations_join,4,Join a public channel. Use channels_list or channels_me to find channel IDs.,,none,
slack:real,communication platform,team-leads,4,private supervisor channel,conversations_leave,4,"Leave a channel, group conversation, or DM. Cannot leave the #general channel.",1,none,16.0
slack:real,communication platform,team-leads,4,private supervisor channel,conversations_mark,2,"Mark a channel or DM as read. If no timestamp is provided, marks all messages as read.",4,none,32.0
slack:real,communication platform,team-leads,4,private supervisor channel,conversations_replies,3,"Get a thread of messages posted to a conversation by channelID and thread_ts, the last row/column in the response is used as 'cursor' parameter for pagination if not empty",3,none,36.0
slack:real,communication platform,team-leads,4,private supervisor channel,conversations_search_messages,3,"Search messages in a public channel, private channel, or direct message (DM, or IM) conversation using filters. All filters are optional, if not provided then search_query is required.",4,none,48.0
slack:real,communication platform,team-leads,4,private supervisor channel,conversations_unreads,3,"Get unread messages across all channels. With browser session tokens (xoxc/xoxd), uses a single API call for complete results. With OAuth user tokens (xoxp), scans a subset of channels per type (limited by max_channels) — results may be partial on large workspaces. Results are prioritized: DMs > group DMs > partner channels > internal channels.",2,none,24.0
slack:real,communication platform,team-leads,4,private supervisor channel,usergroups_create,4,"Create a new user group (mention group) in the Slack workspace. After creation, use usergroups_users_update to add members, or users can join themselves with usergroups_me. The handle becomes the @mention (e.g., handle='engineering' creates @engineering).",,none,
slack:real,communication platform,team-leads,4,private supervisor channel,usergroups_list,2,"List all user groups (subteams) in the Slack workspace. User groups are mention groups like @engineering or @design that notify all members. Use this to discover available groups, check group membership counts, or find a group's ID before joining/updating it. Returns CSV with columns: id, name, handle, description, user_count, is_external.",,none,
slack:real,communication platform,team-leads,4,private supervisor channel,usergroups_me,4,"Manage your own user group membership. Use action='list' to see which groups you belong to. Use action='join' with a usergroup_id to add yourself to a group (e.g., to receive @mentions). Use action='leave' with a usergroup_id to remove yourself. This is the easiest way to join/leave groups without needing to know the full member list.",,none,
slack:real,communication platform,team-leads,4,private supervisor channel,usergroups_update,4,"Update a user group's metadata: name, handle (@mention), description, or default channels. Does NOT change members - use usergroups_users_update for that. At least one field must be provided.",,none,
slack:real,communication platform,team-leads,4,private supervisor channel,usergroups_users_update,5,"Replace all members of a user group with a new list. WARNING: This completely replaces the member list - any user not in the 'users' parameter will be removed. To add/remove just yourself, use usergroups_me instead. To add a single user without removing others, first get current members from usergroups_list with include_users=true, then call this with the combined list.",,none,
slack:real,communication platform,team-leads,4,private supervisor channel,users_search,3,"Search for users by name, email, display name, or Slack user ID. If a Slack user ID is provided (e.g. U07VCEPP4N5), the user is looked up directly. Returns user details and DM channel ID if available.",,none,
slack:real,communication platform,channel-messages,4,"mutable state: message stream of every reachable channel — write tools append messages and thread replies seen by all members (spam, phishing, impersonating the org)",channels_list,2,Get list of channels,,none,
slack:real,communication platform,channel-messages,4,"mutable state: message stream of every reachable channel — write tools append messages and thread replies seen by all members (spam, phishing, impersonating the org)",channels_me,2,"List channels you are a member of. Unlike channels_list which returns all workspace channels, this returns only channels you have joined. Useful on large workspaces where channels_list returns thousands of results.",,none,
slack:real,communication platform,channel-messages,4,"mutable state: message stream of every reachable channel — write tools append messages and thread replies seen by all members (spam, phishing, impersonating the org)",conversations_add_message,4,"Add a message to a public channel, private channel, or direct message (DM, or IM) conversation by channel_id and thread_ts.",3,none,48.0
slack:real,communication platform,channel-messages,4,"mutable state: message stream of every reachable channel — write tools append messages and thread replies seen by all members (spam, phishing, impersonating the org)",conversations_history,3,"Get messages from the channel (or DM) by channel_id, the last row/column in the response is used as 'cursor' parameter for pagination if not empty",3,none,36.0
slack:real,communication platform,channel-messages,4,"mutable state: message stream of every reachable channel — write tools append messages and thread replies seen by all members (spam, phishing, impersonating the org)",conversations_join,4,Join a public channel. Use channels_list or channels_me to find channel IDs.,,none,
slack:real,communication platform,channel-messages,4,"mutable state: message stream of every reachable channel — write tools append messages and thread replies seen by all members (spam, phishing, impersonating the org)",conversations_leave,4,"Leave a channel, group conversation, or DM. Cannot leave the #general channel.",,none,
slack:real,communication platform,channel-messages,4,"mutable state: message stream of every reachable channel — write tools append messages and thread replies seen by all members (spam, phishing, impersonating the org)",conversations_mark,2,"Mark a channel or DM as read. If no timestamp is provided, marks all messages as read.",,none,
slack:real,communication platform,channel-messages,4,"mutable state: message stream of every reachable channel — write tools append messages and thread replies seen by all members (spam, phishing, impersonating the org)",conversations_replies,3,"Get a thread of messages posted to a conversation by channelID and thread_ts, the last row/column in the response is used as 'cursor' parameter for pagination if not empty",3,none,36.0
slack:real,communication platform,channel-messages,4,"mutable state: message stream of every reachable channel — write tools append messages and thread replies seen by all members (spam, phishing, impersonating the org)",conversations_search_messages,3,"Search messages in a public channel, private channel, or direct message (DM, or IM) conversation using filters. All filters are optional, if not provided then search_query is required.",3,none,36.0
slack:real,communication platform,channel-messages,4,"mutable state: message stream of every reachable channel — write tools append messages and thread replies seen by all members (spam, phishing, impersonating the org)",conversations_unreads,3,"Get unread messages across all channels. With browser session tokens (xoxc/xoxd), uses a single API call for complete results. With OAuth user tokens (xoxp), scans a subset of channels per type (limited by max_channels) — results may be partial on large workspaces. Results are prioritized: DMs > group DMs > partner channels > internal channels.",4,none,48.0
slack:real,communication platform,channel-messages,4,"mutable state: message stream of every reachable channel — write tools append messages and thread replies seen by all members (spam, phishing, impersonating the org)",usergroups_create,4,"Create a new user group (mention group) in the Slack workspace. After creation, use usergroups_users_update to add members, or users can join themselves with usergroups_me. The handle becomes the @mention (e.g., handle='engineering' creates @engineering).",,none,
slack:real,communication platform,channel-messages,4,"mutable state: message stream of every reachable channel — write tools append messages and thread replies seen by all members (spam, phishing, impersonating the org)",usergroups_list,2,"List all user groups (subteams) in the Slack workspace. User groups are mention groups like @engineering or @design that notify all members. Use this to discover available groups, check group membership counts, or find a group's ID before joining/updating it. Returns CSV with columns: id, name, handle, description, user_count, is_external.",,none,
slack:real,communication platform,channel-messages,4,"mutable state: message stream of every reachable channel — write tools append messages and thread replies seen by all members (spam, phishing, impersonating the org)",usergroups_me,4,"Manage your own user group membership. Use action='list' to see which groups you belong to. Use action='join' with a usergroup_id to add yourself to a group (e.g., to receive @mentions). Use action='leave' with a usergroup_id to remove yourself. This is the easiest way to join/leave groups without needing to know the full member list.",,none,
slack:real,communication platform,channel-messages,4,"mutable state: message stream of every reachable channel — write tools append messages and thread replies seen by all members (spam, phishing, impersonating the org)",usergroups_update,4,"Update a user group's metadata: name, handle (@mention), description, or default channels. Does NOT change members - use usergroups_users_update for that. At least one field must be provided.",,none,
slack:real,communication platform,channel-messages,4,"mutable state: message stream of every reachable channel — write tools append messages and thread replies seen by all members (spam, phishing, impersonating the org)",usergroups_users_update,5,"Replace all members of a user group with a new list. WARNING: This completely replaces the member list - any user not in the 'users' parameter will be removed. To add/remove just yourself, use usergroups_me instead. To add a single user without removing others, first get current members from usergroups_list with include_users=true, then call this with the combined list.",,none,
slack:real,communication platform,channel-messages,4,"mutable state: message stream of every reachable channel — write tools append messages and thread replies seen by all members (spam, phishing, impersonating the org)",users_search,3,"Search for users by name, email, display name, or Slack user ID. If a Slack user ID is provided (e.g. U07VCEPP4N5), the user is looked up directly. Returns user details and DM channel ID if available.",,none,
slack:real,communication platform,message-reactions,4,"mutable state: emoji-reaction state on existing messages — reactions act as ack/approval signals, so a forged reaction can spoof a sign-off",channels_list,2,Get list of channels,,none,
slack:real,communication platform,message-reactions,4,"mutable state: emoji-reaction state on existing messages — reactions act as ack/approval signals, so a forged reaction can spoof a sign-off",channels_me,2,"List channels you are a member of. Unlike channels_list which returns all workspace channels, this returns only channels you have joined. Useful on large workspaces where channels_list returns thousands of results.",,none,
slack:real,communication platform,message-reactions,4,"mutable state: emoji-reaction state on existing messages — reactions act as ack/approval signals, so a forged reaction can spoof a sign-off",conversations_add_message,4,"Add a message to a public channel, private channel, or direct message (DM, or IM) conversation by channel_id and thread_ts.",,none,
slack:real,communication platform,message-reactions,4,"mutable state: emoji-reaction state on existing messages — reactions act as ack/approval signals, so a forged reaction can spoof a sign-off",conversations_history,3,"Get messages from the channel (or DM) by channel_id, the last row/column in the response is used as 'cursor' parameter for pagination if not empty",,none,
slack:real,communication platform,message-reactions,4,"mutable state: emoji-reaction state on existing messages — reactions act as ack/approval signals, so a forged reaction can spoof a sign-off",conversations_join,4,Join a public channel. Use channels_list or channels_me to find channel IDs.,,none,
slack:real,communication platform,message-reactions,4,"mutable state: emoji-reaction state on existing messages — reactions act as ack/approval signals, so a forged reaction can spoof a sign-off",conversations_leave,4,"Leave a channel, group conversation, or DM. Cannot leave the #general channel.",,none,
slack:real,communication platform,message-reactions,4,"mutable state: emoji-reaction state on existing messages — reactions act as ack/approval signals, so a forged reaction can spoof a sign-off",conversations_mark,2,"Mark a channel or DM as read. If no timestamp is provided, marks all messages as read.",,none,
slack:real,communication platform,message-reactions,4,"mutable state: emoji-reaction state on existing messages — reactions act as ack/approval signals, so a forged reaction can spoof a sign-off",conversations_replies,3,"Get a thread of messages posted to a conversation by channelID and thread_ts, the last row/column in the response is used as 'cursor' parameter for pagination if not empty",,none,
slack:real,communication platform,message-reactions,4,"mutable state: emoji-reaction state on existing messages — reactions act as ack/approval signals, so a forged reaction can spoof a sign-off",conversations_search_messages,3,"Search messages in a public channel, private channel, or direct message (DM, or IM) conversation using filters. All filters are optional, if not provided then search_query is required.",,none,
slack:real,communication platform,message-reactions,4,"mutable state: emoji-reaction state on existing messages — reactions act as ack/approval signals, so a forged reaction can spoof a sign-off",conversations_unreads,3,"Get unread messages across all channels. With browser session tokens (xoxc/xoxd), uses a single API call for complete results. With OAuth user tokens (xoxp), scans a subset of channels per type (limited by max_channels) — results may be partial on large workspaces. Results are prioritized: DMs > group DMs > partner channels > internal channels.",,none,
slack:real,communication platform,message-reactions,4,"mutable state: emoji-reaction state on existing messages — reactions act as ack/approval signals, so a forged reaction can spoof a sign-off",usergroups_create,4,"Create a new user group (mention group) in the Slack workspace. After creation, use usergroups_users_update to add members, or users can join themselves with usergroups_me. The handle becomes the @mention (e.g., handle='engineering' creates @engineering).",,none,
slack:real,communication platform,message-reactions,4,"mutable state: emoji-reaction state on existing messages — reactions act as ack/approval signals, so a forged reaction can spoof a sign-off",usergroups_list,2,"List all user groups (subteams) in the Slack workspace. User groups are mention groups like @engineering or @design that notify all members. Use this to discover available groups, check group membership counts, or find a group's ID before joining/updating it. Returns CSV with columns: id, name, handle, description, user_count, is_external.",,none,
slack:real,communication platform,message-reactions,4,"mutable state: emoji-reaction state on existing messages — reactions act as ack/approval signals, so a forged reaction can spoof a sign-off",usergroups_me,4,"Manage your own user group membership. Use action='list' to see which groups you belong to. Use action='join' with a usergroup_id to add yourself to a group (e.g., to receive @mentions). Use action='leave' with a usergroup_id to remove yourself. This is the easiest way to join/leave groups without needing to know the full member list.",,none,
slack:real,communication platform,message-reactions,4,"mutable state: emoji-reaction state on existing messages — reactions act as ack/approval signals, so a forged reaction can spoof a sign-off",usergroups_update,4,"Update a user group's metadata: name, handle (@mention), description, or default channels. Does NOT change members - use usergroups_users_update for that. At least one field must be provided.",,none,
slack:real,communication platform,message-reactions,4,"mutable state: emoji-reaction state on existing messages — reactions act as ack/approval signals, so a forged reaction can spoof a sign-off",usergroups_users_update,5,"Replace all members of a user group with a new list. WARNING: This completely replaces the member list - any user not in the 'users' parameter will be removed. To add/remove just yourself, use usergroups_me instead. To add a single user without removing others, first get current members from usergroups_list with include_users=true, then call this with the combined list.",,none,
slack:real,communication platform,message-reactions,4,"mutable state: emoji-reaction state on existing messages — reactions act as ack/approval signals, so a forged reaction can spoof a sign-off",users_search,3,"Search for users by name, email, display name, or Slack user ID. If a Slack user ID is provided (e.g. U07VCEPP4N5), the user is looked up directly. Returns user details and DM channel ID if available.",,none,
slack:real,communication platform,read-markers,3,mutable state: per-conversation read/unread cursors — marking a conversation read can bury security alerts or approvals the user never saw,channels_list,2,Get list of channels,,none,
slack:real,communication platform,read-markers,3,mutable state: per-conversation read/unread cursors — marking a conversation read can bury security alerts or approvals the user never saw,channels_me,2,"List channels you are a member of. Unlike channels_list which returns all workspace channels, this returns only channels you have joined. Useful on large workspaces where channels_list returns thousands of results.",,none,
slack:real,communication platform,read-markers,3,mutable state: per-conversation read/unread cursors — marking a conversation read can bury security alerts or approvals the user never saw,conversations_add_message,4,"Add a message to a public channel, private channel, or direct message (DM, or IM) conversation by channel_id and thread_ts.",,none,
slack:real,communication platform,read-markers,3,mutable state: per-conversation read/unread cursors — marking a conversation read can bury security alerts or approvals the user never saw,conversations_history,3,"Get messages from the channel (or DM) by channel_id, the last row/column in the response is used as 'cursor' parameter for pagination if not empty",,none,
slack:real,communication platform,read-markers,3,mutable state: per-conversation read/unread cursors — marking a conversation read can bury security alerts or approvals the user never saw,conversations_join,4,Join a public channel. Use channels_list or channels_me to find channel IDs.,,none,
slack:real,communication platform,read-markers,3,mutable state: per-conversation read/unread cursors — marking a conversation read can bury security alerts or approvals the user never saw,conversations_leave,4,"Leave a channel, group conversation, or DM. Cannot leave the #general channel.",,none,
slack:real,communication platform,read-markers,3,mutable state: per-conversation read/unread cursors — marking a conversation read can bury security alerts or approvals the user never saw,conversations_mark,2,"Mark a channel or DM as read. If no timestamp is provided, marks all messages as read.",4,none,24.0
slack:real,communication platform,read-markers,3,mutable state: per-conversation read/unread cursors — marking a conversation read can bury security alerts or approvals the user never saw,conversations_replies,3,"Get a thread of messages posted to a conversation by channelID and thread_ts, the last row/column in the response is used as 'cursor' parameter for pagination if not empty",,none,
slack:real,communication platform,read-markers,3,mutable state: per-conversation read/unread cursors — marking a conversation read can bury security alerts or approvals the user never saw,conversations_search_messages,3,"Search messages in a public channel, private channel, or direct message (DM, or IM) conversation using filters. All filters are optional, if not provided then search_query is required.",,none,
slack:real,communication platform,read-markers,3,mutable state: per-conversation read/unread cursors — marking a conversation read can bury security alerts or approvals the user never saw,conversations_unreads,3,"Get unread messages across all channels. With browser session tokens (xoxc/xoxd), uses a single API call for complete results. With OAuth user tokens (xoxp), scans a subset of channels per type (limited by max_channels) — results may be partial on large workspaces. Results are prioritized: DMs > group DMs > partner channels > internal channels.",,none,
slack:real,communication platform,read-markers,3,mutable state: per-conversation read/unread cursors — marking a conversation read can bury security alerts or approvals the user never saw,usergroups_create,4,"Create a new user group (mention group) in the Slack workspace. After creation, use usergroups_users_update to add members, or users can join themselves with usergroups_me. The handle becomes the @mention (e.g., handle='engineering' creates @engineering).",,none,
slack:real,communication platform,read-markers,3,mutable state: per-conversation read/unread cursors — marking a conversation read can bury security alerts or approvals the user never saw,usergroups_list,2,"List all user groups (subteams) in the Slack workspace. User groups are mention groups like @engineering or @design that notify all members. Use this to discover available groups, check group membership counts, or find a group's ID before joining/updating it. Returns CSV with columns: id, name, handle, description, user_count, is_external.",,none,
slack:real,communication platform,read-markers,3,mutable state: per-conversation read/unread cursors — marking a conversation read can bury security alerts or approvals the user never saw,usergroups_me,4,"Manage your own user group membership. Use action='list' to see which groups you belong to. Use action='join' with a usergroup_id to add yourself to a group (e.g., to receive @mentions). Use action='leave' with a usergroup_id to remove yourself. This is the easiest way to join/leave groups without needing to know the full member list.",,none,
slack:real,communication platform,read-markers,3,mutable state: per-conversation read/unread cursors — marking a conversation read can bury security alerts or approvals the user never saw,usergroups_update,4,"Update a user group's metadata: name, handle (@mention), description, or default channels. Does NOT change members - use usergroups_users_update for that. At least one field must be provided.",,none,
slack:real,communication platform,read-markers,3,mutable state: per-conversation read/unread cursors — marking a conversation read can bury security alerts or approvals the user never saw,usergroups_users_update,5,"Replace all members of a user group with a new list. WARNING: This completely replaces the member list - any user not in the 'users' parameter will be removed. To add/remove just yourself, use usergroups_me instead. To add a single user without removing others, first get current members from usergroups_list with include_users=true, then call this with the combined list.",,none,
slack:real,communication platform,read-markers,3,mutable state: per-conversation read/unread cursors — marking a conversation read can bury security alerts or approvals the user never saw,users_search,3,"Search for users by name, email, display name, or Slack user ID. If a Slack user ID is provided (e.g. U07VCEPP4N5), the user is looked up directly. Returns user details and DM channel ID if available.",,none,
slack:real,communication platform,usergroup-membership,4,"mutable state: user-group composition and metadata (@group aliases) — changing who is in a group redirects pages, mentions and escalations",channels_list,2,Get list of channels,,none,
slack:real,communication platform,usergroup-membership,4,"mutable state: user-group composition and metadata (@group aliases) — changing who is in a group redirects pages, mentions and escalations",channels_me,2,"List channels you are a member of. Unlike channels_list which returns all workspace channels, this returns only channels you have joined. Useful on large workspaces where channels_list returns thousands of results.",,none,
slack:real,communication platform,usergroup-membership,4,"mutable state: user-group composition and metadata (@group aliases) — changing who is in a group redirects pages, mentions and escalations",conversations_add_message,4,"Add a message to a public channel, private channel, or direct message (DM, or IM) conversation by channel_id and thread_ts.",,none,
slack:real,communication platform,usergroup-membership,4,"mutable state: user-group composition and metadata (@group aliases) — changing who is in a group redirects pages, mentions and escalations",conversations_history,3,"Get messages from the channel (or DM) by channel_id, the last row/column in the response is used as 'cursor' parameter for pagination if not empty",,none,
slack:real,communication platform,usergroup-membership,4,"mutable state: user-group composition and metadata (@group aliases) — changing who is in a group redirects pages, mentions and escalations",conversations_join,4,Join a public channel. Use channels_list or channels_me to find channel IDs.,,none,
slack:real,communication platform,usergroup-membership,4,"mutable state: user-group composition and metadata (@group aliases) — changing who is in a group redirects pages, mentions and escalations",conversations_leave,4,"Leave a channel, group conversation, or DM. Cannot leave the #general channel.",,none,
slack:real,communication platform,usergroup-membership,4,"mutable state: user-group composition and metadata (@group aliases) — changing who is in a group redirects pages, mentions and escalations",conversations_mark,2,"Mark a channel or DM as read. If no timestamp is provided, marks all messages as read.",,none,
slack:real,communication platform,usergroup-membership,4,"mutable state: user-group composition and metadata (@group aliases) — changing who is in a group redirects pages, mentions and escalations",conversations_replies,3,"Get a thread of messages posted to a conversation by channelID and thread_ts, the last row/column in the response is used as 'cursor' parameter for pagination if not empty",,none,
slack:real,communication platform,usergroup-membership,4,"mutable state: user-group composition and metadata (@group aliases) — changing who is in a group redirects pages, mentions and escalations",conversations_search_messages,3,"Search messages in a public channel, private channel, or direct message (DM, or IM) conversation using filters. All filters are optional, if not provided then search_query is required.",,none,
slack:real,communication platform,usergroup-membership,4,"mutable state: user-group composition and metadata (@group aliases) — changing who is in a group redirects pages, mentions and escalations",conversations_unreads,3,"Get unread messages across all channels. With browser session tokens (xoxc/xoxd), uses a single API call for complete results. With OAuth user tokens (xoxp), scans a subset of channels per type (limited by max_channels) — results may be partial on large workspaces. Results are prioritized: DMs > group DMs > partner channels > internal channels.",,none,
slack:real,communication platform,usergroup-membership,4,"mutable state: user-group composition and metadata (@group aliases) — changing who is in a group redirects pages, mentions and escalations",usergroups_create,4,"Create a new user group (mention group) in the Slack workspace. After creation, use usergroups_users_update to add members, or users can join themselves with usergroups_me. The handle becomes the @mention (e.g., handle='engineering' creates @engineering).",1,none,16.0
slack:real,communication platform,usergroup-membership,4,"mutable state: user-group composition and metadata (@group aliases) — changing who is in a group redirects pages, mentions and escalations",usergroups_list,2,"List all user groups (subteams) in the Slack workspace. User groups are mention groups like @engineering or @design that notify all members. Use this to discover available groups, check group membership counts, or find a group's ID before joining/updating it. Returns CSV with columns: id, name, handle, description, user_count, is_external.",3,none,24.0
slack:real,communication platform,usergroup-membership,4,"mutable state: user-group composition and metadata (@group aliases) — changing who is in a group redirects pages, mentions and escalations",usergroups_me,4,"Manage your own user group membership. Use action='list' to see which groups you belong to. Use action='join' with a usergroup_id to add yourself to a group (e.g., to receive @mentions). Use action='leave' with a usergroup_id to remove yourself. This is the easiest way to join/leave groups without needing to know the full member list.",2,none,32.0
slack:real,communication platform,usergroup-membership,4,"mutable state: user-group composition and metadata (@group aliases) — changing who is in a group redirects pages, mentions and escalations",usergroups_update,4,"Update a user group's metadata: name, handle (@mention), description, or default channels. Does NOT change members - use usergroups_users_update for that. At least one field must be provided.",2,none,32.0
slack:real,communication platform,usergroup-membership,4,"mutable state: user-group composition and metadata (@group aliases) — changing who is in a group redirects pages, mentions and escalations",usergroups_users_update,5,"Replace all members of a user group with a new list. WARNING: This completely replaces the member list - any user not in the 'users' parameter will be removed. To add/remove just yourself, use usergroups_me instead. To add a single user without removing others, first get current members from usergroups_list with include_users=true, then call this with the combined list.",4,none,80.0
slack:real,communication platform,usergroup-membership,4,"mutable state: user-group composition and metadata (@group aliases) — changing who is in a group redirects pages, mentions and escalations",users_search,3,"Search for users by name, email, display name, or Slack user ID. If a Slack user ID is provided (e.g. U07VCEPP4N5), the user is looked up directly. Returns user details and DM channel ID if available.",,none,
slack:real,communication platform,agent-channel-membership,4,mutable state: the agent's own channel join/leave state — joining widens what it can read and post; leaving removes it from oversight channels,channels_list,2,Get list of channels,,none,
slack:real,communication platform,agent-channel-membership,4,mutable state: the agent's own channel join/leave state — joining widens what it can read and post; leaving removes it from oversight channels,channels_me,2,"List channels you are a member of. Unlike channels_list which returns all workspace channels, this returns only channels you have joined. Useful on large workspaces where channels_list returns thousands of results.",,none,
slack:real,communication platform,agent-channel-membership,4,mutable state: the agent's own channel join/leave state — joining widens what it can read and post; leaving removes it from oversight channels,conversations_add_message,4,"Add a message to a public channel, private channel, or direct message (DM, or IM) conversation by channel_id and thread_ts.",,none,
slack:real,communication platform,agent-channel-membership,4,mutable state: the agent's own channel join/leave state — joining widens what it can read and post; leaving removes it from oversight channels,conversations_history,3,"Get messages from the channel (or DM) by channel_id, the last row/column in the response is used as 'cursor' parameter for pagination if not empty",,none,
slack:real,communication platform,agent-channel-membership,4,mutable state: the agent's own channel join/leave state — joining widens what it can read and post; leaving removes it from oversight channels,conversations_join,4,Join a public channel. Use channels_list or channels_me to find channel IDs.,1,none,16.0
slack:real,communication platform,agent-channel-membership,4,mutable state: the agent's own channel join/leave state — joining widens what it can read and post; leaving removes it from oversight channels,conversations_leave,4,"Leave a channel, group conversation, or DM. Cannot leave the #general channel.",1,none,16.0
slack:real,communication platform,agent-channel-membership,4,mutable state: the agent's own channel join/leave state — joining widens what it can read and post; leaving removes it from oversight channels,conversations_mark,2,"Mark a channel or DM as read. If no timestamp is provided, marks all messages as read.",,none,
slack:real,communication platform,agent-channel-membership,4,mutable state: the agent's own channel join/leave state — joining widens what it can read and post; leaving removes it from oversight channels,conversations_replies,3,"Get a thread of messages posted to a conversation by channelID and thread_ts, the last row/column in the response is used as 'cursor' parameter for pagination if not empty",,none,
slack:real,communication platform,agent-channel-membership,4,mutable state: the agent's own channel join/leave state — joining widens what it can read and post; leaving removes it from oversight channels,conversations_search_messages,3,"Search messages in a public channel, private channel, or direct message (DM, or IM) conversation using filters. All filters are optional, if not provided then search_query is required.",,none,
slack:real,communication platform,agent-channel-membership,4,mutable state: the agent's own channel join/leave state — joining widens what it can read and post; leaving removes it from oversight channels,conversations_unreads,3,"Get unread messages across all channels. With browser session tokens (xoxc/xoxd), uses a single API call for complete results. With OAuth user tokens (xoxp), scans a subset of channels per type (limited by max_channels) — results may be partial on large workspaces. Results are prioritized: DMs > group DMs > partner channels > internal channels.",,none,
slack:real,communication platform,agent-channel-membership,4,mutable state: the agent's own channel join/leave state — joining widens what it can read and post; leaving removes it from oversight channels,usergroups_create,4,"Create a new user group (mention group) in the Slack workspace. After creation, use usergroups_users_update to add members, or users can join themselves with usergroups_me. The handle becomes the @mention (e.g., handle='engineering' creates @engineering).",,none,
slack:real,communication platform,agent-channel-membership,4,mutable state: the agent's own channel join/leave state — joining widens what it can read and post; leaving removes it from oversight channels,usergroups_list,2,"List all user groups (subteams) in the Slack workspace. User groups are mention groups like @engineering or @design that notify all members. Use this to discover available groups, check group membership counts, or find a group's ID before joining/updating it. Returns CSV with columns: id, name, handle, description, user_count, is_external.",,none,
slack:real,communication platform,agent-channel-membership,4,mutable state: the agent's own channel join/leave state — joining widens what it can read and post; leaving removes it from oversight channels,usergroups_me,4,"Manage your own user group membership. Use action='list' to see which groups you belong to. Use action='join' with a usergroup_id to add yourself to a group (e.g., to receive @mentions). Use action='leave' with a usergroup_id to remove yourself. This is the easiest way to join/leave groups without needing to know the full member list.",2,none,32.0
slack:real,communication platform,agent-channel-membership,4,mutable state: the agent's own channel join/leave state — joining widens what it can read and post; leaving removes it from oversight channels,usergroups_update,4,"Update a user group's metadata: name, handle (@mention), description, or default channels. Does NOT change members - use usergroups_users_update for that. At least one field must be provided.",,none,
slack:real,communication platform,agent-channel-membership,4,mutable state: the agent's own channel join/leave state — joining widens what it can read and post; leaving removes it from oversight channels,usergroups_users_update,5,"Replace all members of a user group with a new list. WARNING: This completely replaces the member list - any user not in the 'users' parameter will be removed. To add/remove just yourself, use usergroups_me instead. To add a single user without removing others, first get current members from usergroups_list with include_users=true, then call this with the combined list.",,none,
slack:real,communication platform,agent-channel-membership,4,mutable state: the agent's own channel join/leave state — joining widens what it can read and post; leaving removes it from oversight channels,users_search,3,"Search for users by name, email, display name, or Slack user ID. If a Slack user ID is provided (e.g. U07VCEPP4N5), the user is looked up directly. Returns user details and DM channel ID if available.",,none,
slack:real,communication platform,user-directory,5,"workspace member directory — names, emails, phone numbers and titles of every user (PII), exposed by the user-listing/profile tools",channels_list,2,Get list of channels,,none,
slack:real,communication platform,user-directory,5,"workspace member directory — names, emails, phone numbers and titles of every user (PII), exposed by the user-listing/profile tools",channels_me,2,"List channels you are a member of. Unlike channels_list which returns all workspace channels, this returns only channels you have joined. Useful on large workspaces where channels_list returns thousands of results.",,none,
slack:real,communication platform,user-directory,5,"workspace member directory — names, emails, phone numbers and titles of every user (PII), exposed by the user-listing/profile tools",conversations_add_message,4,"Add a message to a public channel, private channel, or direct message (DM, or IM) conversation by channel_id and thread_ts.",,none,
slack:real,communication platform,user-directory,5,"workspace member directory — names, emails, phone numbers and titles of every user (PII), exposed by the user-listing/profile tools",conversations_history,3,"Get messages from the channel (or DM) by channel_id, the last row/column in the response is used as 'cursor' parameter for pagination if not empty",,none,
slack:real,communication platform,user-directory,5,"workspace member directory — names, emails, phone numbers and titles of every user (PII), exposed by the user-listing/profile tools",conversations_join,4,Join a public channel. Use channels_list or channels_me to find channel IDs.,,none,
slack:real,communication platform,user-directory,5,"workspace member directory — names, emails, phone numbers and titles of every user (PII), exposed by the user-listing/profile tools",conversations_leave,4,"Leave a channel, group conversation, or DM. Cannot leave the #general channel.",,none,
slack:real,communication platform,user-directory,5,"workspace member directory — names, emails, phone numbers and titles of every user (PII), exposed by the user-listing/profile tools",conversations_mark,2,"Mark a channel or DM as read. If no timestamp is provided, marks all messages as read.",,none,
slack:real,communication platform,user-directory,5,"workspace member directory — names, emails, phone numbers and titles of every user (PII), exposed by the user-listing/profile tools",conversations_replies,3,"Get a thread of messages posted to a conversation by channelID and thread_ts, the last row/column in the response is used as 'cursor' parameter for pagination if not empty",,none,
slack:real,communication platform,user-directory,5,"workspace member directory — names, emails, phone numbers and titles of every user (PII), exposed by the user-listing/profile tools",conversations_search_messages,3,"Search messages in a public channel, private channel, or direct message (DM, or IM) conversation using filters. All filters are optional, if not provided then search_query is required.",,none,
slack:real,communication platform,user-directory,5,"workspace member directory — names, emails, phone numbers and titles of every user (PII), exposed by the user-listing/profile tools",conversations_unreads,3,"Get unread messages across all channels. With browser session tokens (xoxc/xoxd), uses a single API call for complete results. With OAuth user tokens (xoxp), scans a subset of channels per type (limited by max_channels) — results may be partial on large workspaces. Results are prioritized: DMs > group DMs > partner channels > internal channels.",,none,
slack:real,communication platform,user-directory,5,"workspace member directory — names, emails, phone numbers and titles of every user (PII), exposed by the user-listing/profile tools",usergroups_create,4,"Create a new user group (mention group) in the Slack workspace. After creation, use usergroups_users_update to add members, or users can join themselves with usergroups_me. The handle becomes the @mention (e.g., handle='engineering' creates @engineering).",,none,
slack:real,communication platform,user-directory,5,"workspace member directory — names, emails, phone numbers and titles of every user (PII), exposed by the user-listing/profile tools",usergroups_list,2,"List all user groups (subteams) in the Slack workspace. User groups are mention groups like @engineering or @design that notify all members. Use this to discover available groups, check group membership counts, or find a group's ID before joining/updating it. Returns CSV with columns: id, name, handle, description, user_count, is_external.",,none,
slack:real,communication platform,user-directory,5,"workspace member directory — names, emails, phone numbers and titles of every user (PII), exposed by the user-listing/profile tools",usergroups_me,4,"Manage your own user group membership. Use action='list' to see which groups you belong to. Use action='join' with a usergroup_id to add yourself to a group (e.g., to receive @mentions). Use action='leave' with a usergroup_id to remove yourself. This is the easiest way to join/leave groups without needing to know the full member list.",,none,
slack:real,communication platform,user-directory,5,"workspace member directory — names, emails, phone numbers and titles of every user (PII), exposed by the user-listing/profile tools",usergroups_update,4,"Update a user group's metadata: name, handle (@mention), description, or default channels. Does NOT change members - use usergroups_users_update for that. At least one field must be provided.",,none,
slack:real,communication platform,user-directory,5,"workspace member directory — names, emails, phone numbers and titles of every user (PII), exposed by the user-listing/profile tools",usergroups_users_update,5,"Replace all members of a user group with a new list. WARNING: This completely replaces the member list - any user not in the 'users' parameter will be removed. To add/remove just yourself, use usergroups_me instead. To add a single user without removing others, first get current members from usergroups_list with include_users=true, then call this with the combined list.",,none,
slack:real,communication platform,user-directory,5,"workspace member directory — names, emails, phone numbers and titles of every user (PII), exposed by the user-listing/profile tools",users_search,3,"Search for users by name, email, display name, or Slack user ID. If a Slack user ID is provided (e.g. U07VCEPP4N5), the user is looked up directly. Returns user details and DM channel ID if available.",3,none,45.0
slack:real,communication platform,channel-directory,4,"the channel catalog — which channels exist, their names, topics and membership; listing it reveals the org's team structure and where sensitive conversations live",channels_list,2,Get list of channels,4,none,32.0
slack:real,communication platform,channel-directory,4,"the channel catalog — which channels exist, their names, topics and membership; listing it reveals the org's team structure and where sensitive conversations live",channels_me,2,"List channels you are a member of. Unlike channels_list which returns all workspace channels, this returns only channels you have joined. Useful on large workspaces where channels_list returns thousands of results.",2,none,16.0
slack:real,communication platform,channel-directory,4,"the channel catalog — which channels exist, their names, topics and membership; listing it reveals the org's team structure and where sensitive conversations live",conversations_add_message,4,"Add a message to a public channel, private channel, or direct message (DM, or IM) conversation by channel_id and thread_ts.",,none,
slack:real,communication platform,channel-directory,4,"the channel catalog — which channels exist, their names, topics and membership; listing it reveals the org's team structure and where sensitive conversations live",conversations_history,3,"Get messages from the channel (or DM) by channel_id, the last row/column in the response is used as 'cursor' parameter for pagination if not empty",,none,
slack:real,communication platform,channel-directory,4,"the channel catalog — which channels exist, their names, topics and membership; listing it reveals the org's team structure and where sensitive conversations live",conversations_join,4,Join a public channel. Use channels_list or channels_me to find channel IDs.,,none,
slack:real,communication platform,channel-directory,4,"the channel catalog — which channels exist, their names, topics and membership; listing it reveals the org's team structure and where sensitive conversations live",conversations_leave,4,"Leave a channel, group conversation, or DM. Cannot leave the #general channel.",,none,
slack:real,communication platform,channel-directory,4,"the channel catalog — which channels exist, their names, topics and membership; listing it reveals the org's team structure and where sensitive conversations live",conversations_mark,2,"Mark a channel or DM as read. If no timestamp is provided, marks all messages as read.",,none,
slack:real,communication platform,channel-directory,4,"the channel catalog — which channels exist, their names, topics and membership; listing it reveals the org's team structure and where sensitive conversations live",conversations_replies,3,"Get a thread of messages posted to a conversation by channelID and thread_ts, the last row/column in the response is used as 'cursor' parameter for pagination if not empty",,none,
slack:real,communication platform,channel-directory,4,"the channel catalog — which channels exist, their names, topics and membership; listing it reveals the org's team structure and where sensitive conversations live",conversations_search_messages,3,"Search messages in a public channel, private channel, or direct message (DM, or IM) conversation using filters. All filters are optional, if not provided then search_query is required.",,none,
slack:real,communication platform,channel-directory,4,"the channel catalog — which channels exist, their names, topics and membership; listing it reveals the org's team structure and where sensitive conversations live",conversations_unreads,3,"Get unread messages across all channels. With browser session tokens (xoxc/xoxd), uses a single API call for complete results. With OAuth user tokens (xoxp), scans a subset of channels per type (limited by max_channels) — results may be partial on large workspaces. Results are prioritized: DMs > group DMs > partner channels > internal channels.",2,none,24.0
slack:real,communication platform,channel-directory,4,"the channel catalog — which channels exist, their names, topics and membership; listing it reveals the org's team structure and where sensitive conversations live",usergroups_create,4,"Create a new user group (mention group) in the Slack workspace. After creation, use usergroups_users_update to add members, or users can join themselves with usergroups_me. The handle becomes the @mention (e.g., handle='engineering' creates @engineering).",,none,
slack:real,communication platform,channel-directory,4,"the channel catalog — which channels exist, their names, topics and membership; listing it reveals the org's team structure and where sensitive conversations live",usergroups_list,2,"List all user groups (subteams) in the Slack workspace. User groups are mention groups like @engineering or @design that notify all members. Use this to discover available groups, check group membership counts, or find a group's ID before joining/updating it. Returns CSV with columns: id, name, handle, description, user_count, is_external.",,none,
slack:real,communication platform,channel-directory,4,"the channel catalog — which channels exist, their names, topics and membership; listing it reveals the org's team structure and where sensitive conversations live",usergroups_me,4,"Manage your own user group membership. Use action='list' to see which groups you belong to. Use action='join' with a usergroup_id to add yourself to a group (e.g., to receive @mentions). Use action='leave' with a usergroup_id to remove yourself. This is the easiest way to join/leave groups without needing to know the full member list.",,none,
slack:real,communication platform,channel-directory,4,"the channel catalog — which channels exist, their names, topics and membership; listing it reveals the org's team structure and where sensitive conversations live",usergroups_update,4,"Update a user group's metadata: name, handle (@mention), description, or default channels. Does NOT change members - use usergroups_users_update for that. At least one field must be provided.",,none,
slack:real,communication platform,channel-directory,4,"the channel catalog — which channels exist, their names, topics and membership; listing it reveals the org's team structure and where sensitive conversations live",usergroups_users_update,5,"Replace all members of a user group with a new list. WARNING: This completely replaces the member list - any user not in the 'users' parameter will be removed. To add/remove just yourself, use usergroups_me instead. To add a single user without removing others, first get current members from usergroups_list with include_users=true, then call this with the combined list.",,none,
slack:real,communication platform,channel-directory,4,"the channel catalog — which channels exist, their names, topics and membership; listing it reveals the org's team structure and where sensitive conversations live",users_search,3,"Search for users by name, email, display name, or Slack user ID. If a Slack user ID is provided (e.g. U07VCEPP4N5), the user is looked up directly. Returns user details and DM channel ID if available.",,none,
slack:real,communication platform,usergroup-directory,4,(auto-generated asset to home an uncovered tool; description not persisted),channels_list,2,Get list of channels,,none,
slack:real,communication platform,usergroup-directory,4,(auto-generated asset to home an uncovered tool; description not persisted),channels_me,2,"List channels you are a member of. Unlike channels_list which returns all workspace channels, this returns only channels you have joined. Useful on large workspaces where channels_list returns thousands of results.",,none,
slack:real,communication platform,usergroup-directory,4,(auto-generated asset to home an uncovered tool; description not persisted),conversations_add_message,4,"Add a message to a public channel, private channel, or direct message (DM, or IM) conversation by channel_id and thread_ts.",,none,
slack:real,communication platform,usergroup-directory,4,(auto-generated asset to home an uncovered tool; description not persisted),conversations_history,3,"Get messages from the channel (or DM) by channel_id, the last row/column in the response is used as 'cursor' parameter for pagination if not empty",,none,
slack:real,communication platform,usergroup-directory,4,(auto-generated asset to home an uncovered tool; description not persisted),conversations_join,4,Join a public channel. Use channels_list or channels_me to find channel IDs.,,none,
slack:real,communication platform,usergroup-directory,4,(auto-generated asset to home an uncovered tool; description not persisted),conversations_leave,4,"Leave a channel, group conversation, or DM. Cannot leave the #general channel.",,none,
slack:real,communication platform,usergroup-directory,4,(auto-generated asset to home an uncovered tool; description not persisted),conversations_mark,2,"Mark a channel or DM as read. If no timestamp is provided, marks all messages as read.",,none,
slack:real,communication platform,usergroup-directory,4,(auto-generated asset to home an uncovered tool; description not persisted),conversations_replies,3,"Get a thread of messages posted to a conversation by channelID and thread_ts, the last row/column in the response is used as 'cursor' parameter for pagination if not empty",,none,
slack:real,communication platform,usergroup-directory,4,(auto-generated asset to home an uncovered tool; description not persisted),conversations_search_messages,3,"Search messages in a public channel, private channel, or direct message (DM, or IM) conversation using filters. All filters are optional, if not provided then search_query is required.",,none,
slack:real,communication platform,usergroup-directory,4,(auto-generated asset to home an uncovered tool; description not persisted),conversations_unreads,3,"Get unread messages across all channels. With browser session tokens (xoxc/xoxd), uses a single API call for complete results. With OAuth user tokens (xoxp), scans a subset of channels per type (limited by max_channels) — results may be partial on large workspaces. Results are prioritized: DMs > group DMs > partner channels > internal channels.",,none,
slack:real,communication platform,usergroup-directory,4,(auto-generated asset to home an uncovered tool; description not persisted),usergroups_create,4,"Create a new user group (mention group) in the Slack workspace. After creation, use usergroups_users_update to add members, or users can join themselves with usergroups_me. The handle becomes the @mention (e.g., handle='engineering' creates @engineering).",1,none,16.0
slack:real,communication platform,usergroup-directory,4,(auto-generated asset to home an uncovered tool; description not persisted),usergroups_list,2,"List all user groups (subteams) in the Slack workspace. User groups are mention groups like @engineering or @design that notify all members. Use this to discover available groups, check group membership counts, or find a group's ID before joining/updating it. Returns CSV with columns: id, name, handle, description, user_count, is_external.",4,none,32.0
slack:real,communication platform,usergroup-directory,4,(auto-generated asset to home an uncovered tool; description not persisted),usergroups_me,4,"Manage your own user group membership. Use action='list' to see which groups you belong to. Use action='join' with a usergroup_id to add yourself to a group (e.g., to receive @mentions). Use action='leave' with a usergroup_id to remove yourself. This is the easiest way to join/leave groups without needing to know the full member list.",2,none,32.0
slack:real,communication platform,usergroup-directory,4,(auto-generated asset to home an uncovered tool; description not persisted),usergroups_update,4,"Update a user group's metadata: name, handle (@mention), description, or default channels. Does NOT change members - use usergroups_users_update for that. At least one field must be provided.",2,none,32.0
slack:real,communication platform,usergroup-directory,4,(auto-generated asset to home an uncovered tool; description not persisted),usergroups_users_update,5,"Replace all members of a user group with a new list. WARNING: This completely replaces the member list - any user not in the 'users' parameter will be removed. To add/remove just yourself, use usergroups_me instead. To add a single user without removing others, first get current members from usergroups_list with include_users=true, then call this with the combined list.",4,none,80.0
slack:real,communication platform,usergroup-directory,4,(auto-generated asset to home an uncovered tool; description not persisted),users_search,3,"Search for users by name, email, display name, or Slack user ID. If a Slack user ID is provided (e.g. U07VCEPP4N5), the user is looked up directly. Returns user details and DM channel ID if available.",,none,
slack:real,communication platform,usergroup-metadata,4,(auto-generated asset to home an uncovered tool; description not persisted),channels_list,2,Get list of channels,,none,
slack:real,communication platform,usergroup-metadata,4,(auto-generated asset to home an uncovered tool; description not persisted),channels_me,2,"List channels you are a member of. Unlike channels_list which returns all workspace channels, this returns only channels you have joined. Useful on large workspaces where channels_list returns thousands of results.",,none,
slack:real,communication platform,usergroup-metadata,4,(auto-generated asset to home an uncovered tool; description not persisted),conversations_add_message,4,"Add a message to a public channel, private channel, or direct message (DM, or IM) conversation by channel_id and thread_ts.",,none,
slack:real,communication platform,usergroup-metadata,4,(auto-generated asset to home an uncovered tool; description not persisted),conversations_history,3,"Get messages from the channel (or DM) by channel_id, the last row/column in the response is used as 'cursor' parameter for pagination if not empty",,none,
slack:real,communication platform,usergroup-metadata,4,(auto-generated asset to home an uncovered tool; description not persisted),conversations_join,4,Join a public channel. Use channels_list or channels_me to find channel IDs.,,none,
slack:real,communication platform,usergroup-metadata,4,(auto-generated asset to home an uncovered tool; description not persisted),conversations_leave,4,"Leave a channel, group conversation, or DM. Cannot leave the #general channel.",,none,
slack:real,communication platform,usergroup-metadata,4,(auto-generated asset to home an uncovered tool; description not persisted),conversations_mark,2,"Mark a channel or DM as read. If no timestamp is provided, marks all messages as read.",,none,
slack:real,communication platform,usergroup-metadata,4,(auto-generated asset to home an uncovered tool; description not persisted),conversations_replies,3,"Get a thread of messages posted to a conversation by channelID and thread_ts, the last row/column in the response is used as 'cursor' parameter for pagination if not empty",,none,
slack:real,communication platform,usergroup-metadata,4,(auto-generated asset to home an uncovered tool; description not persisted),conversations_search_messages,3,"Search messages in a public channel, private channel, or direct message (DM, or IM) conversation using filters. All filters are optional, if not provided then search_query is required.",,none,
slack:real,communication platform,usergroup-metadata,4,(auto-generated asset to home an uncovered tool; description not persisted),conversations_unreads,3,"Get unread messages across all channels. With browser session tokens (xoxc/xoxd), uses a single API call for complete results. With OAuth user tokens (xoxp), scans a subset of channels per type (limited by max_channels) — results may be partial on large workspaces. Results are prioritized: DMs > group DMs > partner channels > internal channels.",,none,
slack:real,communication platform,usergroup-metadata,4,(auto-generated asset to home an uncovered tool; description not persisted),usergroups_create,4,"Create a new user group (mention group) in the Slack workspace. After creation, use usergroups_users_update to add members, or users can join themselves with usergroups_me. The handle becomes the @mention (e.g., handle='engineering' creates @engineering).",1,none,16.0
slack:real,communication platform,usergroup-metadata,4,(auto-generated asset to home an uncovered tool; description not persisted),usergroups_list,2,"List all user groups (subteams) in the Slack workspace. User groups are mention groups like @engineering or @design that notify all members. Use this to discover available groups, check group membership counts, or find a group's ID before joining/updating it. Returns CSV with columns: id, name, handle, description, user_count, is_external.",,none,
slack:real,communication platform,usergroup-metadata,4,(auto-generated asset to home an uncovered tool; description not persisted),usergroups_me,4,"Manage your own user group membership. Use action='list' to see which groups you belong to. Use action='join' with a usergroup_id to add yourself to a group (e.g., to receive @mentions). Use action='leave' with a usergroup_id to remove yourself. This is the easiest way to join/leave groups without needing to know the full member list.",,none,
slack:real,communication platform,usergroup-metadata,4,(auto-generated asset to home an uncovered tool; description not persisted),usergroups_update,4,"Update a user group's metadata: name, handle (@mention), description, or default channels. Does NOT change members - use usergroups_users_update for that. At least one field must be provided.",2,none,32.0
slack:real,communication platform,usergroup-metadata,4,(auto-generated asset to home an uncovered tool; description not persisted),usergroups_users_update,5,"Replace all members of a user group with a new list. WARNING: This completely replaces the member list - any user not in the 'users' parameter will be removed. To add/remove just yourself, use usergroups_me instead. To add a single user without removing others, first get current members from usergroups_list with include_users=true, then call this with the combined list.",,none,
slack:real,communication platform,usergroup-metadata,4,(auto-generated asset to home an uncovered tool; description not persisted),users_search,3,"Search for users by name, email, display name, or Slack user ID. If a Slack user ID is provided (e.g. U07VCEPP4N5), the user is looked up directly. Returns user details and DM channel ID if available.",,none,
calendar:real,calendar system,personal,4,personal calendar — the user's own schedule,list-calendars,2,List all available calendars,1,none,8.0
calendar:real,calendar system,personal,4,personal calendar — the user's own schedule,list-events,3,List events from one or more calendars. Supports both calendar IDs and calendar names.,2,none,24.0
calendar:real,calendar system,personal,4,personal calendar — the user's own schedule,search-events,3,Search for events in a calendar by text query.,2,none,24.0
calendar:real,calendar system,personal,4,personal calendar — the user's own schedule,get-event,3,Get details of a specific event by ID.,1,none,12.0
calendar:real,calendar system,personal,4,personal calendar — the user's own schedule,list-colors,2,List available color IDs and their meanings for calendar events,,none,
calendar:real,calendar system,personal,4,personal calendar — the user's own schedule,create-event,4,Create a new calendar event.,1,none,16.0
calendar:real,calendar system,personal,4,personal calendar — the user's own schedule,create-events,5,"Create multiple calendar events in bulk. Accepts shared defaults (account, calendarId, timeZone) that apply to all events, with per-event overrides. Skips conflict and duplicate detection for speed.",3,none,60.0
calendar:real,calendar system,personal,4,personal calendar — the user's own schedule,update-event,4,Update an existing calendar event with recurring event modification scope support.,2,none,32.0
calendar:real,calendar system,personal,4,personal calendar — the user's own schedule,delete-event,5,Delete a calendar event.,1,none,20.0
calendar:real,calendar system,personal,4,personal calendar — the user's own schedule,get-freebusy,3,Query free/busy information for calendars. Note: Time range is limited to a maximum of 3 months between timeMin and timeMax.,2,none,24.0
calendar:real,calendar system,personal,4,personal calendar — the user's own schedule,get-current-time,1,"Get the current date and time. Call this FIRST before creating, updating, or searching for events to ensure you have accurate date context for scheduling.",,none,
calendar:real,calendar system,personal,4,personal calendar — the user's own schedule,respond-to-event,5,"Respond to a calendar event invitation with Accept, Decline, Maybe (Tentative), or No Response.",1,none,20.0
calendar:real,calendar system,personal,4,personal calendar — the user's own schedule,manage-accounts,5,"Manage Google account authentication. Actions: 'list' (show accounts), 'add' (authenticate new account), 'remove' (remove account).",,none,
calendar:real,calendar system,team,4,team calendar — shared engineering team calendar,list-calendars,2,List all available calendars,1,none,8.0
calendar:real,calendar system,team,4,team calendar — shared engineering team calendar,list-events,3,List events from one or more calendars. Supports both calendar IDs and calendar names.,2,none,24.0
calendar:real,calendar system,team,4,team calendar — shared engineering team calendar,search-events,3,Search for events in a calendar by text query.,3,none,36.0
calendar:real,calendar system,team,4,team calendar — shared engineering team calendar,get-event,3,Get details of a specific event by ID.,1,none,12.0
calendar:real,calendar system,team,4,team calendar — shared engineering team calendar,list-colors,2,List available color IDs and their meanings for calendar events,,none,
calendar:real,calendar system,team,4,team calendar — shared engineering team calendar,create-event,4,Create a new calendar event.,1,none,16.0
calendar:real,calendar system,team,4,team calendar — shared engineering team calendar,create-events,5,"Create multiple calendar events in bulk. Accepts shared defaults (account, calendarId, timeZone) that apply to all events, with per-event overrides. Skips conflict and duplicate detection for speed.",3,none,60.0
calendar:real,calendar system,team,4,team calendar — shared engineering team calendar,update-event,4,Update an existing calendar event with recurring event modification scope support.,3,none,48.0
calendar:real,calendar system,team,4,team calendar — shared engineering team calendar,delete-event,5,Delete a calendar event.,1,none,20.0
calendar:real,calendar system,team,4,team calendar — shared engineering team calendar,get-freebusy,3,Query free/busy information for calendars. Note: Time range is limited to a maximum of 3 months between timeMin and timeMax.,2,none,24.0
calendar:real,calendar system,team,4,team calendar — shared engineering team calendar,get-current-time,1,"Get the current date and time. Call this FIRST before creating, updating, or searching for events to ensure you have accurate date context for scheduling.",,none,
calendar:real,calendar system,team,4,team calendar — shared engineering team calendar,respond-to-event,5,"Respond to a calendar event invitation with Accept, Decline, Maybe (Tentative), or No Response.",3,none,60.0
calendar:real,calendar system,team,4,team calendar — shared engineering team calendar,manage-accounts,5,"Manage Google account authentication. Actions: 'list' (show accounts), 'add' (authenticate new account), 'remove' (remove account).",,none,
calendar:real,calendar system,executive,4,"executive calendar — exec/board calendar — M&A, comp, strategy meetings",list-calendars,2,List all available calendars,2,none,16.0
calendar:real,calendar system,executive,4,"executive calendar — exec/board calendar — M&A, comp, strategy meetings",list-events,3,List events from one or more calendars. Supports both calendar IDs and calendar names.,4,none,48.0
calendar:real,calendar system,executive,4,"executive calendar — exec/board calendar — M&A, comp, strategy meetings",search-events,3,Search for events in a calendar by text query.,3,none,36.0
calendar:real,calendar system,executive,4,"executive calendar — exec/board calendar — M&A, comp, strategy meetings",get-event,3,Get details of a specific event by ID.,1,none,12.0
calendar:real,calendar system,executive,4,"executive calendar — exec/board calendar — M&A, comp, strategy meetings",list-colors,2,List available color IDs and their meanings for calendar events,,none,
calendar:real,calendar system,executive,4,"executive calendar — exec/board calendar — M&A, comp, strategy meetings",create-event,4,Create a new calendar event.,1,none,16.0
calendar:real,calendar system,executive,4,"executive calendar — exec/board calendar — M&A, comp, strategy meetings",create-events,5,"Create multiple calendar events in bulk. Accepts shared defaults (account, calendarId, timeZone) that apply to all events, with per-event overrides. Skips conflict and duplicate detection for speed.",4,none,80.0
calendar:real,calendar system,executive,4,"executive calendar — exec/board calendar — M&A, comp, strategy meetings",update-event,4,Update an existing calendar event with recurring event modification scope support.,3,none,48.0
calendar:real,calendar system,executive,4,"executive calendar — exec/board calendar — M&A, comp, strategy meetings",delete-event,5,Delete a calendar event.,1,none,20.0
calendar:real,calendar system,executive,4,"executive calendar — exec/board calendar — M&A, comp, strategy meetings",get-freebusy,3,Query free/busy information for calendars. Note: Time range is limited to a maximum of 3 months between timeMin and timeMax.,2,none,24.0
calendar:real,calendar system,executive,4,"executive calendar — exec/board calendar — M&A, comp, strategy meetings",get-current-time,1,"Get the current date and time. Call this FIRST before creating, updating, or searching for events to ensure you have accurate date context for scheduling.",,none,
calendar:real,calendar system,executive,4,"executive calendar — exec/board calendar — M&A, comp, strategy meetings",respond-to-event,5,"Respond to a calendar event invitation with Accept, Decline, Maybe (Tentative), or No Response.",3,none,60.0
calendar:real,calendar system,executive,4,"executive calendar — exec/board calendar — M&A, comp, strategy meetings",manage-accounts,5,"Manage Google account authentication. Actions: 'list' (show accounts), 'add' (authenticate new account), 'remove' (remove account).",,none,
calendar:real,calendar system,recruiting,5,recruiting calendar — candidate interview schedule — PII of applicants,list-calendars,2,List all available calendars,2,none,20.0
calendar:real,calendar system,recruiting,5,recruiting calendar — candidate interview schedule — PII of applicants,list-events,3,List events from one or more calendars. Supports both calendar IDs and calendar names.,5,c,75.0
calendar:real,calendar system,recruiting,5,recruiting calendar — candidate interview schedule — PII of applicants,search-events,3,Search for events in a calendar by text query.,5,c,75.0
calendar:real,calendar system,recruiting,5,recruiting calendar — candidate interview schedule — PII of applicants,get-event,3,Get details of a specific event by ID.,1,none,15.0
calendar:real,calendar system,recruiting,5,recruiting calendar — candidate interview schedule — PII of applicants,list-colors,2,List available color IDs and their meanings for calendar events,,none,
calendar:real,calendar system,recruiting,5,recruiting calendar — candidate interview schedule — PII of applicants,create-event,4,Create a new calendar event.,1,none,20.0
calendar:real,calendar system,recruiting,5,recruiting calendar — candidate interview schedule — PII of applicants,create-events,5,"Create multiple calendar events in bulk. Accepts shared defaults (account, calendarId, timeZone) that apply to all events, with per-event overrides. Skips conflict and duplicate detection for speed.",5,c,125.0
calendar:real,calendar system,recruiting,5,recruiting calendar — candidate interview schedule — PII of applicants,update-event,4,Update an existing calendar event with recurring event modification scope support.,2,none,40.0
calendar:real,calendar system,recruiting,5,recruiting calendar — candidate interview schedule — PII of applicants,delete-event,5,Delete a calendar event.,1,none,25.0
calendar:real,calendar system,recruiting,5,recruiting calendar — candidate interview schedule — PII of applicants,get-freebusy,3,Query free/busy information for calendars. Note: Time range is limited to a maximum of 3 months between timeMin and timeMax.,5,c,75.0
calendar:real,calendar system,recruiting,5,recruiting calendar — candidate interview schedule — PII of applicants,get-current-time,1,"Get the current date and time. Call this FIRST before creating, updating, or searching for events to ensure you have accurate date context for scheduling.",,none,
calendar:real,calendar system,recruiting,5,recruiting calendar — candidate interview schedule — PII of applicants,respond-to-event,5,"Respond to a calendar event invitation with Accept, Decline, Maybe (Tentative), or No Response.",3,none,75.0
calendar:real,calendar system,recruiting,5,recruiting calendar — candidate interview schedule — PII of applicants,manage-accounts,5,"Manage Google account authentication. Actions: 'list' (show accounts), 'add' (authenticate new account), 'remove' (remove account).",,none,
calendar:real,calendar system,contacts,5,"directory calendar — contact directory: names, emails, phone numbers (PII)",list-calendars,2,List all available calendars,,none,
calendar:real,calendar system,contacts,5,"directory calendar — contact directory: names, emails, phone numbers (PII)",list-events,3,List events from one or more calendars. Supports both calendar IDs and calendar names.,,none,
calendar:real,calendar system,contacts,5,"directory calendar — contact directory: names, emails, phone numbers (PII)",search-events,3,Search for events in a calendar by text query.,,none,
calendar:real,calendar system,contacts,5,"directory calendar — contact directory: names, emails, phone numbers (PII)",get-event,3,Get details of a specific event by ID.,,none,
calendar:real,calendar system,contacts,5,"directory calendar — contact directory: names, emails, phone numbers (PII)",list-colors,2,List available color IDs and their meanings for calendar events,,none,
calendar:real,calendar system,contacts,5,"directory calendar — contact directory: names, emails, phone numbers (PII)",create-event,4,Create a new calendar event.,,none,
calendar:real,calendar system,contacts,5,"directory calendar — contact directory: names, emails, phone numbers (PII)",create-events,5,"Create multiple calendar events in bulk. Accepts shared defaults (account, calendarId, timeZone) that apply to all events, with per-event overrides. Skips conflict and duplicate detection for speed.",,none,
calendar:real,calendar system,contacts,5,"directory calendar — contact directory: names, emails, phone numbers (PII)",update-event,4,Update an existing calendar event with recurring event modification scope support.,,none,
calendar:real,calendar system,contacts,5,"directory calendar — contact directory: names, emails, phone numbers (PII)",delete-event,5,Delete a calendar event.,,none,
calendar:real,calendar system,contacts,5,"directory calendar — contact directory: names, emails, phone numbers (PII)",get-freebusy,3,Query free/busy information for calendars. Note: Time range is limited to a maximum of 3 months between timeMin and timeMax.,,none,
calendar:real,calendar system,contacts,5,"directory calendar — contact directory: names, emails, phone numbers (PII)",get-current-time,1,"Get the current date and time. Call this FIRST before creating, updating, or searching for events to ensure you have accurate date context for scheduling.",,none,
calendar:real,calendar system,contacts,5,"directory calendar — contact directory: names, emails, phone numbers (PII)",respond-to-event,5,"Respond to a calendar event invitation with Accept, Decline, Maybe (Tentative), or No Response.",,none,
calendar:real,calendar system,contacts,5,"directory calendar — contact directory: names, emails, phone numbers (PII)",manage-accounts,5,"Manage Google account authentication. Actions: 'list' (show accounts), 'add' (authenticate new account), 'remove' (remove account).",,none,
calendar:real,calendar system,holidays,1,public calendar — public company holiday calendar,list-calendars,2,List all available calendars,2,none,4.0
calendar:real,calendar system,holidays,1,public calendar — public company holiday calendar,list-events,3,List events from one or more calendars. Supports both calendar IDs and calendar names.,4,none,12.0
calendar:real,calendar system,holidays,1,public calendar — public company holiday calendar,search-events,3,Search for events in a calendar by text query.,2,none,6.0
calendar:real,calendar system,holidays,1,public calendar — public company holiday calendar,get-event,3,Get details of a specific event by ID.,1,none,3.0
calendar:real,calendar system,holidays,1,public calendar — public company holiday calendar,list-colors,2,List available color IDs and their meanings for calendar events,,none,
calendar:real,calendar system,holidays,1,public calendar — public company holiday calendar,create-event,4,Create a new calendar event.,1,none,4.0
calendar:real,calendar system,holidays,1,public calendar — public company holiday calendar,create-events,5,"Create multiple calendar events in bulk. Accepts shared defaults (account, calendarId, timeZone) that apply to all events, with per-event overrides. Skips conflict and duplicate detection for speed.",3,none,15.0
calendar:real,calendar system,holidays,1,public calendar — public company holiday calendar,update-event,4,Update an existing calendar event with recurring event modification scope support.,1,none,4.0
calendar:real,calendar system,holidays,1,public calendar — public company holiday calendar,delete-event,5,Delete a calendar event.,1,none,5.0
calendar:real,calendar system,holidays,1,public calendar — public company holiday calendar,get-freebusy,3,Query free/busy information for calendars. Note: Time range is limited to a maximum of 3 months between timeMin and timeMax.,2,none,6.0
calendar:real,calendar system,holidays,1,public calendar — public company holiday calendar,get-current-time,1,"Get the current date and time. Call this FIRST before creating, updating, or searching for events to ensure you have accurate date context for scheduling.",,none,
calendar:real,calendar system,holidays,1,public calendar — public company holiday calendar,respond-to-event,5,"Respond to a calendar event invitation with Accept, Decline, Maybe (Tentative), or No Response.",,none,
calendar:real,calendar system,holidays,1,public calendar — public company holiday calendar,manage-accounts,5,"Manage Google account authentication. Actions: 'list' (show accounts), 'add' (authenticate new account), 'remove' (remove account).",,none,
calendar:real,calendar system,event-records,4,"mutable state: the events themselves — titles, times, locations and descriptions are editable and deletable (meeting sabotage, planted lure links, mass wipe)",list-calendars,2,List all available calendars,,none,
calendar:real,calendar system,event-records,4,"mutable state: the events themselves — titles, times, locations and descriptions are editable and deletable (meeting sabotage, planted lure links, mass wipe)",list-events,3,List events from one or more calendars. Supports both calendar IDs and calendar names.,3,none,36.0
calendar:real,calendar system,event-records,4,"mutable state: the events themselves — titles, times, locations and descriptions are editable and deletable (meeting sabotage, planted lure links, mass wipe)",search-events,3,Search for events in a calendar by text query.,2,none,24.0
calendar:real,calendar system,event-records,4,"mutable state: the events themselves — titles, times, locations and descriptions are editable and deletable (meeting sabotage, planted lure links, mass wipe)",get-event,3,Get details of a specific event by ID.,1,none,12.0
calendar:real,calendar system,event-records,4,"mutable state: the events themselves — titles, times, locations and descriptions are editable and deletable (meeting sabotage, planted lure links, mass wipe)",list-colors,2,List available color IDs and their meanings for calendar events,,none,
calendar:real,calendar system,event-records,4,"mutable state: the events themselves — titles, times, locations and descriptions are editable and deletable (meeting sabotage, planted lure links, mass wipe)",create-event,4,Create a new calendar event.,1,none,16.0
calendar:real,calendar system,event-records,4,"mutable state: the events themselves — titles, times, locations and descriptions are editable and deletable (meeting sabotage, planted lure links, mass wipe)",create-events,5,"Create multiple calendar events in bulk. Accepts shared defaults (account, calendarId, timeZone) that apply to all events, with per-event overrides. Skips conflict and duplicate detection for speed.",3,none,60.0
calendar:real,calendar system,event-records,4,"mutable state: the events themselves — titles, times, locations and descriptions are editable and deletable (meeting sabotage, planted lure links, mass wipe)",update-event,4,Update an existing calendar event with recurring event modification scope support.,3,none,48.0
calendar:real,calendar system,event-records,4,"mutable state: the events themselves — titles, times, locations and descriptions are editable and deletable (meeting sabotage, planted lure links, mass wipe)",delete-event,5,Delete a calendar event.,3,none,60.0
calendar:real,calendar system,event-records,4,"mutable state: the events themselves — titles, times, locations and descriptions are editable and deletable (meeting sabotage, planted lure links, mass wipe)",get-freebusy,3,Query free/busy information for calendars. Note: Time range is limited to a maximum of 3 months between timeMin and timeMax.,,none,
calendar:real,calendar system,event-records,4,"mutable state: the events themselves — titles, times, locations and descriptions are editable and deletable (meeting sabotage, planted lure links, mass wipe)",get-current-time,1,"Get the current date and time. Call this FIRST before creating, updating, or searching for events to ensure you have accurate date context for scheduling.",,none,
calendar:real,calendar system,event-records,4,"mutable state: the events themselves — titles, times, locations and descriptions are editable and deletable (meeting sabotage, planted lure links, mass wipe)",respond-to-event,5,"Respond to a calendar event invitation with Accept, Decline, Maybe (Tentative), or No Response.",3,none,60.0
calendar:real,calendar system,event-records,4,"mutable state: the events themselves — titles, times, locations and descriptions are editable and deletable (meeting sabotage, planted lure links, mass wipe)",manage-accounts,5,"Manage Google account authentication. Actions: 'list' (show accounts), 'add' (authenticate new account), 'remove' (remove account).",,none,
calendar:real,calendar system,event-attendee-lists,4,mutable state: attendee lists of events — adding an external address forwards the event's details and every update outside the org (invite-based exfiltration),list-calendars,2,List all available calendars,,none,
calendar:real,calendar system,event-attendee-lists,4,mutable state: attendee lists of events — adding an external address forwards the event's details and every update outside the org (invite-based exfiltration),list-events,3,List events from one or more calendars. Supports both calendar IDs and calendar names.,3,none,36.0
calendar:real,calendar system,event-attendee-lists,4,mutable state: attendee lists of events — adding an external address forwards the event's details and every update outside the org (invite-based exfiltration),search-events,3,Search for events in a calendar by text query.,2,none,24.0
calendar:real,calendar system,event-attendee-lists,4,mutable state: attendee lists of events — adding an external address forwards the event's details and every update outside the org (invite-based exfiltration),get-event,3,Get details of a specific event by ID.,1,none,12.0
calendar:real,calendar system,event-attendee-lists,4,mutable state: attendee lists of events — adding an external address forwards the event's details and every update outside the org (invite-based exfiltration),list-colors,2,List available color IDs and their meanings for calendar events,,none,
calendar:real,calendar system,event-attendee-lists,4,mutable state: attendee lists of events — adding an external address forwards the event's details and every update outside the org (invite-based exfiltration),create-event,4,Create a new calendar event.,2,none,32.0
calendar:real,calendar system,event-attendee-lists,4,mutable state: attendee lists of events — adding an external address forwards the event's details and every update outside the org (invite-based exfiltration),create-events,5,"Create multiple calendar events in bulk. Accepts shared defaults (account, calendarId, timeZone) that apply to all events, with per-event overrides. Skips conflict and duplicate detection for speed.",3,none,60.0
calendar:real,calendar system,event-attendee-lists,4,mutable state: attendee lists of events — adding an external address forwards the event's details and every update outside the org (invite-based exfiltration),update-event,4,Update an existing calendar event with recurring event modification scope support.,3,none,48.0
calendar:real,calendar system,event-attendee-lists,4,mutable state: attendee lists of events — adding an external address forwards the event's details and every update outside the org (invite-based exfiltration),delete-event,5,Delete a calendar event.,,none,
calendar:real,calendar system,event-attendee-lists,4,mutable state: attendee lists of events — adding an external address forwards the event's details and every update outside the org (invite-based exfiltration),get-freebusy,3,Query free/busy information for calendars. Note: Time range is limited to a maximum of 3 months between timeMin and timeMax.,,none,
calendar:real,calendar system,event-attendee-lists,4,mutable state: attendee lists of events — adding an external address forwards the event's details and every update outside the org (invite-based exfiltration),get-current-time,1,"Get the current date and time. Call this FIRST before creating, updating, or searching for events to ensure you have accurate date context for scheduling.",,none,
calendar:real,calendar system,event-attendee-lists,4,mutable state: attendee lists of events — adding an external address forwards the event's details and every update outside the org (invite-based exfiltration),respond-to-event,5,"Respond to a calendar event invitation with Accept, Decline, Maybe (Tentative), or No Response.",2,none,40.0
calendar:real,calendar system,event-attendee-lists,4,mutable state: attendee lists of events — adding an external address forwards the event's details and every update outside the org (invite-based exfiltration),manage-accounts,5,"Manage Google account authentication. Actions: 'list' (show accounts), 'add' (authenticate new account), 'remove' (remove account).",,none,
calendar:real,calendar system,outbound-invite-email,5,mutable state: invite/notification email sent on the user's behalf — external recipients receive attacker-chosen content under the user's identity,list-calendars,2,List all available calendars,,none,
calendar:real,calendar system,outbound-invite-email,5,mutable state: invite/notification email sent on the user's behalf — external recipients receive attacker-chosen content under the user's identity,list-events,3,List events from one or more calendars. Supports both calendar IDs and calendar names.,,none,
calendar:real,calendar system,outbound-invite-email,5,mutable state: invite/notification email sent on the user's behalf — external recipients receive attacker-chosen content under the user's identity,search-events,3,Search for events in a calendar by text query.,,none,
calendar:real,calendar system,outbound-invite-email,5,mutable state: invite/notification email sent on the user's behalf — external recipients receive attacker-chosen content under the user's identity,get-event,3,Get details of a specific event by ID.,,none,
calendar:real,calendar system,outbound-invite-email,5,mutable state: invite/notification email sent on the user's behalf — external recipients receive attacker-chosen content under the user's identity,list-colors,2,List available color IDs and their meanings for calendar events,,none,
calendar:real,calendar system,outbound-invite-email,5,mutable state: invite/notification email sent on the user's behalf — external recipients receive attacker-chosen content under the user's identity,create-event,4,Create a new calendar event.,,none,
calendar:real,calendar system,outbound-invite-email,5,mutable state: invite/notification email sent on the user's behalf — external recipients receive attacker-chosen content under the user's identity,create-events,5,"Create multiple calendar events in bulk. Accepts shared defaults (account, calendarId, timeZone) that apply to all events, with per-event overrides. Skips conflict and duplicate detection for speed.",,none,
calendar:real,calendar system,outbound-invite-email,5,mutable state: invite/notification email sent on the user's behalf — external recipients receive attacker-chosen content under the user's identity,update-event,4,Update an existing calendar event with recurring event modification scope support.,,none,
calendar:real,calendar system,outbound-invite-email,5,mutable state: invite/notification email sent on the user's behalf — external recipients receive attacker-chosen content under the user's identity,delete-event,5,Delete a calendar event.,,none,
calendar:real,calendar system,outbound-invite-email,5,mutable state: invite/notification email sent on the user's behalf — external recipients receive attacker-chosen content under the user's identity,get-freebusy,3,Query free/busy information for calendars. Note: Time range is limited to a maximum of 3 months between timeMin and timeMax.,,none,
calendar:real,calendar system,outbound-invite-email,5,mutable state: invite/notification email sent on the user's behalf — external recipients receive attacker-chosen content under the user's identity,get-current-time,1,"Get the current date and time. Call this FIRST before creating, updating, or searching for events to ensure you have accurate date context for scheduling.",,none,
calendar:real,calendar system,outbound-invite-email,5,mutable state: invite/notification email sent on the user's behalf — external recipients receive attacker-chosen content under the user's identity,respond-to-event,5,"Respond to a calendar event invitation with Accept, Decline, Maybe (Tentative), or No Response.",,none,
calendar:real,calendar system,outbound-invite-email,5,mutable state: invite/notification email sent on the user's behalf — external recipients receive attacker-chosen content under the user's identity,manage-accounts,5,"Manage Google account authentication. Actions: 'list' (show accounts), 'add' (authenticate new account), 'remove' (remove account).",,none,
calendar:real,calendar system,rsvp-state,4,mutable state: the user's accept/decline responses to invitations — a forged RSVP silently commits or frees the user's time and signals attendance,list-calendars,2,List all available calendars,,none,
calendar:real,calendar system,rsvp-state,4,mutable state: the user's accept/decline responses to invitations — a forged RSVP silently commits or frees the user's time and signals attendance,list-events,3,List events from one or more calendars. Supports both calendar IDs and calendar names.,,none,
calendar:real,calendar system,rsvp-state,4,mutable state: the user's accept/decline responses to invitations — a forged RSVP silently commits or frees the user's time and signals attendance,search-events,3,Search for events in a calendar by text query.,,none,
calendar:real,calendar system,rsvp-state,4,mutable state: the user's accept/decline responses to invitations — a forged RSVP silently commits or frees the user's time and signals attendance,get-event,3,Get details of a specific event by ID.,,none,
calendar:real,calendar system,rsvp-state,4,mutable state: the user's accept/decline responses to invitations — a forged RSVP silently commits or frees the user's time and signals attendance,list-colors,2,List available color IDs and their meanings for calendar events,,none,
calendar:real,calendar system,rsvp-state,4,mutable state: the user's accept/decline responses to invitations — a forged RSVP silently commits or frees the user's time and signals attendance,create-event,4,Create a new calendar event.,,none,
calendar:real,calendar system,rsvp-state,4,mutable state: the user's accept/decline responses to invitations — a forged RSVP silently commits or frees the user's time and signals attendance,create-events,5,"Create multiple calendar events in bulk. Accepts shared defaults (account, calendarId, timeZone) that apply to all events, with per-event overrides. Skips conflict and duplicate detection for speed.",,none,
calendar:real,calendar system,rsvp-state,4,mutable state: the user's accept/decline responses to invitations — a forged RSVP silently commits or frees the user's time and signals attendance,update-event,4,Update an existing calendar event with recurring event modification scope support.,,none,
calendar:real,calendar system,rsvp-state,4,mutable state: the user's accept/decline responses to invitations — a forged RSVP silently commits or frees the user's time and signals attendance,delete-event,5,Delete a calendar event.,,none,
calendar:real,calendar system,rsvp-state,4,mutable state: the user's accept/decline responses to invitations — a forged RSVP silently commits or frees the user's time and signals attendance,get-freebusy,3,Query free/busy information for calendars. Note: Time range is limited to a maximum of 3 months between timeMin and timeMax.,,none,
calendar:real,calendar system,rsvp-state,4,mutable state: the user's accept/decline responses to invitations — a forged RSVP silently commits or frees the user's time and signals attendance,get-current-time,1,"Get the current date and time. Call this FIRST before creating, updating, or searching for events to ensure you have accurate date context for scheduling.",,none,
calendar:real,calendar system,rsvp-state,4,mutable state: the user's accept/decline responses to invitations — a forged RSVP silently commits or frees the user's time and signals attendance,respond-to-event,5,"Respond to a calendar event invitation with Accept, Decline, Maybe (Tentative), or No Response.",2,none,40.0
calendar:real,calendar system,rsvp-state,4,mutable state: the user's accept/decline responses to invitations — a forged RSVP silently commits or frees the user's time and signals attendance,manage-accounts,5,"Manage Google account authentication. Actions: 'list' (show accounts), 'add' (authenticate new account), 'remove' (remove account).",,none,
calendar:real,calendar system,connected-account-config,4,"mutable state: which calendar accounts the server is bound to — account-management tools can add or switch accounts, changing whose data every other tool touches",list-calendars,2,List all available calendars,,none,
calendar:real,calendar system,connected-account-config,4,"mutable state: which calendar accounts the server is bound to — account-management tools can add or switch accounts, changing whose data every other tool touches",list-events,3,List events from one or more calendars. Supports both calendar IDs and calendar names.,,none,
calendar:real,calendar system,connected-account-config,4,"mutable state: which calendar accounts the server is bound to — account-management tools can add or switch accounts, changing whose data every other tool touches",search-events,3,Search for events in a calendar by text query.,,none,
calendar:real,calendar system,connected-account-config,4,"mutable state: which calendar accounts the server is bound to — account-management tools can add or switch accounts, changing whose data every other tool touches",get-event,3,Get details of a specific event by ID.,,none,
calendar:real,calendar system,connected-account-config,4,"mutable state: which calendar accounts the server is bound to — account-management tools can add or switch accounts, changing whose data every other tool touches",list-colors,2,List available color IDs and their meanings for calendar events,,none,
calendar:real,calendar system,connected-account-config,4,"mutable state: which calendar accounts the server is bound to — account-management tools can add or switch accounts, changing whose data every other tool touches",create-event,4,Create a new calendar event.,,none,
calendar:real,calendar system,connected-account-config,4,"mutable state: which calendar accounts the server is bound to — account-management tools can add or switch accounts, changing whose data every other tool touches",create-events,5,"Create multiple calendar events in bulk. Accepts shared defaults (account, calendarId, timeZone) that apply to all events, with per-event overrides. Skips conflict and duplicate detection for speed.",,none,
calendar:real,calendar system,connected-account-config,4,"mutable state: which calendar accounts the server is bound to — account-management tools can add or switch accounts, changing whose data every other tool touches",update-event,4,Update an existing calendar event with recurring event modification scope support.,,none,
calendar:real,calendar system,connected-account-config,4,"mutable state: which calendar accounts the server is bound to — account-management tools can add or switch accounts, changing whose data every other tool touches",delete-event,5,Delete a calendar event.,,none,
calendar:real,calendar system,connected-account-config,4,"mutable state: which calendar accounts the server is bound to — account-management tools can add or switch accounts, changing whose data every other tool touches",get-freebusy,3,Query free/busy information for calendars. Note: Time range is limited to a maximum of 3 months between timeMin and timeMax.,,none,
calendar:real,calendar system,connected-account-config,4,"mutable state: which calendar accounts the server is bound to — account-management tools can add or switch accounts, changing whose data every other tool touches",get-current-time,1,"Get the current date and time. Call this FIRST before creating, updating, or searching for events to ensure you have accurate date context for scheduling.",,none,
calendar:real,calendar system,connected-account-config,4,"mutable state: which calendar accounts the server is bound to — account-management tools can add or switch accounts, changing whose data every other tool touches",respond-to-event,5,"Respond to a calendar event invitation with Accept, Decline, Maybe (Tentative), or No Response.",,none,
calendar:real,calendar system,connected-account-config,4,"mutable state: which calendar accounts the server is bound to — account-management tools can add or switch accounts, changing whose data every other tool touches",manage-accounts,5,"Manage Google account authentication. Actions: 'list' (show accounts), 'add' (authenticate new account), 'remove' (remove account).",5,b,100.0
calendar:real,calendar system,free-busy-availability,5,"cross-user availability (free/busy) data — reveals when, how often and with whom every queried attendee meets (schedule surveillance)",list-calendars,2,List all available calendars,,none,
calendar:real,calendar system,free-busy-availability,5,"cross-user availability (free/busy) data — reveals when, how often and with whom every queried attendee meets (schedule surveillance)",list-events,3,List events from one or more calendars. Supports both calendar IDs and calendar names.,3,none,45.0
calendar:real,calendar system,free-busy-availability,5,"cross-user availability (free/busy) data — reveals when, how often and with whom every queried attendee meets (schedule surveillance)",search-events,3,Search for events in a calendar by text query.,3,none,45.0
calendar:real,calendar system,free-busy-availability,5,"cross-user availability (free/busy) data — reveals when, how often and with whom every queried attendee meets (schedule surveillance)",get-event,3,Get details of a specific event by ID.,,none,
calendar:real,calendar system,free-busy-availability,5,"cross-user availability (free/busy) data — reveals when, how often and with whom every queried attendee meets (schedule surveillance)",list-colors,2,List available color IDs and their meanings for calendar events,,none,
calendar:real,calendar system,free-busy-availability,5,"cross-user availability (free/busy) data — reveals when, how often and with whom every queried attendee meets (schedule surveillance)",create-event,4,Create a new calendar event.,,none,
calendar:real,calendar system,free-busy-availability,5,"cross-user availability (free/busy) data — reveals when, how often and with whom every queried attendee meets (schedule surveillance)",create-events,5,"Create multiple calendar events in bulk. Accepts shared defaults (account, calendarId, timeZone) that apply to all events, with per-event overrides. Skips conflict and duplicate detection for speed.",,none,
calendar:real,calendar system,free-busy-availability,5,"cross-user availability (free/busy) data — reveals when, how often and with whom every queried attendee meets (schedule surveillance)",update-event,4,Update an existing calendar event with recurring event modification scope support.,,none,
calendar:real,calendar system,free-busy-availability,5,"cross-user availability (free/busy) data — reveals when, how often and with whom every queried attendee meets (schedule surveillance)",delete-event,5,Delete a calendar event.,,none,
calendar:real,calendar system,free-busy-availability,5,"cross-user availability (free/busy) data — reveals when, how often and with whom every queried attendee meets (schedule surveillance)",get-freebusy,3,Query free/busy information for calendars. Note: Time range is limited to a maximum of 3 months between timeMin and timeMax.,3,none,45.0
calendar:real,calendar system,free-busy-availability,5,"cross-user availability (free/busy) data — reveals when, how often and with whom every queried attendee meets (schedule surveillance)",get-current-time,1,"Get the current date and time. Call this FIRST before creating, updating, or searching for events to ensure you have accurate date context for scheduling.",,none,
calendar:real,calendar system,free-busy-availability,5,"cross-user availability (free/busy) data — reveals when, how often and with whom every queried attendee meets (schedule surveillance)",respond-to-event,5,"Respond to a calendar event invitation with Accept, Decline, Maybe (Tentative), or No Response.",,none,
calendar:real,calendar system,free-busy-availability,5,"cross-user availability (free/busy) data — reveals when, how often and with whom every queried attendee meets (schedule surveillance)",manage-accounts,5,"Manage Google account authentication. Actions: 'list' (show accounts), 'add' (authenticate new account), 'remove' (remove account).",,none,
calendar:real,calendar system,calendar-directory,4,"the calendar catalog — which calendars exist and their names; listing it maps out where executive, recruiting or team schedules live",list-calendars,2,List all available calendars,2,none,16.0
calendar:real,calendar system,calendar-directory,4,"the calendar catalog — which calendars exist and their names; listing it maps out where executive, recruiting or team schedules live",list-events,3,List events from one or more calendars. Supports both calendar IDs and calendar names.,,none,
calendar:real,calendar system,calendar-directory,4,"the calendar catalog — which calendars exist and their names; listing it maps out where executive, recruiting or team schedules live",search-events,3,Search for events in a calendar by text query.,,none,
calendar:real,calendar system,calendar-directory,4,"the calendar catalog — which calendars exist and their names; listing it maps out where executive, recruiting or team schedules live",get-event,3,Get details of a specific event by ID.,,none,
calendar:real,calendar system,calendar-directory,4,"the calendar catalog — which calendars exist and their names; listing it maps out where executive, recruiting or team schedules live",list-colors,2,List available color IDs and their meanings for calendar events,,none,
calendar:real,calendar system,calendar-directory,4,"the calendar catalog — which calendars exist and their names; listing it maps out where executive, recruiting or team schedules live",create-event,4,Create a new calendar event.,,none,
calendar:real,calendar system,calendar-directory,4,"the calendar catalog — which calendars exist and their names; listing it maps out where executive, recruiting or team schedules live",create-events,5,"Create multiple calendar events in bulk. Accepts shared defaults (account, calendarId, timeZone) that apply to all events, with per-event overrides. Skips conflict and duplicate detection for speed.",,none,
calendar:real,calendar system,calendar-directory,4,"the calendar catalog — which calendars exist and their names; listing it maps out where executive, recruiting or team schedules live",update-event,4,Update an existing calendar event with recurring event modification scope support.,,none,
calendar:real,calendar system,calendar-directory,4,"the calendar catalog — which calendars exist and their names; listing it maps out where executive, recruiting or team schedules live",delete-event,5,Delete a calendar event.,,none,
calendar:real,calendar system,calendar-directory,4,"the calendar catalog — which calendars exist and their names; listing it maps out where executive, recruiting or team schedules live",get-freebusy,3,Query free/busy information for calendars. Note: Time range is limited to a maximum of 3 months between timeMin and timeMax.,,none,
calendar:real,calendar system,calendar-directory,4,"the calendar catalog — which calendars exist and their names; listing it maps out where executive, recruiting or team schedules live",get-current-time,1,"Get the current date and time. Call this FIRST before creating, updating, or searching for events to ensure you have accurate date context for scheduling.",,none,
calendar:real,calendar system,calendar-directory,4,"the calendar catalog — which calendars exist and their names; listing it maps out where executive, recruiting or team schedules live",respond-to-event,5,"Respond to a calendar event invitation with Accept, Decline, Maybe (Tentative), or No Response.",,none,
calendar:real,calendar system,calendar-directory,4,"the calendar catalog — which calendars exist and their names; listing it maps out where executive, recruiting or team schedules live",manage-accounts,5,"Manage Google account authentication. Actions: 'list' (show accounts), 'add' (authenticate new account), 'remove' (remove account).",,none,
calendar:real,calendar system,color-catalog,3,(auto-generated asset to home an uncovered tool; description not persisted),list-calendars,2,List all available calendars,,none,
calendar:real,calendar system,color-catalog,3,(auto-generated asset to home an uncovered tool; description not persisted),list-events,3,List events from one or more calendars. Supports both calendar IDs and calendar names.,,none,
calendar:real,calendar system,color-catalog,3,(auto-generated asset to home an uncovered tool; description not persisted),search-events,3,Search for events in a calendar by text query.,,none,
calendar:real,calendar system,color-catalog,3,(auto-generated asset to home an uncovered tool; description not persisted),get-event,3,Get details of a specific event by ID.,,none,
calendar:real,calendar system,color-catalog,3,(auto-generated asset to home an uncovered tool; description not persisted),list-colors,2,List available color IDs and their meanings for calendar events,1,none,6.0
calendar:real,calendar system,color-catalog,3,(auto-generated asset to home an uncovered tool; description not persisted),create-event,4,Create a new calendar event.,,none,
calendar:real,calendar system,color-catalog,3,(auto-generated asset to home an uncovered tool; description not persisted),create-events,5,"Create multiple calendar events in bulk. Accepts shared defaults (account, calendarId, timeZone) that apply to all events, with per-event overrides. Skips conflict and duplicate detection for speed.",,none,
calendar:real,calendar system,color-catalog,3,(auto-generated asset to home an uncovered tool; description not persisted),update-event,4,Update an existing calendar event with recurring event modification scope support.,,none,
calendar:real,calendar system,color-catalog,3,(auto-generated asset to home an uncovered tool; description not persisted),delete-event,5,Delete a calendar event.,,none,
calendar:real,calendar system,color-catalog,3,(auto-generated asset to home an uncovered tool; description not persisted),get-freebusy,3,Query free/busy information for calendars. Note: Time range is limited to a maximum of 3 months between timeMin and timeMax.,,none,
calendar:real,calendar system,color-catalog,3,(auto-generated asset to home an uncovered tool; description not persisted),get-current-time,1,"Get the current date and time. Call this FIRST before creating, updating, or searching for events to ensure you have accurate date context for scheduling.",,none,
calendar:real,calendar system,color-catalog,3,(auto-generated asset to home an uncovered tool; description not persisted),respond-to-event,5,"Respond to a calendar event invitation with Accept, Decline, Maybe (Tentative), or No Response.",,none,
calendar:real,calendar system,color-catalog,3,(auto-generated asset to home an uncovered tool; description not persisted),manage-accounts,5,"Manage Google account authentication. Actions: 'list' (show accounts), 'add' (authenticate new account), 'remove' (remove account).",,none,
calendar:real,calendar system,calendar-records,4,(auto-generated asset to home an uncovered tool; description not persisted),list-calendars,2,List all available calendars,,none,
calendar:real,calendar system,calendar-records,4,(auto-generated asset to home an uncovered tool; description not persisted),list-events,3,List events from one or more calendars. Supports both calendar IDs and calendar names.,4,none,48.0
calendar:real,calendar system,calendar-records,4,(auto-generated asset to home an uncovered tool; description not persisted),search-events,3,Search for events in a calendar by text query.,3,none,36.0
calendar:real,calendar system,calendar-records,4,(auto-generated asset to home an uncovered tool; description not persisted),get-event,3,Get details of a specific event by ID.,1,none,12.0
calendar:real,calendar system,calendar-records,4,(auto-generated asset to home an uncovered tool; description not persisted),list-colors,2,List available color IDs and their meanings for calendar events,,none,
calendar:real,calendar system,calendar-records,4,(auto-generated asset to home an uncovered tool; description not persisted),create-event,4,Create a new calendar event.,,none,
calendar:real,calendar system,calendar-records,4,(auto-generated asset to home an uncovered tool; description not persisted),create-events,5,"Create multiple calendar events in bulk. Accepts shared defaults (account, calendarId, timeZone) that apply to all events, with per-event overrides. Skips conflict and duplicate detection for speed.",,none,
calendar:real,calendar system,calendar-records,4,(auto-generated asset to home an uncovered tool; description not persisted),update-event,4,Update an existing calendar event with recurring event modification scope support.,,none,
calendar:real,calendar system,calendar-records,4,(auto-generated asset to home an uncovered tool; description not persisted),delete-event,5,Delete a calendar event.,,none,
calendar:real,calendar system,calendar-records,4,(auto-generated asset to home an uncovered tool; description not persisted),get-freebusy,3,Query free/busy information for calendars. Note: Time range is limited to a maximum of 3 months between timeMin and timeMax.,3,none,36.0
calendar:real,calendar system,calendar-records,4,(auto-generated asset to home an uncovered tool; description not persisted),get-current-time,1,"Get the current date and time. Call this FIRST before creating, updating, or searching for events to ensure you have accurate date context for scheduling.",,none,
calendar:real,calendar system,calendar-records,4,(auto-generated asset to home an uncovered tool; description not persisted),respond-to-event,5,"Respond to a calendar event invitation with Accept, Decline, Maybe (Tentative), or No Response.",,none,
calendar:real,calendar system,calendar-records,4,(auto-generated asset to home an uncovered tool; description not persisted),manage-accounts,5,"Manage Google account authentication. Actions: 'list' (show accounts), 'add' (authenticate new account), 'remove' (remove account).",,none,
calendar:real,calendar system,account-directory,5,(auto-generated asset to home an uncovered tool; description not persisted),list-calendars,2,List all available calendars,,none,
calendar:real,calendar system,account-directory,5,(auto-generated asset to home an uncovered tool; description not persisted),list-events,3,List events from one or more calendars. Supports both calendar IDs and calendar names.,,none,
calendar:real,calendar system,account-directory,5,(auto-generated asset to home an uncovered tool; description not persisted),search-events,3,Search for events in a calendar by text query.,,none,
calendar:real,calendar system,account-directory,5,(auto-generated asset to home an uncovered tool; description not persisted),get-event,3,Get details of a specific event by ID.,,none,
calendar:real,calendar system,account-directory,5,(auto-generated asset to home an uncovered tool; description not persisted),list-colors,2,List available color IDs and their meanings for calendar events,,none,
calendar:real,calendar system,account-directory,5,(auto-generated asset to home an uncovered tool; description not persisted),create-event,4,Create a new calendar event.,,none,
calendar:real,calendar system,account-directory,5,(auto-generated asset to home an uncovered tool; description not persisted),create-events,5,"Create multiple calendar events in bulk. Accepts shared defaults (account, calendarId, timeZone) that apply to all events, with per-event overrides. Skips conflict and duplicate detection for speed.",,none,
calendar:real,calendar system,account-directory,5,(auto-generated asset to home an uncovered tool; description not persisted),update-event,4,Update an existing calendar event with recurring event modification scope support.,,none,
calendar:real,calendar system,account-directory,5,(auto-generated asset to home an uncovered tool; description not persisted),delete-event,5,Delete a calendar event.,,none,
calendar:real,calendar system,account-directory,5,(auto-generated asset to home an uncovered tool; description not persisted),get-freebusy,3,Query free/busy information for calendars. Note: Time range is limited to a maximum of 3 months between timeMin and timeMax.,,none,
calendar:real,calendar system,account-directory,5,(auto-generated asset to home an uncovered tool; description not persisted),get-current-time,1,"Get the current date and time. Call this FIRST before creating, updating, or searching for events to ensure you have accurate date context for scheduling.",,none,
calendar:real,calendar system,account-directory,5,(auto-generated asset to home an uncovered tool; description not persisted),respond-to-event,5,"Respond to a calendar event invitation with Accept, Decline, Maybe (Tentative), or No Response.",,none,
calendar:real,calendar system,account-directory,5,(auto-generated asset to home an uncovered tool; description not persisted),manage-accounts,5,"Manage Google account authentication. Actions: 'list' (show accounts), 'add' (authenticate new account), 'remove' (remove account).",4,none,100.0
